-- Adminer 4.6.3 MySQL dump

SET NAMES utf8;
SET time_zone = '+00:00';
SET foreign_key_checks = 0;
SET sql_mode = 'NO_AUTO_VALUE_ON_ZERO';

USE `TheGilu`;

CREATE TABLE `customer_info_tab` (
  `customer_info_id` int(255) unsigned NOT NULL AUTO_INCREMENT,
  `cname` varchar(5000) CHARACTER SET utf8 COLLATE utf8_unicode_ci DEFAULT NULL,
  `state` varchar(5000) CHARACTER SET utf8 COLLATE utf8_unicode_ci DEFAULT NULL,
  `city` varchar(5000) CHARACTER SET utf8 COLLATE utf8_unicode_ci DEFAULT NULL,
  `location` varchar(5000) CHARACTER SET utf8 COLLATE utf8_unicode_ci DEFAULT NULL,
  `phone` varchar(500) CHARACTER SET utf8 COLLATE utf8_unicode_ci DEFAULT NULL,
  `address` varchar(1000) CHARACTER SET utf8 COLLATE utf8_unicode_ci DEFAULT NULL,
  `pic` longtext CHARACTER SET utf8 COLLATE utf8_unicode_ci,
  `cpin` int(11) DEFAULT NULL,
  `user_id` int(10) DEFAULT NULL,
  `created_at` timestamp NOT NULL DEFAULT CURRENT_TIMESTAMP,
  `updated_at` timestamp NULL DEFAULT NULL,
  PRIMARY KEY (`customer_info_id`)
) ENGINE=InnoDB AUTO_INCREMENT=29 DEFAULT CHARSET=utf8 COLLATE=utf8_unicode_ci;

INSERT INTO `customer_info_tab` (`customer_info_id`, `cname`, `state`, `city`, `location`, `phone`, `address`, `pic`, `cpin`, `user_id`, `created_at`, `updated_at`) VALUES
(1,	'Beeru',	'Bihar',	'Bhagalpur',	NULL,	NULL,	'sjkdfhk',	NULL,	812007,	37,	'2018-11-14 07:43:36',	NULL),
(2,	'Your Name',	'Bihar',	'Bhagalpur',	'location',	NULL,	'Your Address',	'',	812001,	63,	'2019-01-11 13:15:35',	NULL),
(4,	'Your Name',	'Bihar',	'Bhagalpur',	'location',	NULL,	'Your Address',	'',	812001,	78,	'2019-01-13 17:15:33',	NULL),
(5,	'Your Name',	'Bihar',	'Bhagalpur',	'location',	NULL,	'Your Address',	'',	812001,	83,	'2019-01-15 03:32:45',	NULL),
(24,	'Your Name',	'Bihar',	'Bhagalpur',	'location',	NULL,	'Your Address',	'',	812001,	77,	'2019-01-13 17:11:19',	NULL),
(26,	'Your Name',	'Bihar',	'Bhagalpur',	'location',	NULL,	'Your Address',	'',	812001,	85,	'2019-01-21 10:14:18',	NULL),
(27,	'Your Name',	'Bihar',	'Bhagalpur',	'location',	NULL,	'Your Address',	'',	812001,	103,	'2019-01-25 18:32:33',	NULL),
(28,	'Your Name',	'Bihar',	'Bhagalpur',	'location',	NULL,	'Your Address',	'',	812001,	106,	'2019-01-28 07:38:32',	NULL);

CREATE TABLE `gro_cart_tab` (
  `gro_cart_id` int(255) unsigned NOT NULL AUTO_INCREMENT,
  `real_amt` float NOT NULL,
  `offer_amt` float NOT NULL,
  `paid_amt` float NOT NULL,
  `customer_info_id` int(255) unsigned NOT NULL,
  `status` int(10) unsigned NOT NULL DEFAULT '0',
  `order_address` longtext CHARACTER SET utf8 COLLATE utf8_unicode_ci NOT NULL,
  `pinCode` varchar(22) CHARACTER SET utf8 COLLATE utf8_unicode_ci DEFAULT NULL,
  `mobile` varchar(22) CHARACTER SET utf8 COLLATE utf8_unicode_ci DEFAULT NULL,
  `gro_shop_info_id` int(224) NOT NULL,
  `rating` float NOT NULL DEFAULT '0',
  `feedback` varchar(5000) CHARACTER SET utf8 COLLATE utf8_unicode_ci NOT NULL DEFAULT 'No Feedback',
  `created_at` timestamp NOT NULL DEFAULT CURRENT_TIMESTAMP,
  `updated_at` timestamp NULL DEFAULT NULL,
  PRIMARY KEY (`gro_cart_id`)
) ENGINE=InnoDB AUTO_INCREMENT=46 DEFAULT CHARSET=utf8 COLLATE=utf8_unicode_ci;

INSERT INTO `gro_cart_tab` (`gro_cart_id`, `real_amt`, `offer_amt`, `paid_amt`, `customer_info_id`, `status`, `order_address`, `pinCode`, `mobile`, `gro_shop_info_id`, `rating`, `feedback`, `created_at`, `updated_at`) VALUES
(1,	500,	0,	0,	1,	0,	'Bhagalpur,Bihar',	NULL,	NULL,	1,	4.5,	'No Feedback',	'2018-11-14 06:50:36',	NULL),
(2,	100,	0,	100,	1,	1,	'godda ',	NULL,	NULL,	1,	3.6,	'No Feedback',	'2018-11-14 07:53:07',	'2018-11-14 07:53:07'),
(3,	255,	10,	245,	24,	0,	'at - Bhahalpur gro_shop_info_id',	NULL,	NULL,	1,	0,	'No Feedback',	'2019-01-13 19:10:53',	NULL),
(4,	255,	10,	245,	24,	0,	'at - Bhahalpur gro_shop_info_id',	NULL,	NULL,	1,	0,	'No Feedback',	'2019-01-13 19:13:57',	NULL),
(5,	255,	10,	245,	24,	0,	'at - Bhahalpur gro_shop_info_id',	NULL,	NULL,	1,	0,	'No Feedback',	'2019-01-13 19:14:13',	NULL),
(6,	255,	10,	245,	24,	0,	'at - Bhahalpur gro_shop_info_id',	NULL,	NULL,	1,	0,	'No Feedback',	'2019-01-13 19:23:27',	NULL),
(7,	255,	10,	245,	24,	0,	'at - Bhahalpur gro_shop_info_id',	NULL,	NULL,	1,	0,	'No Feedback',	'2019-01-13 19:24:22',	NULL),
(8,	255,	10,	245,	24,	0,	'at - Bhahalpur gro_shop_info_id',	NULL,	NULL,	1,	0,	'No Feedback',	'2019-01-13 19:25:10',	NULL),
(9,	552,	10,	542,	24,	0,	'at - Bhahalpur gro_shop_info_id',	NULL,	NULL,	1,	0,	'No Feedback',	'2019-01-13 23:09:22',	NULL),
(10,	85,	10,	75,	24,	0,	'at - Bhahalpur gro_shop_info_id',	NULL,	NULL,	1,	0,	'No Feedback',	'2019-01-14 03:02:36',	NULL),
(11,	85,	10,	75,	24,	0,	'at - Bhahalpur gro_shop_info_id',	NULL,	NULL,	1,	0,	'No Feedback',	'2019-01-14 03:02:48',	NULL),
(12,	85,	10,	75,	24,	0,	'at - Bhahalpur gro_shop_info_id',	NULL,	NULL,	1,	0,	'No Feedback',	'2019-01-14 03:02:49',	NULL),
(13,	85,	10,	35,	24,	2,	'at - Bhahalpur gro_shop_info_id',	NULL,	NULL,	6,	0,	'No Feedback',	'2019-01-14 03:03:43',	NULL),
(14,	255,	10,	250,	24,	2,	'at - Bhahalpur gro_shop_info_id',	NULL,	NULL,	5,	0,	'No Feedback',	'2019-01-14 08:37:25',	NULL),
(15,	255,	10,	100,	24,	2,	'at - Bhahalpur gro_shop_info_id',	NULL,	NULL,	5,	0,	'No Feedback',	'2019-01-14 08:37:26',	NULL),
(16,	255,	10,	245,	24,	0,	'at - Bhahalpur gro_shop_info_id',	NULL,	NULL,	1,	0,	'No Feedback',	'2019-01-14 08:38:51',	NULL),
(17,	255,	10,	245,	24,	0,	'at - Bhahalpur gro_shop_info_id',	NULL,	NULL,	1,	0,	'No Feedback',	'2019-01-14 08:41:51',	NULL),
(18,	255,	10,	245,	24,	0,	'at - Bhahalpur gro_shop_info_id',	NULL,	NULL,	1,	0,	'No Feedback',	'2019-01-14 08:55:51',	NULL),
(19,	368,	10,	358,	24,	0,	'at - Bhahalpur gro_shop_info_id',	NULL,	NULL,	1,	0,	'No Feedback',	'2019-01-14 14:21:42',	NULL),
(20,	552,	10,	542,	24,	1,	'at - Bhahalpur gro_shop_info_id',	NULL,	NULL,	5,	0,	'No Feedback',	'2019-01-14 17:24:51',	NULL),
(21,	552,	10,	542,	24,	2,	'at - Bhahalpur gro_shop_info_id',	NULL,	NULL,	5,	0,	'No Feedback',	'2019-01-14 17:25:02',	NULL),
(22,	552,	10,	542,	24,	1,	'at - Bhahalpur gro_shop_info_id',	NULL,	NULL,	5,	0,	'No Feedback',	'2019-01-14 17:25:09',	NULL),
(23,	0,	10,	-10,	24,	1,	'at - Bhahalpur gro_shop_info_id',	NULL,	NULL,	5,	0,	'No Feedback',	'2019-01-14 17:27:29',	NULL),
(24,	396,	10,	386,	24,	1,	'at - Bhahalpur gro_shop_info_id',	NULL,	NULL,	5,	0,	'No Feedback',	'2019-01-14 17:32:10',	NULL),
(25,	453,	10,	443,	24,	1,	'at - Bhahalpur gro_shop_info_id',	NULL,	NULL,	5,	0,	'No Feedback',	'2019-01-14 18:11:12',	NULL),
(26,	85,	10,	75,	63,	0,	'at - Bhahalpur gro_shop_info_id',	NULL,	NULL,	5,	0,	'No Feedback',	'2019-01-14 18:29:26',	NULL),
(27,	85,	10,	75,	83,	0,	'at - Bhahalpur gro_shop_info_id',	NULL,	NULL,	6,	0,	'No Feedback',	'2019-01-15 10:11:20',	NULL),
(28,	340,	10,	330,	63,	0,	'at - Bhahalpur gro_shop_info_id',	NULL,	NULL,	6,	0,	'No Feedback',	'2019-01-19 16:18:55',	NULL),
(29,	85,	10,	75,	85,	0,	'at - Bhahalpur gro_shop_info_id',	NULL,	NULL,	6,	0,	'No Feedback',	'2019-01-22 03:14:24',	NULL),
(30,	255,	10,	245,	85,	0,	'at - Bhahalpur gro_shop_info_id',	NULL,	NULL,	6,	0,	'No Feedback',	'2019-01-22 03:32:09',	NULL),
(31,	255,	10,	24,	2,	2,	'Name : undefined ,Address :- undefined , undefined , undefined , undefined',	NULL,	NULL,	6,	0,	'No Feedback',	'2019-01-22 03:59:41',	NULL),
(32,	170,	10,	160,	2,	2,	'Name : undefined ,Address :- undefined , undefined , undefined , undefined',	NULL,	NULL,	6,	0,	'No Feedback',	'2019-01-22 10:50:43',	NULL),
(33,	85,	10,	75,	26,	1,	'Name : undefined ,Address :- undefined , undefined , undefined , undefined',	NULL,	NULL,	6,	0,	'No Feedback',	'2019-01-22 11:09:28',	NULL),
(34,	85,	10,	75,	26,	2,	'Name :  ,Address :- 23 , Bhagalpur , Bihar , 889345',	NULL,	NULL,	6,	0,	'No Feedback',	'2019-01-22 11:10:53',	NULL),
(35,	1320,	10,	80,	2,	0,	'Name : undefined ,Address :- undefined , undefined , undefined , undefined',	NULL,	NULL,	5,	0,	'No Feedback',	'2019-01-23 09:01:27',	NULL),
(36,	552,	10,	100,	2,	0,	'Name : undefined ,Address :- undefined , undefined , undefined , undefined',	NULL,	NULL,	5,	0,	'No Feedback',	'2019-01-23 15:43:08',	NULL),
(37,	1693,	10,	0,	26,	2,	'Name : undefined ,Address :- undefined , undefined , undefined , undefined',	NULL,	NULL,	5,	0,	'No Feedback',	'2019-01-25 05:25:16',	NULL),
(38,	85,	10,	65,	26,	2,	'Name : undefined ,Address :- Some h , undefined , undefined , undefined',	NULL,	NULL,	6,	0,	'No Feedback',	'2019-01-25 09:58:05',	NULL),
(39,	833,	10,	0,	26,	2,	'Name :  ,Address :- 23 , Bhagalpur , Bihar , 889345',	NULL,	NULL,	6,	0,	'No Feedback',	'2019-01-25 10:12:33',	NULL),
(40,	85,	10,	0,	26,	1,	'Name :  ,Address :- 23 , Bhagalpur , Bihar , 889345',	NULL,	NULL,	6,	0,	'No Feedback',	'2019-01-25 17:04:42',	NULL),
(41,	833,	10,	0,	26,	1,	'Name :  ,Address :- 23 , Bhagalpur , Bihar , 889345',	NULL,	NULL,	6,	0,	'No Feedback',	'2019-01-26 17:09:19',	NULL),
(42,	1074,	10,	500,	2,	0,	'Name :  ,Address :- 23 , Bhagalpur , Bihar , 889345',	NULL,	NULL,	5,	0,	'Hello',	'2019-01-27 19:38:38',	NULL),
(43,	3213,	10,	0,	28,	1,	'Name : undefined ,Address :- undefined , undefined , undefined , undefined',	NULL,	NULL,	6,	0,	'No Feedback',	'2019-01-28 07:43:43',	NULL),
(44,	4233,	10,	0,	2,	1,	'Name : undefined ,Address :- undefined , undefined , undefined , undefined',	NULL,	NULL,	6,	0,	'No Feedback',	'2019-01-28 10:55:20',	NULL),
(45,	1438,	10,	908,	2,	1,	'Name :  ,Address :- 23 , Bhagalpur , Bihar , 889345',	NULL,	NULL,	5,	5,	'Your product are goid',	'2019-01-28 11:04:38',	NULL);

CREATE TABLE `gro_cat_tab` (
  `gro_cat_id` int(255) unsigned NOT NULL AUTO_INCREMENT,
  `gro_cat_name` varchar(5000) CHARACTER SET utf8 COLLATE utf8_unicode_ci NOT NULL,
  `pic` longtext CHARACTER SET utf8 COLLATE utf8_unicode_ci NOT NULL,
  `created_at` timestamp NOT NULL DEFAULT CURRENT_TIMESTAMP,
  `updated_at` timestamp NULL DEFAULT NULL,
  PRIMARY KEY (`gro_cat_id`)
) ENGINE=InnoDB AUTO_INCREMENT=11 DEFAULT CHARSET=utf8 COLLATE=utf8_unicode_ci;

INSERT INTO `gro_cat_tab` (`gro_cat_id`, `gro_cat_name`, `pic`, `created_at`, `updated_at`) VALUES
(2,	'Food Products, Beverages & More',	'',	'2018-09-12 05:56:21',	NULL),
(3,	'Beauty & Personal Care Range',	'',	'2018-09-12 05:56:21',	NULL),
(4,	'Health & Nutrition Supplements',	'',	'2018-09-12 05:56:21',	NULL),
(5,	'Baby Care & Maternity Products',	'',	'2018-09-12 05:56:21',	NULL),
(6,	'Sports Nutrition & Supplements',	'',	'2018-09-12 05:56:21',	NULL),
(7,	'Pet Care Range',	'',	'2018-09-12 05:56:21',	NULL),
(8,	'Daily Use',	'',	'2018-10-17 16:41:22',	NULL),
(9,	'Patanjali products',	'',	'2018-10-17 16:41:48',	NULL),
(10,	'Vegetables',	'',	'2019-01-28 02:47:19',	NULL);

CREATE TABLE `gro_lot_tab` (
  `gro_lot_id` int(255) unsigned NOT NULL AUTO_INCREMENT,
  `total_price` float NOT NULL,
  `offer_amt` float NOT NULL,
  `paid_amt` float NOT NULL,
  `status` int(10) unsigned NOT NULL DEFAULT '0',
  `created_at` timestamp NOT NULL DEFAULT CURRENT_TIMESTAMP,
  `updated_at` timestamp NULL DEFAULT NULL,
  PRIMARY KEY (`gro_lot_id`)
) ENGINE=InnoDB DEFAULT CHARSET=utf8 COLLATE=utf8_unicode_ci;


CREATE TABLE `gro_map_tab` (
  `gro_map_id` int(224) NOT NULL AUTO_INCREMENT,
  `gro_cat_id` int(254) NOT NULL,
  `gro_subcat_id` int(254) NOT NULL,
  `gro_produt_list_id` int(254) NOT NULL,
  `unit_id` int(254) NOT NULL,
  `price` int(254) NOT NULL,
  `menu_id` varchar(100) NOT NULL,
  `quantity` int(255) NOT NULL,
  PRIMARY KEY (`gro_map_id`)
) ENGINE=InnoDB AUTO_INCREMENT=1378 DEFAULT CHARSET=latin1;

INSERT INTO `gro_map_tab` (`gro_map_id`, `gro_cat_id`, `gro_subcat_id`, `gro_produt_list_id`, `unit_id`, `price`, `menu_id`, `quantity`) VALUES
(1,	3,	23,	2,	4,	85,	'1',	750),
(2,	3,	23,	2,	4,	85,	'1',	750),
(3,	3,	23,	3,	4,	99,	'1',	750),
(4,	3,	17,	4,	3,	74,	'1',	200),
(5,	3,	17,	5,	3,	115,	'1',	300),
(6,	3,	17,	6,	3,	72,	'1',	150),
(7,	3,	17,	7,	3,	88,	'1',	140),
(8,	3,	17,	8,	3,	85,	'1',	150),
(9,	3,	17,	9,	3,	173,	'1',	140),
(10,	3,	17,	10,	3,	80,	'1',	200),
(11,	3,	20,	11,	4,	279,	'1',	675),
(12,	3,	20,	12,	4,	279,	'1',	675),
(13,	3,	20,	13,	4,	242,	'1',	340),
(14,	3,	20,	14,	4,	194,	'1',	340),
(15,	3,	19,	14,	4,	127,	'1',	150),
(16,	3,	19,	14,	4,	134,	'1',	150),
(17,	3,	19,	14,	4,	134,	'1',	150),
(18,	3,	19,	14,	4,	179,	'1',	150),
(19,	3,	19,	14,	4,	171,	'1',	150),
(20,	3,	19,	14,	4,	151,	'1',	150),
(21,	3,	19,	14,	4,	175,	'1',	150),
(22,	3,	19,	14,	4,	202,	'1',	120),
(23,	3,	19,	14,	4,	144,	'1',	150),
(24,	3,	19,	14,	4,	162,	'1',	150),
(25,	3,	24,	15,	7,	330,	'1',	28),
(26,	3,	24,	16,	7,	351,	'1',	54),
(27,	3,	22,	17,	4,	139,	'1',	150),
(28,	3,	22,	18,	4,	111,	'1',	100),
(29,	3,	22,	19,	3,	167,	'1',	100),
(30,	3,	28,	20,	3,	158,	'1',	100),
(31,	3,	22,	20,	3,	60,	'1',	50),
(32,	3,	22,	20,	3,	144,	'1',	100),
(33,	3,	22,	20,	3,	79,	'1',	50),
(34,	3,	20,	21,	4,	152,	'1',	250),
(35,	3,	20,	22,	4,	176,	'1',	250),
(36,	3,	20,	23,	4,	158,	'1',	250),
(37,	3,	20,	24,	4,	179,	'1',	250),
(38,	3,	20,	25,	4,	179,	'1',	250),
(39,	3,	20,	26,	4,	70,	'1',	175),
(40,	3,	20,	27,	4,	162,	'1',	180),
(41,	3,	18,	28,	4,	174,	'1',	250),
(42,	3,	24,	29,	7,	276,	'1',	30),
(43,	3,	18,	30,	4,	167,	'1',	900),
(44,	3,	18,	31,	3,	43,	'1',	125),
(45,	3,	18,	32,	3,	50,	'1',	125),
(46,	3,	18,	33,	3,	24,	'1',	150),
(47,	3,	30,	34,	3,	113,	'1',	100),
(48,	3,	30,	35,	3,	113,	'1',	100),
(49,	3,	23,	36,	6,	334,	'1',	1),
(50,	3,	18,	37,	6,	170,	'1',	1),
(51,	3,	18,	38,	6,	149,	'1',	1),
(52,	3,	18,	39,	6,	96,	'1',	1),
(53,	3,	30,	40,	6,	340,	'1',	1),
(54,	3,	30,	41,	6,	340,	'1',	1),
(55,	2,	10,	42,	6,	75,	'1',	1),
(56,	2,	10,	43,	3,	64,	'1',	300),
(57,	2,	15,	44,	3,	85,	'1',	292),
(58,	2,	15,	45,	3,	106,	'1',	950),
(59,	2,	15,	46,	1,	69,	'1',	1),
(60,	2,	15,	47,	3,	99,	'1',	950),
(61,	2,	15,	48,	3,	145,	'1',	900),
(62,	2,	15,	49,	3,	159,	'1',	700),
(63,	2,	15,	50,	3,	122,	'1',	500),
(64,	2,	15,	51,	3,	243,	'1',	800),
(65,	2,	15,	52,	1,	121,	'1',	1),
(66,	2,	10,	53,	3,	81,	'1',	500),
(67,	2,	10,	54,	3,	81,	'1',	500),
(68,	2,	10,	55,	3,	81,	'1',	500),
(69,	2,	10,	56,	3,	140,	'1',	500),
(70,	2,	10,	56,	3,	24,	'1',	150),
(71,	2,	10,	57,	3,	47,	'1',	400),
(72,	2,	10,	58,	3,	149,	'1',	900),
(73,	2,	10,	59,	3,	66,	'1',	875),
(74,	2,	10,	60,	3,	45,	'1',	430),
(75,	2,	10,	61,	3,	262,	'1',	290),
(76,	2,	15,	61,	3,	62,	'1',	250),
(77,	2,	10,	62,	3,	33,	'1',	65),
(78,	2,	10,	63,	3,	33,	'1',	65),
(79,	2,	15,	63,	3,	71,	'1',	250),
(80,	2,	10,	64,	3,	183,	'1',	500),
(81,	2,	10,	64,	3,	30,	'1',	240),
(82,	2,	10,	65,	3,	10,	'1',	70),
(83,	2,	10,	66,	3,	10,	'1',	70),
(84,	2,	10,	67,	3,	10,	'1',	70),
(85,	2,	15,	68,	1,	70,	'1',	1),
(86,	2,	15,	69,	3,	68,	'1',	500),
(87,	2,	15,	70,	3,	95,	'1',	700),
(88,	2,	15,	71,	3,	100,	'1',	500),
(89,	2,	15,	72,	3,	58,	'1',	225),
(90,	2,	10,	73,	3,	18,	'1',	70),
(91,	2,	10,	74,	3,	18,	'1',	64),
(92,	2,	10,	74,	3,	17,	'1',	150),
(93,	2,	10,	74,	6,	60,	'1',	1),
(94,	2,	10,	75,	6,	38,	'1',	1),
(95,	2,	10,	76,	6,	38,	'1',	1),
(96,	2,	10,	77,	6,	38,	'1',	1),
(97,	2,	15,	78,	6,	140,	'1',	1),
(98,	2,	15,	79,	6,	135,	'1',	1),
(99,	2,	15,	80,	6,	190,	'1',	1),
(100,	2,	15,	81,	6,	199,	'1',	1),
(101,	2,	15,	82,	6,	115,	'1',	1),
(102,	2,	10,	83,	6,	72,	'1',	1),
(103,	2,	10,	84,	6,	72,	'1',	1),
(104,	2,	10,	84,	6,	50,	'1',	1),
(105,	8,	63,	85,	1,	358,	'1',	2),
(106,	8,	63,	86,	1,	361,	'1',	2),
(107,	8,	63,	87,	1,	340,	'1',	2),
(108,	8,	63,	88,	1,	378,	'1',	2),
(109,	8,	63,	89,	1,	317,	'1',	2),
(110,	8,	65,	90,	3,	42,	'1',	50),
(111,	8,	65,	91,	3,	112,	'1',	200),
(112,	8,	64,	92,	2,	299,	'1',	2),
(113,	8,	64,	93,	4,	101,	'1',	425),
(114,	8,	65,	94,	7,	93,	'1',	30),
(115,	8,	67,	95,	7,	58,	'1',	1),
(116,	8,	64,	96,	6,	279,	'1',	1),
(117,	8,	64,	97,	6,	272,	'1',	1),
(118,	8,	67,	98,	7,	162,	'1',	6),
(119,	8,	67,	99,	7,	246,	'1',	1),
(120,	8,	67,	100,	7,	34,	'1',	100),
(121,	8,	66,	101,	4,	80,	'1',	250),
(122,	8,	66,	102,	4,	68,	'1',	100),
(123,	8,	65,	103,	4,	190,	'1',	860),
(124,	8,	64,	104,	2,	133,	'1',	1),
(125,	8,	64,	105,	4,	124,	'1',	750),
(126,	8,	64,	106,	4,	142,	'1',	975),
(127,	8,	64,	107,	4,	145,	'1',	975),
(128,	8,	64,	108,	4,	152,	'1',	975),
(129,	8,	66,	109,	4,	49,	'1',	45),
(130,	8,	64,	110,	6,	265,	'1',	1),
(131,	8,	64,	111,	6,	248,	'1',	1),
(132,	8,	64,	112,	6,	283,	'1',	1),
(133,	8,	64,	113,	6,	289,	'1',	1),
(134,	8,	64,	114,	6,	303,	'1',	1),
(135,	8,	66,	115,	6,	295,	'1',	1),
(136,	8,	63,	116,	1,	358,	'1',	2),
(137,	8,	63,	117,	1,	361,	'1',	2),
(138,	8,	63,	118,	1,	340,	'1',	2),
(139,	8,	63,	119,	1,	378,	'1',	2),
(140,	8,	63,	120,	1,	317,	'1',	2),
(141,	8,	65,	121,	3,	42,	'1',	50),
(142,	8,	65,	122,	3,	112,	'1',	200),
(143,	2,	1,	123,	2,	104,	'1',	1),
(144,	2,	1,	124,	2,	525,	'1',	5),
(145,	2,	5,	125,	1,	315,	'1',	10),
(146,	2,	1,	126,	2,	91,	'1',	1),
(147,	2,	1,	127,	2,	99,	'1',	1),
(148,	2,	1,	128,	2,	527,	'1',	5),
(149,	2,	1,	129,	2,	1249,	'1',	5),
(150,	2,	5,	130,	1,	389,	'1',	5),
(151,	2,	5,	131,	1,	335,	'1',	5),
(152,	2,	5,	132,	1,	351,	'1',	5),
(153,	2,	5,	133,	1,	278,	'1',	5),
(154,	2,	5,	134,	1,	275,	'1',	5),
(155,	2,	5,	135,	3,	132,	'1',	50),
(156,	2,	1,	136,	2,	1189,	'1',	2),
(157,	2,	1,	137,	2,	3111,	'1',	5),
(158,	2,	1,	138,	2,	825,	'1',	1),
(159,	2,	1,	139,	2,	749,	'1',	1),
(160,	2,	1,	140,	2,	1149,	'1',	2),
(161,	2,	1,	141,	2,	1849,	'1',	5),
(162,	2,	5,	142,	3,	33,	'1',	200),
(163,	2,	8,	143,	6,	62,	'1',	1),
(164,	2,	8,	144,	3,	24,	'1',	200),
(165,	2,	12,	145,	3,	70,	'1',	500),
(166,	2,	12,	145,	3,	249,	'1',	875),
(167,	2,	12,	145,	3,	224,	'1',	800),
(168,	2,	12,	146,	1,	156,	'1',	1),
(169,	2,	12,	147,	3,	65,	'1',	400),
(170,	2,	12,	148,	1,	174,	'1',	1),
(171,	2,	12,	148,	1,	377,	'1',	1),
(172,	2,	12,	149,	3,	179,	'1',	500),
(173,	2,	12,	150,	3,	179,	'1',	500),
(174,	2,	12,	150,	1,	474,	'1',	1),
(175,	2,	12,	150,	1,	474,	'1',	1),
(176,	2,	12,	150,	3,	359,	'1',	750),
(177,	2,	12,	150,	3,	383,	'1',	750),
(178,	2,	12,	151,	3,	14,	'1',	40),
(179,	2,	16,	152,	2,	64,	'1',	1),
(180,	2,	16,	153,	2,	63,	'1',	1),
(181,	2,	16,	154,	6,	54,	'1',	1),
(182,	2,	16,	155,	6,	320,	'1',	1),
(183,	2,	16,	156,	6,	375,	'1',	1),
(184,	2,	13,	157,	3,	33,	'1',	250),
(185,	2,	13,	158,	3,	28,	'1',	200),
(186,	2,	13,	159,	3,	38,	'1',	250),
(187,	2,	13,	160,	3,	20,	'1',	200),
(188,	2,	13,	161,	3,	24,	'1',	200),
(189,	2,	13,	162,	3,	44,	'1',	200),
(190,	2,	13,	163,	3,	22,	'1',	120),
(191,	2,	13,	164,	3,	23,	'1',	120),
(192,	2,	13,	165,	3,	28,	'1',	75),
(193,	2,	13,	166,	3,	24,	'1',	100),
(194,	2,	13,	167,	3,	47,	'1',	200),
(195,	2,	13,	168,	3,	54,	'1',	200),
(196,	2,	13,	169,	3,	28,	'1',	300),
(197,	2,	13,	170,	3,	43,	'1',	500),
(198,	2,	13,	171,	3,	60,	'1',	400),
(199,	2,	13,	172,	3,	71,	'1',	400),
(200,	2,	13,	172,	3,	70,	'1',	400),
(201,	2,	13,	172,	3,	77,	'1',	400),
(202,	2,	13,	173,	3,	113,	'1',	140),
(203,	2,	13,	174,	3,	128,	'1',	137),
(204,	2,	13,	175,	3,	75,	'1',	200),
(205,	2,	13,	176,	3,	75,	'1',	200),
(206,	2,	13,	177,	3,	75,	'1',	200),
(207,	2,	13,	178,	3,	75,	'1',	200),
(208,	2,	13,	178,	3,	20,	'1',	52),
(209,	2,	13,	179,	3,	30,	'1',	250),
(210,	2,	13,	180,	3,	50,	'1',	200),
(211,	2,	13,	181,	3,	50,	'1',	200),
(212,	2,	13,	182,	3,	30,	'1',	250),
(213,	2,	13,	183,	3,	60,	'1',	200),
(214,	2,	13,	184,	3,	40,	'1',	273),
(215,	2,	13,	185,	3,	25,	'1',	150),
(216,	2,	13,	186,	3,	80,	'1',	400),
(217,	2,	13,	186,	1,	210,	'1',	1),
(218,	2,	13,	187,	3,	35,	'1',	250),
(219,	2,	13,	188,	3,	29,	'1',	120),
(220,	2,	13,	189,	3,	30,	'1',	150),
(221,	2,	13,	190,	3,	30,	'1',	75),
(222,	2,	13,	191,	3,	30,	'1',	150),
(223,	2,	13,	192,	3,	30,	'1',	75),
(224,	2,	13,	192,	3,	20,	'1',	52),
(225,	2,	13,	192,	3,	26,	'1',	75),
(226,	2,	13,	193,	3,	125,	'1',	140),
(227,	2,	13,	194,	3,	10,	'1',	50),
(228,	2,	13,	195,	3,	13,	'1',	100),
(229,	2,	13,	196,	3,	30,	'1',	200),
(230,	2,	13,	197,	3,	10,	'1',	32),
(231,	2,	13,	198,	3,	60,	'1',	800),
(232,	2,	13,	199,	3,	50,	'1',	250),
(233,	2,	13,	200,	3,	95,	'1',	400),
(234,	2,	13,	200,	3,	35,	'1',	95),
(235,	2,	13,	201,	3,	10,	'1',	32),
(236,	2,	13,	201,	3,	26,	'1',	75),
(237,	2,	13,	202,	3,	25,	'1',	200),
(238,	2,	8,	203,	1,	325,	'1',	1),
(239,	2,	8,	204,	2,	85,	'1',	1),
(240,	2,	8,	205,	2,	81,	'1',	1),
(241,	2,	8,	206,	2,	90,	'1',	1),
(242,	2,	8,	207,	2,	81,	'1',	1),
(243,	2,	8,	208,	2,	61,	'1',	1),
(244,	2,	8,	209,	2,	81,	'1',	1),
(245,	2,	8,	210,	1,	390,	'1',	1),
(246,	2,	8,	211,	3,	232,	'1',	100),
(247,	2,	8,	212,	3,	100,	'1',	500),
(248,	2,	8,	213,	3,	144,	'1',	750),
(249,	2,	8,	214,	3,	100,	'1',	500),
(250,	2,	8,	215,	1,	1180,	'1',	1),
(251,	2,	8,	216,	1,	1150,	'1',	1),
(252,	2,	8,	217,	3,	520,	'1',	400),
(253,	2,	8,	218,	2,	66,	'1',	1),
(254,	2,	8,	219,	2,	66,	'1',	1),
(255,	2,	8,	220,	2,	66,	'1',	1),
(256,	2,	8,	221,	2,	66,	'1',	1),
(257,	2,	8,	222,	2,	78,	'1',	1),
(258,	2,	8,	223,	2,	99,	'1',	1),
(259,	2,	8,	224,	2,	78,	'1',	1),
(260,	2,	8,	225,	2,	99,	'1',	1),
(261,	2,	8,	226,	2,	89,	'1',	1),
(262,	2,	3,	227,	1,	32,	'1',	1),
(263,	2,	3,	228,	1,	45,	'1',	1),
(264,	2,	3,	229,	1,	40,	'1',	1),
(265,	2,	3,	230,	1,	45,	'1',	1),
(266,	2,	3,	231,	1,	60,	'1',	1),
(267,	2,	3,	232,	1,	80,	'1',	1),
(268,	2,	3,	233,	1,	80,	'1',	1),
(269,	2,	3,	234,	1,	120,	'1',	1),
(270,	2,	3,	235,	1,	110,	'1',	1),
(271,	2,	5,	236,	1,	70,	'1',	1),
(272,	2,	5,	237,	1,	70,	'1',	1),
(273,	2,	5,	238,	1,	80,	'1',	1),
(274,	2,	5,	239,	1,	80,	'1',	1),
(275,	2,	5,	240,	1,	60,	'1',	1),
(276,	2,	5,	241,	1,	60,	'1',	1),
(277,	2,	5,	242,	1,	100,	'1',	1),
(278,	2,	4,	243,	1,	40,	'1',	1),
(279,	2,	4,	244,	1,	60,	'1',	1),
(280,	2,	4,	245,	1,	19,	'1',	1),
(281,	2,	4,	246,	1,	40,	'1',	1),
(282,	2,	4,	247,	1,	12,	'1',	1),
(283,	2,	4,	248,	1,	12,	'1',	1),
(284,	2,	4,	249,	1,	30,	'1',	1),
(285,	4,	36,	250,	3,	210,	'1',	500),
(286,	4,	36,	251,	1,	230,	'1',	500),
(287,	4,	36,	252,	1,	386,	'1',	1),
(288,	4,	36,	253,	1,	410,	'1',	1),
(289,	4,	36,	254,	3,	180,	'1',	500),
(290,	4,	36,	255,	3,	210,	'1',	500),
(291,	4,	36,	256,	1,	370,	'1',	1),
(292,	2,	3,	257,	1,	26,	'1',	1),
(293,	2,	3,	258,	1,	52,	'1',	1),
(294,	2,	3,	259,	1,	24,	'1',	1),
(295,	2,	3,	260,	1,	180,	'1',	5),
(296,	2,	3,	261,	1,	180,	'1',	5),
(297,	2,	13,	262,	3,	70,	'1',	500),
(298,	2,	13,	263,	3,	90,	'1',	500),
(299,	2,	4,	264,	3,	5,	'1',	50),
(300,	2,	4,	265,	3,	5,	'1',	50),
(301,	2,	4,	266,	3,	5,	'1',	50),
(302,	2,	4,	267,	3,	5,	'1',	50),
(303,	2,	4,	268,	3,	10,	'1',	50),
(304,	2,	4,	269,	1,	270,	'1',	1),
(305,	2,	4,	270,	1,	270,	'1',	1),
(306,	2,	4,	271,	1,	290,	'1',	1),
(307,	2,	4,	272,	1,	500,	'1',	1),
(308,	2,	4,	273,	1,	1900,	'1',	1),
(309,	2,	13,	274,	3,	30,	'1',	200),
(310,	2,	10,	275,	3,	12,	'1',	200),
(311,	2,	13,	276,	3,	30,	'1',	200),
(312,	2,	10,	277,	3,	30,	'1',	200),
(313,	2,	5,	278,	1,	1000,	'1',	1),
(314,	2,	5,	279,	1,	320,	'1',	1),
(315,	2,	5,	280,	1,	800,	'1',	1),
(316,	2,	5,	281,	1,	100,	'1',	1),
(317,	2,	5,	282,	1,	90,	'1',	1),
(318,	2,	11,	283,	6,	25,	'1',	1),
(319,	2,	11,	284,	6,	25,	'1',	1),
(320,	3,	18,	285,	6,	28,	'1',	1),
(321,	3,	18,	286,	6,	28,	'1',	1),
(322,	3,	18,	287,	6,	25,	'1',	1),
(323,	3,	20,	288,	4,	60,	'1',	80),
(324,	3,	20,	289,	4,	150,	'1',	160),
(325,	3,	20,	290,	4,	375,	'1',	340),
(326,	3,	20,	291,	4,	4,	'1',	7),
(327,	3,	20,	292,	4,	1,	'1',	4),
(328,	3,	20,	293,	4,	45,	'1',	80),
(329,	3,	20,	294,	4,	90,	'1',	160),
(330,	3,	20,	295,	4,	190,	'1',	320),
(331,	3,	17,	296,	3,	46,	'1',	80),
(332,	3,	17,	297,	3,	88,	'1',	150),
(333,	3,	17,	298,	3,	90,	'1',	150),
(334,	2,	3,	299,	1,	34,	'1',	1),
(335,	2,	3,	300,	1,	64,	'1',	1),
(336,	8,	64,	301,	3,	80,	'1',	500),
(337,	8,	64,	302,	3,	89,	'1',	500),
(338,	3,	19,	303,	3,	25,	'1',	250),
(339,	2,	1,	304,	2,	159,	'1',	1),
(340,	2,	1,	305,	2,	125,	'1',	1),
(341,	2,	1,	306,	2,	142,	'1',	1),
(342,	8,	63,	307,	1,	50,	'1',	1),
(343,	8,	63,	308,	3,	26,	'1',	500),
(344,	8,	63,	309,	3,	55,	'1',	500),
(345,	8,	63,	310,	3,	100,	'1',	500),
(346,	2,	15,	311,	3,	135,	'1',	500),
(347,	2,	15,	312,	3,	60,	'1',	200),
(348,	2,	15,	313,	1,	135,	'1',	1),
(349,	2,	15,	314,	3,	97,	'1',	500),
(350,	3,	18,	315,	6,	40,	'1',	1),
(351,	3,	18,	316,	6,	49,	'1',	1),
(352,	3,	27,	317,	6,	13,	'1',	1),
(353,	3,	27,	318,	6,	55,	'1',	1),
(354,	3,	27,	319,	6,	5,	'1',	1),
(355,	2,	4,	320,	1,	200,	'1',	1),
(356,	2,	4,	321,	1,	200,	'1',	1),
(357,	2,	4,	322,	1,	240,	'1',	1),
(358,	2,	4,	323,	1,	140,	'1',	1),
(359,	2,	4,	324,	1,	280,	'1',	1),
(360,	2,	3,	325,	1,	100,	'1',	1),
(361,	2,	3,	326,	1,	120,	'1',	1),
(362,	2,	3,	327,	1,	100,	'1',	1),
(363,	2,	4,	328,	1,	300,	'1',	1),
(364,	2,	4,	329,	1,	250,	'1',	1),
(365,	2,	4,	330,	1,	800,	'1',	1),
(366,	2,	5,	331,	1,	850,	'1',	1),
(367,	2,	5,	332,	1,	300,	'1',	1),
(368,	2,	5,	333,	1,	800,	'1',	1),
(369,	2,	4,	334,	1,	80,	'1',	1),
(370,	2,	7,	335,	1,	200,	'1',	1),
(371,	2,	12,	336,	1,	60,	'1',	1),
(372,	2,	5,	337,	1,	80,	'1',	1),
(373,	2,	5,	338,	1,	100,	'1',	1),
(374,	2,	5,	339,	1,	250,	'1',	1),
(375,	2,	12,	340,	3,	10,	'1',	100),
(376,	2,	13,	341,	1,	140,	'1',	1),
(377,	2,	13,	342,	1,	120,	'1',	1),
(378,	2,	13,	343,	1,	120,	'1',	1),
(379,	8,	68,	344,	6,	110,	'1',	1),
(380,	8,	68,	345,	6,	110,	'1',	1),
(381,	8,	68,	346,	6,	110,	'1',	1),
(382,	8,	68,	347,	6,	110,	'1',	1),
(383,	8,	68,	348,	6,	110,	'1',	1),
(384,	8,	68,	349,	6,	110,	'1',	1),
(385,	2,	4,	350,	1,	1800,	'1',	1),
(386,	2,	12,	351,	3,	10,	'1',	100),
(387,	8,	68,	352,	6,	5,	'1',	1),
(388,	2,	3,	353,	3,	25,	'1',	200),
(389,	2,	12,	354,	3,	25,	'1',	500),
(390,	2,	16,	355,	2,	38,	'1',	1),
(391,	2,	12,	356,	1,	125,	'1',	1),
(392,	2,	2,	357,	3,	110,	'1',	250),
(393,	8,	64,	358,	2,	50,	'1',	1),
(394,	9,	71,	359,	3,	100,	'1',	1),
(395,	3,	22,	360,	4,	50,	'1',	60),
(396,	9,	69,	361,	3,	25,	'1',	1),
(397,	9,	69,	362,	3,	80,	'1',	50),
(398,	9,	69,	363,	3,	80,	'1',	50),
(399,	9,	69,	364,	3,	42,	'1',	100),
(400,	9,	69,	365,	4,	40,	'1',	1),
(401,	9,	69,	366,	3,	200,	'1',	200),
(402,	9,	69,	367,	3,	200,	'1',	120),
(403,	9,	69,	368,	3,	56,	'1',	100),
(404,	9,	69,	369,	3,	20,	'1',	5),
(405,	9,	69,	370,	3,	210,	'1',	60),
(406,	9,	69,	371,	3,	20,	'1',	5),
(407,	9,	69,	372,	3,	325,	'1',	100),
(408,	3,	20,	373,	4,	3,	'1',	8),
(409,	9,	69,	374,	3,	250,	'1',	15),
(410,	9,	69,	375,	3,	80,	'1',	5),
(411,	9,	69,	376,	3,	5,	'1',	5),
(412,	9,	69,	377,	3,	80,	'1',	20),
(413,	9,	69,	378,	3,	50,	'1',	20),
(414,	9,	69,	379,	3,	30,	'1',	5),
(415,	9,	69,	380,	3,	20,	'1',	5),
(416,	9,	69,	381,	3,	33,	'1',	20),
(417,	9,	69,	382,	3,	85,	'1',	20),
(418,	9,	69,	383,	3,	185,	'1',	92),
(419,	9,	69,	384,	3,	37,	'1',	20),
(420,	9,	69,	385,	3,	10,	'1',	20),
(421,	9,	69,	386,	3,	30,	'1',	5),
(422,	9,	69,	387,	3,	10,	'1',	20),
(423,	9,	69,	388,	3,	9,	'1',	10),
(424,	9,	69,	389,	3,	15,	'1',	1),
(425,	9,	69,	390,	3,	33,	'1',	20),
(426,	9,	69,	391,	3,	19,	'1',	5),
(427,	9,	69,	392,	3,	15,	'1',	10),
(428,	9,	69,	393,	3,	37,	'1',	20),
(429,	9,	69,	394,	3,	10,	'1',	20),
(430,	9,	69,	395,	3,	45,	'1',	20),
(431,	9,	69,	396,	3,	30,	'1',	20),
(432,	9,	69,	397,	3,	15,	'1',	5),
(433,	9,	69,	398,	3,	60,	'1',	100),
(434,	8,	68,	399,	3,	10,	'1',	20),
(435,	9,	69,	400,	3,	84,	'1',	40),
(436,	9,	69,	401,	3,	45,	'1',	20),
(437,	9,	69,	402,	3,	80,	'1',	10),
(438,	9,	69,	403,	3,	42,	'1',	20),
(439,	9,	69,	404,	3,	40,	'1',	20),
(440,	9,	69,	405,	3,	5,	'1',	5),
(441,	3,	22,	406,	3,	23,	'1',	1),
(442,	9,	69,	407,	3,	295,	'1',	1),
(443,	9,	69,	408,	3,	50,	'1',	20),
(444,	9,	69,	409,	3,	90,	'1',	50),
(445,	9,	69,	410,	3,	47,	'1',	20),
(446,	2,	13,	411,	3,	10,	'1',	35),
(447,	9,	69,	412,	3,	37,	'1',	20),
(448,	9,	69,	413,	3,	37,	'1',	20),
(449,	9,	69,	414,	3,	60,	'1',	40),
(450,	9,	69,	415,	3,	30,	'1',	20),
(451,	9,	69,	416,	3,	30,	'1',	5),
(452,	9,	69,	417,	3,	5,	'1',	5),
(453,	9,	69,	418,	3,	47,	'1',	100),
(454,	9,	69,	419,	3,	10,	'1',	5),
(455,	9,	69,	420,	3,	15,	'1',	10),
(456,	9,	69,	421,	3,	815,	'1',	1),
(457,	3,	17,	422,	3,	25,	'1',	90),
(458,	9,	69,	423,	3,	25,	'1',	25),
(459,	3,	22,	424,	4,	60,	'1',	100),
(460,	9,	69,	425,	3,	28,	'1',	100),
(461,	9,	69,	426,	3,	75,	'1',	40),
(462,	9,	69,	427,	3,	45,	'1',	100),
(463,	3,	22,	428,	4,	110,	'1',	200),
(464,	9,	69,	429,	3,	15,	'1',	100),
(465,	9,	69,	430,	3,	25,	'1',	100),
(466,	3,	17,	431,	3,	15,	'1',	50),
(467,	9,	69,	432,	3,	70,	'1',	50),
(468,	9,	69,	433,	3,	300,	'1',	110),
(469,	9,	69,	434,	4,	95,	'1',	200),
(470,	9,	69,	435,	3,	60,	'1',	2),
(471,	2,	2,	435,	3,	260,	'1',	500),
(472,	9,	69,	436,	4,	85,	'1',	200),
(473,	9,	69,	437,	3,	469,	'1',	1),
(474,	9,	69,	438,	3,	90,	'1',	40),
(475,	9,	69,	439,	3,	110,	'1',	20),
(476,	9,	69,	440,	3,	180,	'1',	100),
(477,	9,	69,	441,	3,	28,	'1',	10),
(478,	9,	69,	442,	3,	33,	'1',	20),
(479,	9,	69,	443,	4,	85,	'1',	200),
(480,	9,	69,	444,	3,	37,	'1',	20),
(481,	9,	69,	445,	3,	35,	'1',	20),
(482,	9,	69,	446,	4,	70,	'1',	100),
(483,	9,	69,	447,	3,	115,	'1',	50),
(484,	9,	69,	448,	3,	25,	'1',	40),
(485,	9,	69,	449,	3,	15,	'1',	5),
(486,	9,	69,	450,	3,	310,	'1',	80),
(487,	9,	69,	451,	3,	52,	'1',	400),
(488,	9,	69,	452,	4,	100,	'1',	500),
(489,	9,	69,	453,	3,	30,	'1',	20),
(490,	9,	69,	454,	3,	40,	'1',	100),
(491,	9,	69,	455,	3,	94,	'1',	20),
(492,	9,	69,	456,	3,	20,	'1',	10),
(493,	2,	15,	457,	3,	70,	'1',	500),
(494,	3,	17,	458,	3,	35,	'1',	22),
(495,	9,	69,	459,	3,	65,	'1',	100),
(496,	9,	69,	460,	3,	80,	'1',	150),
(497,	9,	69,	461,	3,	37,	'1',	20),
(498,	3,	22,	462,	4,	20,	'1',	50),
(499,	3,	22,	463,	3,	10,	'1',	60),
(500,	9,	69,	464,	4,	150,	'1',	60),
(501,	9,	69,	465,	3,	10,	'1',	5),
(502,	9,	69,	466,	3,	25,	'1',	5),
(503,	9,	69,	467,	3,	85,	'1',	450),
(504,	9,	69,	468,	3,	23,	'1',	5),
(505,	2,	3,	469,	1,	105,	'1',	1),
(506,	9,	69,	470,	3,	14,	'1',	100),
(507,	2,	12,	471,	3,	55,	'1',	125),
(508,	9,	69,	472,	3,	200,	'1',	15),
(509,	2,	13,	473,	3,	10,	'1',	100),
(510,	2,	2,	473,	2,	500,	'1',	1),
(511,	9,	69,	474,	3,	15,	'1',	75),
(512,	2,	3,	475,	1,	150,	'1',	1),
(513,	9,	69,	476,	3,	61,	'1',	100),
(514,	9,	69,	477,	4,	200,	'1',	1000),
(515,	9,	69,	478,	4,	30,	'1',	10),
(516,	9,	69,	479,	3,	14,	'1',	5),
(517,	2,	1,	480,	4,	50,	'1',	100),
(518,	3,	17,	481,	3,	20,	'1',	70),
(519,	9,	69,	482,	3,	76,	'1',	200),
(520,	9,	69,	483,	3,	769,	'1',	106),
(521,	9,	69,	484,	3,	470,	'1',	85),
(522,	8,	63,	485,	3,	8,	'1',	125),
(523,	9,	69,	486,	3,	70,	'1',	20),
(524,	9,	69,	487,	3,	50,	'1',	100),
(525,	9,	69,	488,	3,	80,	'1',	20),
(526,	9,	69,	489,	3,	25,	'1',	25),
(527,	9,	69,	490,	3,	85,	'1',	100),
(528,	9,	69,	491,	3,	23,	'1',	100),
(529,	9,	69,	492,	3,	25,	'1',	75),
(530,	9,	69,	493,	3,	15,	'1',	100),
(531,	3,	17,	494,	3,	40,	'1',	100),
(532,	9,	69,	495,	3,	35,	'1',	100),
(533,	9,	69,	496,	3,	50,	'1',	20),
(534,	9,	69,	497,	1,	124,	'1',	1),
(535,	9,	69,	498,	3,	32,	'1',	500),
(536,	9,	69,	499,	2,	90,	'1',	1),
(537,	8,	64,	500,	4,	50,	'1',	200),
(538,	9,	69,	501,	3,	9,	'1',	1),
(539,	9,	69,	502,	3,	19,	'1',	100),
(540,	9,	69,	503,	3,	60,	'1',	200),
(541,	9,	69,	504,	4,	130,	'1',	100),
(542,	8,	68,	505,	3,	10,	'1',	20),
(543,	2,	4,	506,	3,	40,	'1',	100),
(544,	3,	22,	507,	3,	60,	'1',	100),
(545,	2,	4,	508,	3,	10,	'1',	60),
(546,	9,	69,	509,	3,	75,	'1',	250),
(547,	2,	13,	510,	3,	10,	'1',	100),
(548,	8,	68,	511,	3,	15,	'1',	61),
(549,	9,	69,	512,	3,	30,	'1',	5),
(550,	9,	69,	513,	3,	60,	'1',	20),
(551,	9,	69,	514,	4,	145,	'1',	100),
(552,	2,	5,	515,	3,	40,	'1',	500),
(553,	3,	22,	516,	3,	45,	'1',	60),
(554,	9,	69,	517,	4,	135,	'1',	100),
(555,	9,	69,	518,	4,	50,	'1',	250),
(556,	9,	69,	519,	3,	55,	'1',	100),
(557,	9,	69,	520,	3,	40,	'1',	100),
(558,	9,	69,	521,	3,	200,	'1',	100),
(559,	9,	69,	522,	3,	24,	'1',	75),
(560,	2,	13,	523,	3,	10,	'1',	84),
(561,	2,	13,	524,	3,	10,	'1',	84),
(562,	2,	1,	525,	4,	85,	'1',	100),
(563,	3,	22,	526,	3,	25,	'1',	1),
(564,	9,	69,	527,	3,	18,	'1',	100),
(565,	2,	13,	528,	3,	10,	'1',	84),
(566,	9,	69,	529,	3,	1194,	'1',	132),
(567,	9,	69,	530,	3,	70,	'1',	50),
(568,	8,	68,	531,	3,	15,	'1',	61),
(569,	3,	22,	532,	3,	20,	'1',	100),
(570,	2,	5,	533,	3,	350,	'1',	100),
(571,	9,	69,	534,	3,	80,	'1',	20),
(572,	9,	69,	535,	4,	210,	'1',	100),
(573,	9,	69,	536,	3,	99,	'1',	200),
(574,	3,	22,	537,	3,	75,	'1',	3),
(575,	9,	69,	538,	4,	60,	'1',	100),
(576,	9,	69,	539,	3,	90,	'1',	40),
(577,	9,	69,	540,	3,	25,	'1',	5),
(578,	2,	5,	541,	3,	59,	'1',	200),
(579,	8,	68,	542,	3,	10,	'1',	20),
(580,	2,	13,	543,	3,	10,	'1',	84),
(581,	9,	69,	544,	3,	10,	'1',	5),
(582,	9,	69,	545,	3,	75,	'1',	200),
(583,	9,	69,	546,	3,	60,	'1',	200),
(584,	9,	70,	547,	3,	60,	'1',	100),
(585,	9,	69,	548,	3,	100,	'1',	50),
(586,	9,	69,	549,	3,	19,	'1',	75),
(587,	9,	69,	550,	3,	30,	'1',	300),
(588,	2,	4,	551,	3,	65,	'1',	100),
(589,	8,	68,	552,	3,	10,	'1',	20),
(590,	9,	69,	553,	3,	50,	'1',	100),
(591,	8,	68,	554,	3,	15,	'1',	61),
(592,	9,	69,	555,	3,	14,	'1',	100),
(593,	9,	69,	556,	3,	30,	'1',	100),
(594,	8,	68,	557,	3,	60,	'1',	250),
(595,	9,	69,	558,	0,	675,	'1',	300),
(596,	9,	69,	559,	3,	15,	'1',	100),
(597,	9,	69,	560,	1,	190,	'1',	1),
(598,	2,	13,	561,	3,	10,	'1',	100),
(599,	9,	69,	562,	3,	46,	'1',	100),
(600,	9,	69,	563,	1,	65,	'1',	1),
(601,	9,	69,	564,	4,	85,	'1',	450),
(602,	9,	69,	565,	3,	13,	'1',	75),
(603,	9,	69,	566,	3,	180,	'1',	500),
(604,	8,	68,	567,	3,	40,	'1',	25),
(605,	8,	68,	568,	3,	100,	'1',	142),
(606,	9,	69,	569,	3,	356,	'1',	200),
(607,	3,	17,	570,	3,	45,	'1',	80),
(608,	2,	5,	571,	3,	110,	'1',	400),
(609,	2,	4,	572,	3,	110,	'1',	100),
(610,	2,	4,	573,	3,	175,	'1',	200),
(611,	9,	69,	574,	4,	75,	'1',	500),
(612,	9,	69,	575,	3,	42,	'1',	100),
(613,	2,	5,	576,	1,	98,	'1',	1),
(614,	2,	12,	577,	3,	85,	'1',	250),
(615,	9,	69,	578,	3,	75,	'1',	20),
(616,	3,	20,	579,	3,	90,	'1',	3),
(617,	2,	5,	580,	1,	118,	'1',	1),
(618,	9,	69,	581,	3,	175,	'1',	15),
(619,	3,	20,	582,	4,	69,	'1',	75),
(620,	9,	69,	583,	3,	90,	'1',	100),
(621,	9,	69,	584,	3,	1150,	'1',	432),
(622,	9,	69,	585,	3,	15,	'1',	5),
(623,	9,	69,	586,	3,	19,	'1',	75),
(624,	9,	69,	587,	4,	80,	'1',	200),
(625,	9,	69,	588,	4,	75,	'1',	200),
(626,	9,	69,	589,	3,	55,	'1',	100),
(627,	8,	68,	590,	3,	15,	'1',	61),
(628,	8,	65,	591,	4,	69,	'1',	75),
(629,	9,	69,	592,	3,	60,	'1',	100),
(630,	9,	69,	593,	3,	300,	'1',	15),
(631,	9,	69,	594,	3,	60,	'1',	20),
(632,	9,	69,	595,	3,	35,	'1',	100),
(633,	9,	69,	596,	3,	20,	'1',	200),
(634,	9,	69,	597,	3,	45,	'1',	20),
(635,	3,	22,	598,	3,	55,	'1',	100),
(636,	3,	22,	599,	3,	60,	'1',	60),
(637,	8,	65,	600,	4,	69,	'1',	75),
(638,	9,	69,	601,	4,	75,	'1',	100),
(639,	9,	69,	602,	3,	45,	'1',	100),
(640,	8,	65,	603,	4,	69,	'1',	75),
(641,	9,	69,	604,	3,	35,	'1',	20),
(642,	9,	69,	605,	3,	399,	'1',	15),
(643,	2,	5,	606,	3,	25,	'1',	500),
(644,	9,	69,	607,	3,	45,	'1',	100),
(645,	2,	10,	608,	3,	38,	'1',	240),
(646,	2,	5,	609,	3,	35,	'1',	200),
(647,	9,	69,	610,	3,	23,	'1',	50),
(648,	9,	69,	611,	3,	243,	'1',	190),
(649,	9,	69,	612,	3,	60,	'1',	100),
(650,	9,	69,	613,	3,	140,	'1',	500),
(651,	9,	69,	614,	3,	90,	'1',	200),
(652,	2,	5,	615,	3,	53,	'1',	500),
(653,	9,	70,	616,	3,	60,	'1',	100),
(654,	9,	70,	617,	3,	75,	'1',	200),
(655,	2,	3,	618,	1,	110,	'1',	1),
(656,	8,	67,	619,	3,	99,	'1',	260),
(657,	2,	1,	620,	4,	175,	'1',	100),
(658,	9,	69,	621,	3,	145,	'1',	100),
(659,	9,	69,	622,	3,	40,	'1',	100),
(660,	2,	10,	623,	3,	38,	'1',	240),
(661,	2,	12,	624,	3,	75,	'1',	80),
(662,	8,	67,	625,	3,	99,	'1',	250),
(663,	3,	22,	626,	3,	45,	'1',	125),
(664,	2,	13,	627,	3,	10,	'1',	65),
(665,	3,	22,	628,	3,	70,	'1',	60),
(666,	9,	69,	629,	3,	20,	'1',	100),
(667,	9,	69,	630,	4,	55,	'1',	100),
(668,	9,	69,	631,	3,	35,	'1',	100),
(669,	9,	69,	632,	3,	55,	'1',	125),
(670,	9,	69,	633,	3,	70,	'1',	200),
(671,	9,	69,	634,	3,	28,	'1',	20),
(672,	9,	69,	635,	3,	55,	'1',	75),
(673,	9,	69,	636,	3,	42,	'1',	120),
(674,	8,	64,	637,	4,	70,	'1',	500),
(675,	9,	70,	638,	3,	60,	'1',	100),
(676,	2,	1,	639,	4,	40,	'1',	100),
(677,	9,	69,	640,	3,	65,	'1',	900),
(678,	9,	69,	641,	3,	33,	'1',	100),
(679,	9,	69,	642,	3,	327,	'1',	154),
(680,	9,	69,	643,	3,	30,	'1',	100),
(681,	8,	64,	644,	4,	45,	'1',	200),
(682,	8,	67,	645,	1,	449,	'1',	1),
(683,	2,	1,	646,	4,	150,	'1',	100),
(684,	2,	4,	647,	3,	50,	'1',	100),
(685,	9,	70,	648,	3,	75,	'1',	200),
(686,	9,	69,	649,	3,	60,	'1',	50),
(687,	8,	63,	650,	4,	80,	'1',	500),
(688,	3,	22,	651,	3,	60,	'1',	60),
(689,	9,	69,	652,	3,	70,	'1',	200),
(690,	9,	69,	653,	4,	75,	'1',	200),
(691,	2,	15,	654,	1,	170,	'1',	1),
(692,	3,	2,	655,	1,	125,	'1',	1),
(693,	2,	5,	656,	3,	35,	'1',	100),
(694,	3,	22,	657,	3,	425,	'1',	200),
(695,	9,	69,	658,	3,	20,	'1',	5),
(696,	9,	69,	659,	3,	80,	'1',	150),
(697,	9,	69,	660,	3,	42,	'1',	100),
(698,	9,	69,	661,	3,	40,	'1',	100),
(699,	3,	22,	662,	3,	24,	'1',	100),
(700,	2,	15,	663,	3,	75,	'1',	500),
(701,	3,	22,	664,	3,	70,	'1',	100),
(702,	9,	69,	665,	3,	47,	'1',	20),
(703,	9,	69,	666,	4,	60,	'1',	100),
(704,	9,	69,	667,	3,	35,	'1',	100),
(705,	2,	15,	668,	3,	40,	'1',	200),
(706,	3,	22,	669,	3,	65,	'1',	50),
(707,	9,	69,	670,	3,	50,	'1',	420),
(708,	9,	69,	671,	3,	25,	'1',	100),
(709,	9,	69,	672,	3,	18,	'1',	120),
(710,	2,	10,	673,	3,	10,	'1',	60),
(711,	8,	64,	674,	4,	60,	'1',	250),
(712,	2,	5,	675,	3,	49,	'1',	500),
(713,	2,	13,	676,	3,	10,	'1',	84),
(714,	3,	22,	677,	4,	105,	'1',	450),
(715,	8,	63,	678,	3,	17,	'1',	250),
(716,	3,	22,	679,	3,	60,	'1',	60),
(717,	2,	12,	679,	3,	70,	'1',	150),
(718,	3,	17,	680,	3,	45,	'1',	100),
(719,	8,	68,	681,	3,	50,	'1',	500),
(720,	9,	70,	682,	3,	149,	'1',	200),
(721,	3,	17,	683,	3,	15,	'1',	20),
(722,	2,	15,	684,	3,	135,	'1',	1000),
(723,	2,	5,	685,	1,	96,	'1',	1),
(724,	8,	63,	686,	3,	25,	'1',	500),
(725,	2,	15,	687,	3,	483,	'1',	1),
(726,	2,	15,	688,	3,	130,	'1',	500),
(727,	2,	5,	689,	3,	43,	'1',	500),
(728,	2,	13,	690,	3,	85,	'1',	700),
(729,	8,	68,	691,	4,	94,	'1',	450),
(730,	9,	69,	692,	4,	70,	'1',	450),
(731,	9,	69,	693,	3,	896,	'1',	195),
(732,	3,	22,	694,	3,	25,	'1',	10),
(733,	2,	1,	695,	4,	250,	'1',	300),
(734,	9,	69,	696,	4,	80,	'1',	500),
(735,	9,	69,	697,	3,	60,	'1',	100),
(736,	9,	69,	698,	3,	65,	'1',	150),
(737,	2,	13,	699,	3,	30,	'1',	200),
(738,	2,	13,	700,	3,	68,	'1',	125),
(739,	2,	13,	701,	3,	140,	'1',	500),
(740,	9,	69,	702,	3,	85,	'1',	100),
(741,	9,	69,	703,	3,	2277,	'1',	571),
(742,	9,	69,	704,	3,	327,	'1',	445),
(743,	9,	69,	705,	3,	185,	'1',	100),
(744,	9,	69,	706,	3,	25,	'1',	100),
(745,	9,	69,	707,	3,	80,	'1',	900),
(746,	9,	69,	708,	4,	75,	'1',	450),
(747,	9,	69,	709,	3,	50,	'1',	100),
(748,	9,	69,	710,	3,	60,	'1',	100),
(749,	9,	69,	711,	3,	45,	'1',	60),
(750,	9,	69,	712,	3,	34,	'1',	500),
(751,	9,	69,	713,	3,	10,	'1',	11),
(752,	9,	69,	714,	3,	25,	'1',	100),
(753,	3,	22,	715,	3,	25,	'1',	1),
(754,	9,	70,	716,	3,	60,	'1',	200),
(755,	9,	70,	717,	3,	39,	'1',	100),
(756,	9,	70,	718,	3,	60,	'1',	100),
(757,	9,	69,	719,	3,	150,	'1',	50),
(758,	8,	63,	720,	1,	50,	'1',	1),
(759,	8,	68,	721,	3,	10,	'1',	20),
(760,	3,	22,	722,	3,	55,	'1',	300),
(761,	9,	69,	723,	4,	105,	'1',	450),
(762,	9,	69,	724,	3,	390,	'1',	310),
(763,	9,	69,	725,	4,	80,	'1',	150),
(764,	9,	69,	726,	3,	25,	'1',	75),
(765,	9,	69,	727,	3,	40,	'1',	25),
(766,	2,	3,	728,	1,	150,	'1',	1),
(767,	9,	69,	729,	4,	40,	'1',	450),
(768,	9,	70,	730,	3,	39,	'1',	100),
(769,	9,	69,	731,	3,	60,	'1',	100),
(770,	9,	69,	732,	3,	75,	'1',	200),
(771,	3,	22,	733,	3,	35,	'1',	75),
(772,	9,	69,	734,	3,	140,	'1',	500),
(773,	2,	1,	735,	2,	125,	'1',	1),
(774,	3,	17,	736,	3,	112,	'1',	300),
(775,	2,	5,	737,	1,	104,	'1',	1),
(776,	9,	69,	738,	3,	66,	'1',	100),
(777,	9,	70,	739,	3,	69,	'1',	100),
(778,	9,	70,	740,	3,	60,	'1',	100),
(779,	3,	20,	741,	4,	80,	'1',	200),
(780,	2,	1,	742,	4,	30,	'1',	200),
(781,	9,	69,	743,	3,	30,	'1',	100),
(782,	9,	70,	744,	3,	175,	'1',	500),
(783,	9,	70,	745,	3,	60,	'1',	100),
(784,	9,	69,	746,	3,	28,	'1',	150),
(785,	3,	15,	747,	1,	140,	'1',	1),
(786,	9,	70,	748,	3,	99,	'1',	160),
(787,	9,	70,	749,	3,	125,	'1',	350),
(788,	9,	69,	750,	3,	49,	'1',	100),
(789,	9,	69,	751,	3,	45,	'1',	125),
(790,	9,	69,	752,	1,	60,	'1',	1),
(791,	9,	69,	753,	3,	80,	'1',	2),
(792,	9,	69,	754,	3,	330,	'1',	200),
(793,	9,	69,	755,	3,	1276,	'1',	238),
(794,	9,	70,	756,	3,	40,	'1',	70),
(795,	9,	69,	757,	4,	75,	'1',	200),
(796,	2,	4,	758,	3,	45,	'1',	100),
(797,	9,	69,	759,	4,	85,	'1',	100),
(798,	2,	4,	760,	3,	135,	'1',	300),
(799,	9,	69,	761,	4,	70,	'1',	450),
(800,	9,	70,	762,	3,	75,	'1',	140),
(801,	9,	69,	763,	4,	95,	'1',	200),
(802,	2,	5,	764,	1,	96,	'1',	1),
(803,	8,	64,	765,	4,	60,	'1',	250),
(804,	9,	69,	766,	3,	752,	'1',	480),
(805,	9,	70,	767,	3,	49,	'1',	100),
(806,	9,	70,	768,	3,	49,	'1',	100),
(807,	9,	70,	769,	3,	60,	'1',	100),
(808,	9,	70,	770,	3,	75,	'1',	200),
(809,	3,	15,	771,	1,	115,	'1',	1),
(810,	9,	69,	772,	4,	75,	'1',	200),
(811,	9,	69,	773,	1,	175,	'1',	1),
(812,	8,	68,	774,	3,	10,	'1',	20),
(813,	2,	12,	775,	3,	75,	'1',	80),
(814,	9,	69,	776,	4,	60,	'1',	100),
(815,	9,	70,	777,	3,	49,	'1',	100),
(816,	9,	70,	778,	3,	60,	'1',	100),
(817,	2,	5,	779,	3,	250,	'1',	500),
(818,	8,	67,	780,	3,	39,	'1',	100),
(819,	2,	5,	781,	3,	35,	'1',	200),
(820,	8,	68,	782,	3,	40,	'1',	25),
(821,	9,	69,	783,	4,	70,	'1',	450),
(822,	9,	70,	784,	3,	65,	'1',	250),
(823,	9,	70,	785,	3,	39,	'1',	100),
(824,	9,	70,	786,	3,	69,	'1',	100),
(825,	9,	70,	787,	3,	60,	'1',	100),
(826,	3,	22,	788,	3,	50,	'1',	50),
(827,	2,	5,	789,	1,	64,	'1',	1),
(828,	2,	15,	790,	3,	70,	'1',	500),
(829,	9,	69,	791,	4,	98,	'1',	450),
(830,	9,	70,	792,	3,	69,	'1',	100),
(831,	9,	69,	793,	4,	90,	'1',	175),
(832,	3,	22,	794,	3,	45,	'1',	60),
(833,	9,	69,	795,	3,	30,	'1',	150),
(834,	9,	69,	796,	3,	100,	'1',	122),
(835,	9,	69,	797,	3,	50,	'1',	20),
(836,	9,	70,	798,	3,	79,	'1',	100),
(837,	3,	22,	799,	3,	45,	'1',	60),
(838,	3,	22,	800,	3,	130,	'1',	250),
(839,	3,	17,	801,	3,	112,	'1',	300),
(840,	2,	15,	802,	3,	70,	'1',	500),
(841,	2,	15,	803,	1,	210,	'1',	1),
(842,	3,	17,	804,	3,	65,	'1',	100),
(843,	9,	69,	805,	4,	180,	'1',	100),
(844,	9,	70,	806,	3,	60,	'1',	100),
(845,	9,	70,	807,	3,	75,	'1',	200),
(846,	9,	69,	808,	4,	200,	'1',	1000),
(847,	9,	69,	809,	3,	35,	'1',	100),
(848,	2,	15,	810,	3,	70,	'1',	570),
(849,	3,	20,	811,	4,	80,	'1',	200),
(850,	8,	68,	812,	3,	40,	'1',	25),
(851,	9,	70,	813,	3,	18,	'1',	120),
(852,	9,	70,	814,	3,	39,	'1',	100),
(853,	3,	20,	815,	3,	60,	'1',	120),
(854,	3,	22,	816,	3,	45,	'1',	50),
(855,	8,	68,	817,	3,	40,	'1',	25),
(856,	3,	20,	818,	4,	140,	'1',	320),
(857,	3,	20,	819,	4,	145,	'1',	320),
(858,	3,	20,	820,	4,	145,	'1',	320),
(859,	3,	20,	821,	4,	170,	'1',	320),
(860,	3,	20,	822,	4,	155,	'1',	320),
(861,	3,	20,	823,	4,	190,	'1',	450),
(862,	9,	69,	824,	4,	70,	'1',	450),
(863,	9,	69,	825,	3,	23,	'1',	50),
(864,	9,	69,	826,	3,	1220,	'1',	355),
(865,	9,	70,	827,	3,	39,	'1',	100),
(866,	9,	70,	828,	3,	49,	'1',	100),
(867,	3,	15,	829,	3,	75,	'1',	500),
(868,	2,	2,	830,	4,	125,	'1',	200),
(869,	8,	67,	831,	1,	389,	'1',	1),
(870,	8,	65,	832,	4,	69,	'1',	75),
(871,	9,	69,	833,	3,	180,	'1',	250),
(872,	9,	69,	834,	3,	37,	'1',	50),
(873,	9,	70,	835,	3,	39,	'1',	100),
(874,	9,	70,	836,	3,	49,	'1',	100),
(875,	9,	70,	837,	3,	49,	'1',	50),
(876,	9,	70,	838,	1,	98,	'1',	1),
(877,	3,	22,	839,	3,	28,	'1',	150),
(878,	9,	69,	840,	4,	98,	'1',	450),
(879,	9,	70,	841,	3,	70,	'1',	156),
(880,	9,	70,	842,	3,	18,	'1',	120),
(881,	9,	70,	843,	3,	199,	'1',	275),
(882,	9,	70,	844,	3,	125,	'1',	350),
(883,	9,	70,	845,	3,	49,	'1',	100),
(884,	3,	20,	846,	3,	45,	'1',	60),
(885,	8,	67,	847,	3,	99,	'1',	250),
(886,	9,	69,	848,	4,	70,	'1',	450),
(887,	9,	69,	849,	4,	75,	'1',	450),
(888,	9,	69,	850,	3,	585,	'1',	394),
(889,	9,	69,	851,	3,	30,	'1',	120),
(890,	9,	70,	852,	3,	39,	'1',	100),
(891,	9,	70,	853,	3,	79,	'1',	100),
(892,	9,	70,	854,	3,	49,	'1',	60),
(893,	9,	70,	855,	3,	60,	'1',	100),
(894,	9,	69,	856,	3,	50,	'1',	250),
(895,	3,	22,	857,	3,	60,	'1',	60),
(896,	3,	17,	858,	3,	50,	'1',	80),
(897,	2,	10,	859,	3,	10,	'1',	60),
(898,	2,	13,	860,	3,	195,	'1',	1470),
(899,	9,	70,	861,	3,	107,	'1',	250),
(900,	9,	70,	862,	3,	49,	'1',	100),
(901,	9,	70,	863,	3,	49,	'1',	100),
(902,	9,	70,	864,	3,	69,	'1',	100),
(903,	3,	22,	865,	3,	35,	'1',	100),
(904,	9,	69,	866,	3,	55,	'1',	100),
(905,	9,	70,	867,	3,	65,	'1',	250),
(906,	9,	70,	868,	3,	60,	'1',	100),
(907,	9,	70,	869,	3,	60,	'1',	100),
(908,	9,	70,	870,	3,	60,	'1',	100),
(909,	9,	69,	871,	3,	60,	'1',	100),
(910,	2,	5,	872,	3,	52,	'1',	200),
(911,	3,	20,	873,	4,	150,	'1',	450),
(912,	3,	20,	874,	4,	145,	'1',	300),
(913,	3,	13,	875,	3,	55,	'1',	250),
(914,	9,	70,	876,	3,	60,	'1',	100),
(915,	3,	20,	877,	4,	130,	'1',	120),
(916,	9,	69,	878,	4,	75,	'1',	200),
(917,	9,	69,	879,	3,	70,	'1',	50),
(918,	3,	20,	880,	4,	210,	'1',	550),
(919,	9,	69,	881,	4,	70,	'1',	450),
(920,	9,	70,	882,	3,	30,	'1',	200),
(921,	9,	70,	883,	3,	55,	'1',	140),
(922,	9,	70,	884,	3,	157,	'1',	350),
(923,	9,	70,	885,	3,	60,	'1',	100),
(924,	3,	22,	886,	3,	75,	'1',	50),
(925,	2,	5,	887,	3,	45,	'1',	200),
(926,	3,	20,	888,	4,	170,	'1',	300),
(927,	3,	20,	889,	4,	155,	'1',	300),
(928,	3,	20,	890,	4,	140,	'1',	300),
(929,	3,	20,	891,	4,	145,	'1',	300),
(930,	9,	69,	892,	3,	50,	'1',	100),
(931,	9,	69,	893,	3,	200,	'1',	2),
(932,	9,	69,	894,	3,	50,	'1',	100),
(933,	9,	69,	895,	3,	135,	'1',	200),
(934,	9,	70,	896,	3,	49,	'1',	100),
(935,	9,	69,	897,	3,	35,	'1',	75),
(936,	9,	70,	898,	3,	65,	'1',	200),
(937,	9,	70,	899,	3,	75,	'1',	160),
(938,	9,	70,	900,	3,	49,	'1',	100),
(939,	9,	70,	901,	3,	79,	'1',	100),
(940,	9,	70,	902,	3,	75,	'1',	200),
(941,	9,	69,	903,	3,	35,	'1',	100),
(942,	2,	2,	903,	2,	2475,	'1',	5),
(943,	8,	67,	904,	3,	49,	'1',	125),
(944,	2,	5,	905,	3,	70,	'1',	200),
(945,	9,	70,	906,	3,	99,	'1',	200),
(946,	3,	17,	907,	3,	35,	'1',	100),
(947,	2,	5,	908,	3,	70,	'1',	200),
(948,	2,	5,	909,	3,	70,	'1',	200),
(949,	2,	15,	910,	1,	175,	'1',	1),
(950,	3,	17,	911,	3,	50,	'1',	120),
(951,	9,	70,	912,	3,	50,	'1',	200),
(952,	9,	70,	913,	3,	60,	'1',	100),
(953,	9,	70,	914,	3,	60,	'1',	100),
(954,	9,	70,	915,	3,	49,	'1',	100),
(955,	9,	70,	916,	3,	75,	'1',	200),
(956,	9,	70,	917,	3,	299,	'1',	200),
(957,	2,	15,	918,	3,	65,	'1',	400),
(958,	9,	69,	919,	3,	160,	'1',	100),
(959,	2,	5,	920,	3,	35,	'1',	100),
(960,	9,	69,	921,	3,	170,	'1',	600),
(961,	2,	15,	922,	1,	190,	'1',	1),
(962,	9,	69,	923,	3,	50,	'1',	100),
(963,	9,	69,	924,	3,	855,	'1',	507),
(964,	9,	69,	925,	3,	315,	'1',	355),
(965,	9,	70,	926,	3,	50,	'1',	180),
(966,	9,	70,	927,	3,	15,	'1',	60),
(967,	2,	15,	928,	3,	145,	'1',	500),
(968,	2,	15,	929,	1,	150,	'1',	1),
(969,	2,	15,	930,	3,	330,	'1',	2400),
(970,	9,	70,	931,	3,	200,	'1',	400),
(971,	9,	70,	932,	3,	110,	'1',	200),
(972,	9,	70,	933,	3,	200,	'1',	600),
(973,	9,	70,	934,	3,	69,	'1',	100),
(974,	2,	1,	935,	4,	75,	'1',	200),
(975,	8,	64,	936,	4,	75,	'1',	500),
(976,	9,	70,	937,	3,	49,	'1',	100),
(977,	9,	70,	938,	3,	69,	'1',	100),
(978,	3,	22,	939,	3,	70,	'1',	50),
(979,	9,	69,	940,	3,	90,	'1',	100),
(980,	9,	69,	941,	3,	65,	'1',	150),
(981,	8,	63,	942,	3,	10,	'1',	150),
(982,	9,	70,	943,	3,	67,	'1',	200),
(983,	9,	70,	944,	3,	157,	'1',	350),
(984,	9,	70,	945,	3,	60,	'1',	100),
(985,	9,	70,	946,	3,	60,	'1',	100),
(986,	9,	70,	947,	3,	75,	'1',	200),
(987,	8,	63,	948,	3,	95,	'1',	500),
(988,	2,	4,	949,	3,	55,	'1',	200),
(989,	2,	13,	950,	3,	145,	'1',	500),
(990,	2,	15,	951,	3,	110,	'1',	500),
(991,	9,	70,	952,	3,	150,	'1',	400),
(992,	9,	70,	953,	3,	60,	'1',	200),
(993,	9,	70,	953,	3,	199,	'1',	200),
(994,	9,	69,	954,	3,	19,	'1',	75),
(995,	8,	63,	955,	1,	70,	'1',	1),
(996,	2,	5,	956,	1,	87,	'1',	1),
(997,	2,	5,	957,	3,	90,	'1',	100),
(998,	3,	20,	958,	4,	72,	'1',	200),
(999,	8,	64,	959,	3,	35,	'1',	500),
(1000,	2,	9,	960,	3,	85,	'1',	550),
(1001,	2,	15,	961,	3,	36,	'1',	100),
(1002,	9,	69,	962,	3,	40,	'1',	5),
(1003,	9,	70,	963,	3,	65,	'1',	200),
(1004,	9,	70,	964,	3,	65,	'1',	250),
(1005,	9,	70,	965,	3,	69,	'1',	100),
(1006,	9,	70,	966,	3,	199,	'1',	160),
(1007,	9,	70,	967,	3,	60,	'1',	100),
(1008,	9,	69,	968,	1,	250,	'1',	1),
(1009,	9,	69,	969,	4,	80,	'1',	450),
(1010,	9,	70,	970,	3,	70,	'1',	250),
(1011,	9,	70,	971,	3,	450,	'1',	600),
(1012,	9,	70,	972,	3,	200,	'1',	600),
(1013,	9,	70,	973,	3,	60,	'1',	100),
(1014,	2,	5,	974,	1,	84,	'1',	1),
(1015,	2,	13,	975,	3,	50,	'1',	200),
(1016,	9,	69,	976,	3,	30,	'1',	100),
(1017,	9,	70,	977,	3,	111,	'1',	182),
(1018,	9,	70,	978,	3,	60,	'1',	200),
(1019,	2,	13,	979,	3,	95,	'1',	200),
(1020,	9,	70,	980,	3,	15,	'1',	120),
(1021,	9,	70,	981,	3,	67,	'1',	200),
(1022,	9,	70,	982,	3,	49,	'1',	100),
(1023,	2,	5,	983,	3,	35,	'1',	200),
(1024,	3,	22,	984,	4,	100,	'1',	100),
(1025,	2,	5,	985,	3,	55,	'1',	250),
(1026,	9,	70,	986,	3,	65,	'1',	250),
(1027,	9,	69,	987,	4,	90,	'1',	500),
(1028,	9,	69,	988,	3,	35,	'1',	100),
(1029,	9,	69,	989,	4,	70,	'1',	450),
(1030,	9,	70,	990,	3,	70,	'1',	140),
(1031,	9,	70,	991,	3,	55,	'1',	140),
(1032,	9,	70,	992,	3,	200,	'1',	532),
(1033,	9,	70,	993,	3,	60,	'1',	100),
(1034,	9,	70,	994,	3,	75,	'1',	200),
(1035,	9,	69,	995,	3,	35,	'1',	100),
(1036,	9,	69,	996,	3,	537,	'1',	1325),
(1037,	9,	69,	997,	3,	70,	'1',	200),
(1038,	9,	69,	998,	3,	70,	'1',	200),
(1039,	9,	69,	999,	3,	70,	'1',	200),
(1040,	9,	70,	1000,	3,	111,	'1',	250),
(1041,	9,	70,	1001,	3,	15,	'1',	120),
(1042,	9,	70,	1002,	3,	49,	'1',	100),
(1043,	9,	70,	1002,	3,	199,	'1',	200),
(1044,	9,	70,	1003,	3,	49,	'1',	100),
(1045,	9,	70,	1004,	3,	60,	'1',	100),
(1046,	9,	69,	1005,	3,	40,	'1',	75),
(1047,	2,	13,	1006,	3,	10,	'1',	100),
(1048,	2,	5,	1007,	1,	82,	'1',	1),
(1049,	9,	70,	1008,	3,	65,	'1',	25),
(1050,	2,	10,	1009,	3,	12,	'1',	60),
(1051,	9,	69,	1010,	3,	90,	'1',	100),
(1052,	9,	70,	1011,	3,	60,	'1',	200),
(1053,	9,	70,	1012,	3,	125,	'1',	250),
(1054,	9,	70,	1013,	3,	50,	'1',	200),
(1055,	9,	70,	1014,	3,	39,	'1',	100),
(1056,	9,	70,	1015,	3,	60,	'1',	100),
(1057,	9,	70,	1016,	3,	60,	'1',	100),
(1058,	9,	69,	1017,	3,	350,	'1',	200),
(1059,	9,	69,	1018,	3,	160,	'1',	200),
(1060,	9,	70,	1019,	3,	65,	'1',	200),
(1061,	9,	70,	1020,	3,	15,	'1',	120),
(1062,	9,	70,	1021,	3,	157,	'1',	350),
(1063,	9,	70,	1022,	3,	99,	'1',	74),
(1064,	9,	69,	1023,	3,	60,	'1',	200),
(1065,	9,	69,	1024,	4,	61,	'1',	225),
(1066,	9,	70,	1025,	3,	107,	'1',	250),
(1067,	9,	70,	1026,	3,	50,	'1',	200),
(1068,	9,	70,	1027,	3,	60,	'1',	100),
(1069,	9,	70,	1027,	3,	199,	'1',	200),
(1070,	9,	70,	1028,	3,	60,	'1',	100),
(1071,	9,	70,	1029,	3,	75,	'1',	200),
(1072,	9,	70,	1030,	1,	68,	'1',	1),
(1073,	9,	70,	1031,	3,	53,	'1',	500),
(1074,	9,	70,	1032,	3,	75,	'1',	160),
(1075,	9,	70,	1033,	3,	60,	'1',	100),
(1076,	9,	69,	1034,	3,	577,	'1',	171),
(1077,	9,	70,	1035,	3,	95,	'1',	200),
(1078,	9,	70,	1036,	3,	300,	'1',	350),
(1079,	9,	70,	1037,	3,	60,	'1',	100),
(1080,	9,	70,	1038,	3,	75,	'1',	200),
(1081,	9,	69,	1039,	3,	90,	'1',	40),
(1082,	9,	70,	1040,	3,	125,	'1',	75),
(1083,	9,	70,	1041,	3,	111,	'1',	250),
(1084,	9,	70,	1042,	3,	450,	'1',	862),
(1085,	9,	70,	1043,	3,	49,	'1',	100),
(1086,	9,	70,	1044,	3,	60,	'1',	100),
(1087,	9,	70,	1045,	3,	69,	'1',	100),
(1088,	9,	70,	1046,	3,	60,	'1',	100),
(1089,	2,	5,	1047,	3,	59,	'1',	200),
(1090,	9,	70,	1048,	3,	55,	'1',	140),
(1091,	9,	70,	1049,	3,	49,	'1',	100),
(1092,	9,	70,	1050,	3,	60,	'1',	100),
(1093,	9,	70,	1051,	3,	75,	'1',	200),
(1094,	3,	22,	1052,	4,	28,	'1',	120),
(1095,	9,	70,	1053,	3,	400,	'1',	930),
(1096,	9,	70,	1054,	3,	39,	'1',	100),
(1097,	9,	70,	1055,	3,	49,	'1',	100),
(1098,	9,	70,	1056,	3,	49,	'1',	100),
(1099,	9,	70,	1057,	3,	49,	'1',	100),
(1100,	9,	69,	1058,	3,	60,	'1',	60),
(1101,	9,	69,	1059,	3,	115,	'1',	127),
(1102,	9,	69,	1060,	3,	177,	'1',	347),
(1103,	9,	69,	1061,	3,	110,	'1',	147),
(1104,	9,	69,	1062,	3,	155,	'1',	150),
(1105,	9,	70,	1063,	3,	60,	'1',	100),
(1106,	9,	70,	1064,	3,	79,	'1',	100),
(1107,	2,	3,	1065,	1,	85,	'1',	1),
(1108,	3,	17,	1066,	3,	110,	'1',	127),
(1109,	2,	14,	1067,	3,	115,	'1',	520),
(1110,	9,	69,	1068,	3,	1000,	'1',	1),
(1111,	9,	70,	1069,	3,	70,	'1',	250),
(1112,	9,	70,	1070,	3,	105,	'1',	250),
(1113,	9,	70,	1071,	3,	50,	'1',	200),
(1114,	9,	70,	1072,	3,	157,	'1',	350),
(1115,	9,	70,	1072,	3,	199,	'1',	200),
(1116,	9,	70,	1073,	3,	49,	'1',	100),
(1117,	9,	70,	1074,	3,	60,	'1',	100),
(1118,	9,	70,	1075,	3,	60,	'1',	100),
(1119,	3,	17,	1076,	3,	30,	'1',	25),
(1120,	2,	3,	1077,	1,	140,	'1',	2),
(1121,	9,	70,	1078,	3,	115,	'1',	250),
(1122,	9,	70,	1079,	3,	250,	'1',	532),
(1123,	9,	70,	1080,	3,	15,	'1',	120),
(1124,	9,	70,	1081,	3,	67,	'1',	200),
(1125,	9,	70,	1082,	3,	600,	'1',	1498),
(1126,	9,	70,	1082,	3,	199,	'1',	200),
(1127,	9,	70,	1083,	3,	79,	'1',	50),
(1128,	2,	15,	1084,	3,	100,	'1',	60),
(1129,	9,	70,	1085,	3,	70,	'1',	250),
(1130,	9,	70,	1086,	3,	15,	'1',	120),
(1131,	9,	70,	1087,	3,	125,	'1',	350),
(1132,	9,	70,	1088,	3,	60,	'1',	100),
(1133,	9,	70,	1089,	3,	75,	'1',	200),
(1134,	9,	69,	1090,	3,	6,	'1',	10),
(1135,	9,	69,	1091,	3,	702,	'1',	311),
(1136,	9,	69,	1092,	3,	347,	'1',	1),
(1137,	9,	69,	1093,	3,	825,	'1',	95),
(1138,	9,	69,	1094,	3,	1343,	'1',	234),
(1139,	9,	70,	1095,	3,	95,	'1',	200),
(1140,	9,	70,	1096,	3,	500,	'1',	1698),
(1141,	9,	70,	1097,	3,	300,	'1',	800),
(1142,	9,	70,	1098,	3,	157,	'1',	200),
(1143,	9,	70,	1099,	3,	157,	'1',	350),
(1144,	9,	70,	1100,	3,	300,	'1',	100),
(1145,	9,	70,	1101,	3,	49,	'1',	100),
(1146,	9,	70,	1102,	3,	49,	'1',	100),
(1147,	9,	70,	1103,	3,	69,	'1',	100),
(1148,	9,	70,	1104,	3,	69,	'1',	100),
(1149,	9,	70,	1105,	3,	75,	'1',	200),
(1150,	9,	69,	1106,	3,	60,	'1',	40),
(1151,	9,	69,	1107,	3,	70,	'1',	50),
(1152,	9,	70,	1108,	3,	105,	'1',	200),
(1153,	9,	70,	1109,	3,	70,	'1',	250),
(1154,	9,	70,	1110,	3,	157,	'1',	350),
(1155,	9,	70,	1111,	3,	50,	'1',	150),
(1156,	9,	70,	1112,	3,	69,	'1',	100),
(1157,	9,	69,	1113,	3,	15,	'1',	75),
(1158,	9,	69,	1114,	3,	35,	'1',	100),
(1159,	3,	22,	1115,	3,	25,	'1',	15),
(1160,	3,	22,	1116,	3,	20,	'1',	15),
(1161,	9,	69,	1117,	3,	35,	'1',	20),
(1162,	9,	69,	1118,	3,	600,	'1',	450),
(1163,	9,	70,	1119,	3,	200,	'1',	350),
(1164,	9,	70,	1120,	3,	65,	'1',	200),
(1165,	9,	70,	1121,	3,	65,	'1',	200),
(1166,	9,	70,	1122,	3,	70,	'1',	250),
(1167,	9,	70,	1123,	3,	65,	'1',	250),
(1168,	9,	70,	1124,	3,	170,	'1',	400),
(1169,	9,	70,	1125,	3,	200,	'1',	528),
(1170,	9,	70,	1126,	3,	250,	'1',	400),
(1171,	9,	70,	1127,	3,	60,	'1',	200),
(1172,	9,	70,	1128,	3,	60,	'1',	200),
(1173,	9,	70,	1129,	3,	60,	'1',	200),
(1174,	9,	70,	1130,	3,	60,	'1',	200),
(1175,	9,	70,	1131,	3,	60,	'1',	200),
(1176,	9,	70,	1132,	3,	60,	'1',	200),
(1177,	9,	70,	1133,	3,	250,	'1',	600),
(1178,	9,	70,	1134,	3,	399,	'1',	700),
(1179,	9,	70,	1135,	3,	100,	'1',	110),
(1180,	9,	70,	1136,	3,	111,	'1',	110),
(1181,	9,	70,	1137,	3,	15,	'1',	120),
(1182,	9,	70,	1138,	3,	55,	'1',	140),
(1183,	9,	70,	1139,	3,	55,	'1',	140),
(1184,	9,	70,	1140,	3,	55,	'1',	140),
(1185,	9,	70,	1141,	3,	150,	'1',	500),
(1186,	9,	70,	1142,	3,	50,	'1',	162),
(1187,	9,	70,	1143,	3,	150,	'1',	350),
(1188,	9,	70,	1144,	3,	150,	'1',	350),
(1189,	9,	70,	1145,	3,	400,	'1',	600),
(1190,	9,	70,	1146,	3,	130,	'1',	500),
(1191,	9,	70,	1147,	3,	250,	'1',	500),
(1192,	9,	70,	1148,	3,	67,	'1',	200),
(1193,	9,	70,	1149,	3,	67,	'1',	200),
(1194,	9,	70,	1150,	3,	67,	'1',	200),
(1195,	9,	70,	1151,	3,	67,	'1',	200),
(1196,	9,	70,	1152,	3,	50,	'1',	200),
(1197,	9,	70,	1153,	3,	67,	'1',	200),
(1198,	9,	70,	1154,	3,	100,	'1',	250),
(1199,	9,	70,	1155,	1,	500,	'1',	2),
(1200,	9,	70,	1156,	3,	350,	'1',	550),
(1201,	9,	70,	1157,	3,	100,	'1',	198),
(1202,	9,	70,	1158,	3,	25,	'1',	100),
(1203,	9,	70,	1159,	3,	300,	'1',	800),
(1204,	9,	70,	1160,	3,	50,	'1',	200),
(1205,	9,	70,	1161,	3,	50,	'1',	200),
(1206,	9,	70,	1162,	3,	157,	'1',	350),
(1207,	9,	70,	1163,	3,	157,	'1',	350),
(1208,	9,	70,	1164,	3,	400,	'1',	350),
(1209,	9,	70,	1165,	3,	157,	'1',	350),
(1210,	9,	70,	1166,	3,	50,	'1',	150),
(1211,	9,	70,	1167,	3,	30,	'1',	220),
(1212,	9,	70,	1168,	3,	50,	'1',	150),
(1213,	9,	70,	1169,	3,	60,	'1',	100),
(1214,	9,	70,	1170,	3,	60,	'1',	100),
(1215,	9,	70,	1171,	3,	60,	'1',	100),
(1216,	9,	70,	1172,	3,	49,	'1',	100),
(1217,	9,	70,	1173,	3,	60,	'1',	100),
(1218,	9,	70,	1174,	3,	60,	'1',	100),
(1219,	9,	70,	1175,	3,	49,	'1',	100),
(1220,	9,	70,	1176,	3,	60,	'1',	100),
(1221,	9,	70,	1177,	3,	60,	'1',	100),
(1222,	9,	70,	1178,	3,	60,	'1',	100),
(1223,	9,	70,	1179,	3,	125,	'1',	200),
(1224,	9,	70,	1180,	3,	75,	'1',	200),
(1225,	9,	70,	1181,	3,	75,	'1',	200),
(1226,	9,	70,	1182,	3,	125,	'1',	200),
(1227,	9,	70,	1183,	3,	75,	'1',	200),
(1228,	9,	70,	1184,	3,	125,	'1',	200),
(1229,	9,	70,	1185,	3,	75,	'1',	200),
(1230,	9,	70,	1186,	3,	125,	'1',	200),
(1231,	9,	70,	1187,	3,	75,	'1',	200),
(1232,	9,	70,	1188,	3,	75,	'1',	200),
(1233,	9,	70,	1189,	3,	75,	'1',	200),
(1234,	9,	70,	1190,	3,	60,	'1',	200),
(1235,	3,	20,	1191,	4,	70,	'1',	100),
(1236,	3,	22,	1192,	3,	40,	'1',	50),
(1237,	3,	22,	1193,	4,	75,	'1',	100),
(1238,	3,	22,	1194,	3,	75,	'1',	50),
(1239,	3,	22,	1195,	3,	40,	'1',	25),
(1240,	2,	15,	1196,	2,	100,	'1',	1),
(1241,	2,	9,	1197,	2,	85,	'1',	1),
(1242,	9,	69,	1198,	4,	90,	'1',	500),
(1243,	2,	9,	1199,	4,	80,	'1',	500),
(1244,	2,	9,	1200,	4,	20,	'1',	200),
(1245,	2,	9,	1201,	2,	85,	'1',	1),
(1246,	2,	9,	1202,	4,	20,	'1',	200),
(1247,	2,	9,	1203,	2,	85,	'1',	1),
(1248,	2,	9,	1204,	2,	85,	'1',	1),
(1249,	2,	9,	1205,	2,	85,	'1',	1),
(1250,	2,	14,	1206,	3,	55,	'1',	250),
(1251,	9,	69,	1207,	3,	90,	'1',	40),
(1252,	8,	63,	1208,	3,	6,	'1',	125),
(1253,	8,	64,	1209,	4,	90,	'1',	175),
(1254,	2,	4,	1210,	3,	20,	'1',	10),
(1255,	3,	20,	1211,	3,	3,	'1',	8),
(1256,	2,	15,	1212,	3,	70,	'1',	250),
(1257,	2,	5,	1213,	3,	35,	'1',	500),
(1258,	2,	5,	1214,	1,	110,	'1',	1),
(1259,	2,	15,	1215,	1,	120,	'1',	1),
(1260,	2,	9,	1216,	4,	30,	'1',	500),
(1261,	2,	9,	1217,	2,	50,	'1',	1),
(1262,	2,	4,	1218,	3,	105,	'1',	100),
(1263,	3,	20,	1219,	3,	60,	'1',	100),
(1264,	2,	9,	1220,	4,	85,	'1',	750),
(1265,	2,	9,	1221,	4,	100,	'1',	750),
(1266,	2,	9,	1222,	4,	100,	'1',	750),
(1267,	9,	69,	1223,	3,	50,	'1',	20),
(1268,	9,	69,	1224,	3,	70,	'1',	20),
(1269,	2,	5,	1225,	3,	40,	'1',	500),
(1270,	3,	20,	1226,	4,	60,	'1',	100),
(1271,	3,	20,	1227,	4,	95,	'1',	150),
(1272,	2,	16,	1227,	3,	88,	'1',	200),
(1273,	9,	69,	1228,	3,	300,	'1',	1),
(1274,	9,	69,	1229,	4,	100,	'1',	750),
(1275,	9,	69,	1230,	1,	60,	'1',	1),
(1276,	2,	9,	1231,	4,	95,	'1',	750),
(1277,	2,	9,	1232,	4,	115,	'1',	750),
(1278,	3,	20,	1233,	4,	85,	'1',	100),
(1279,	8,	63,	1234,	3,	10,	'1',	175),
(1280,	2,	16,	1235,	3,	190,	'1',	500),
(1281,	2,	15,	1236,	3,	70,	'1',	500),
(1282,	9,	70,	1237,	3,	251,	'1',	332),
(1283,	9,	70,	1238,	3,	350,	'1',	1100),
(1284,	2,	16,	1239,	3,	75,	'1',	200),
(1285,	8,	68,	1240,	3,	10,	'1',	20),
(1286,	8,	68,	1241,	3,	15,	'1',	33),
(1287,	9,	69,	1242,	4,	20,	'1',	10),
(1288,	8,	68,	1243,	3,	15,	'1',	61),
(1289,	9,	70,	1244,	3,	60,	'1',	200),
(1290,	9,	70,	1245,	3,	600,	'1',	540),
(1291,	9,	70,	1246,	3,	500,	'1',	468),
(1292,	9,	69,	1247,	1,	500,	'1',	1),
(1293,	9,	70,	1248,	3,	69,	'1',	50),
(1294,	9,	69,	1249,	3,	500,	'1',	725),
(1295,	9,	69,	1250,	3,	45,	'1',	75),
(1296,	8,	67,	1251,	3,	70,	'1',	25),
(1297,	3,	20,	1252,	4,	80,	'1',	100),
(1298,	3,	19,	1253,	3,	60,	'1',	100),
(1299,	2,	9,	1254,	3,	35,	'1',	250),
(1300,	2,	13,	1255,	3,	35,	'1',	100),
(1301,	9,	69,	1256,	3,	55,	'1',	100),
(1302,	2,	14,	1257,	3,	10,	'1',	60),
(1303,	2,	10,	1258,	3,	10,	'1',	60),
(1304,	2,	1,	1259,	4,	310,	'1',	500),
(1305,	2,	9,	1260,	4,	30,	'1',	500),
(1306,	2,	1,	1261,	2,	190,	'1',	1),
(1307,	2,	12,	1262,	3,	140,	'1',	250),
(1308,	2,	5,	1263,	3,	28,	'1',	500),
(1309,	8,	68,	1264,	3,	160,	'1',	444),
(1310,	2,	16,	1265,	3,	215,	'1',	500),
(1311,	2,	16,	1266,	3,	441,	'1',	1019),
(1312,	2,	4,	1267,	3,	207,	'1',	810),
(1313,	2,	9,	1268,	2,	60,	'1',	1),
(1314,	2,	9,	1269,	2,	135,	'1',	1),
(1315,	2,	9,	1270,	2,	255,	'1',	1),
(1316,	2,	9,	1271,	4,	80,	'1',	1500),
(1317,	2,	9,	1272,	4,	115,	'1',	1500),
(1318,	2,	9,	1273,	4,	115,	'1',	1500),
(1319,	2,	9,	1274,	4,	115,	'1',	1500),
(1320,	2,	9,	1275,	4,	60,	'1',	600),
(1321,	2,	9,	1276,	4,	115,	'1',	1500),
(1322,	9,	69,	1277,	3,	70,	'1',	200),
(1323,	9,	69,	1278,	3,	70,	'1',	200),
(1324,	9,	69,	1279,	3,	70,	'1',	200),
(1325,	3,	22,	1280,	4,	135,	'1',	250),
(1326,	8,	63,	1281,	3,	40,	'1',	840),
(1327,	8,	63,	1282,	3,	20,	'1',	10),
(1328,	8,	63,	1283,	1,	98,	'1',	2),
(1329,	8,	65,	1284,	4,	69,	'1',	75),
(1348,	10,	73,	1303,	1,	20,	'1',	1),
(1349,	10,	73,	1304,	1,	0,	'1',	1),
(1350,	10,	73,	1305,	1,	0,	'1',	1),
(1351,	10,	72,	1306,	1,	0,	'1',	1),
(1352,	10,	72,	1307,	1,	0,	'1',	1),
(1353,	10,	74,	1308,	1,	0,	'1',	1),
(1354,	10,	73,	1309,	1,	0,	'1',	1),
(1355,	10,	72,	1310,	1,	0,	'1',	1),
(1356,	10,	72,	1311,	1,	0,	'1',	1),
(1357,	10,	73,	1312,	1,	0,	'1',	1),
(1358,	10,	73,	1313,	1,	0,	'1',	1),
(1359,	10,	72,	1314,	1,	0,	'1',	1),
(1360,	10,	72,	1315,	1,	0,	'1',	1),
(1361,	10,	73,	1316,	1,	0,	'1',	1),
(1362,	10,	74,	1317,	1,	0,	'1',	1),
(1363,	10,	74,	1318,	1,	0,	'1',	1),
(1364,	10,	73,	1319,	1,	0,	'1',	1),
(1365,	10,	74,	1320,	1,	0,	'1',	1),
(1366,	10,	73,	1321,	1,	0,	'1',	1),
(1367,	10,	72,	1322,	1,	0,	'1',	1),
(1368,	10,	74,	1323,	1,	0,	'1',	1),
(1369,	10,	72,	1324,	1,	0,	'1',	1),
(1370,	10,	73,	1325,	1,	0,	'1',	1),
(1371,	10,	72,	1326,	1,	0,	'1',	1),
(1372,	10,	73,	1327,	1,	0,	'1',	1),
(1373,	10,	74,	1328,	1,	0,	'1',	1),
(1374,	10,	73,	1329,	1,	0,	'1',	1),
(1375,	10,	72,	1330,	1,	0,	'1',	1),
(1376,	10,	72,	1331,	1,	0,	'1',	1),
(1377,	10,	72,	1332,	1,	0,	'1',	1);

CREATE TABLE `gro_menufacture_tab` (
  `menu_id` int(254) NOT NULL AUTO_INCREMENT,
  `menu_name` varchar(254) NOT NULL,
  PRIMARY KEY (`menu_id`)
) ENGINE=InnoDB AUTO_INCREMENT=6 DEFAULT CHARSET=latin1;

INSERT INTO `gro_menufacture_tab` (`menu_id`, `menu_name`) VALUES
(1,	'Tata'),
(2,	'Jasmin'),
(3,	'Patanjali'),
(4,	'Sarda'),
(5,	'Reliance');

CREATE TABLE `gro_offer_tab` (
  `gro_offer_id` int(255) unsigned NOT NULL AUTO_INCREMENT,
  `gro_shop_info_id` int(255) unsigned NOT NULL,
  `price_grater_than` float NOT NULL,
  `discount` float NOT NULL,
  `status` varchar(150) CHARACTER SET utf8 COLLATE utf8_unicode_ci NOT NULL DEFAULT 'true',
  `img` longtext CHARACTER SET utf8 COLLATE utf8_unicode_ci,
  `created_at` timestamp NOT NULL DEFAULT CURRENT_TIMESTAMP,
  `updated_at` timestamp NULL DEFAULT NULL,
  PRIMARY KEY (`gro_offer_id`)
) ENGINE=InnoDB DEFAULT CHARSET=utf8 COLLATE=utf8_unicode_ci;


CREATE TABLE `gro_offer_table` (
  `gro_offer_id` int(10) unsigned NOT NULL AUTO_INCREMENT,
  `gro_shop_info_id` int(10) unsigned NOT NULL DEFAULT '0',
  `gro_offer_name` varchar(250) NOT NULL,
  `gro_offer_from` datetime NOT NULL ON UPDATE CURRENT_TIMESTAMP,
  `gro_offer_to` datetime NOT NULL ON UPDATE CURRENT_TIMESTAMP,
  `gro_offer_minBalance` float NOT NULL,
  `gro_offer_type` varchar(100) NOT NULL DEFAULT 'Percentage',
  `gro_offer_value` int(10) NOT NULL,
  `gro_offer_pic` varchar(250) CHARACTER SET utf8 COLLATE utf8_general_ci DEFAULT NULL,
  `gro_offer_status` int(10) NOT NULL,
  `gro_offer_comment` varchar(250) CHARACTER SET utf8 COLLATE utf8_general_ci NOT NULL,
  PRIMARY KEY (`gro_offer_id`)
) ENGINE=InnoDB AUTO_INCREMENT=5 DEFAULT CHARSET=utf8;

INSERT INTO `gro_offer_table` (`gro_offer_id`, `gro_shop_info_id`, `gro_offer_name`, `gro_offer_from`, `gro_offer_to`, `gro_offer_minBalance`, `gro_offer_type`, `gro_offer_value`, `gro_offer_pic`, `gro_offer_status`, `gro_offer_comment`) VALUES
(1,	5,	'New Offer',	'2019-01-26 08:37:11',	'2019-01-26 08:37:11',	500,	'Flat',	50,	'Shop_id_5/5c50093b390051548749115.jpg',	1,	'helo'),
(2,	5,	'New Offer1',	'2018-05-04 00:00:00',	'2019-01-31 00:00:00',	500,	'Flat',	50,	'Shop_id_5/5c4f0fd16a1451548685265.jpg',	1,	'helo'),
(4,	5,	'Test Without Image',	'2019-01-26 08:37:11',	'2019-01-26 08:37:11',	500,	'Percentage',	50,	'ImageNotFound.png',	1,	'helo');

CREATE TABLE `gro_order_tab` (
  `gro_order_id` int(255) unsigned NOT NULL AUTO_INCREMENT,
  `gro_cart_id` int(255) unsigned NOT NULL,
  `gro_quantity` int(255) unsigned NOT NULL,
  `real_price` int(11) NOT NULL,
  `offer_price` int(224) NOT NULL,
  `gro_map_id` int(224) NOT NULL,
  `gro_product_shop_id` int(255) unsigned DEFAULT NULL,
  `order_status` int(224) unsigned NOT NULL DEFAULT '0',
  `created_at` timestamp NOT NULL DEFAULT CURRENT_TIMESTAMP,
  `updated_at` timestamp NULL DEFAULT NULL,
  PRIMARY KEY (`gro_order_id`),
  KEY `gro_product_shop_id` (`gro_product_shop_id`)
) ENGINE=InnoDB AUTO_INCREMENT=119 DEFAULT CHARSET=utf8 COLLATE=utf8_unicode_ci;

INSERT INTO `gro_order_tab` (`gro_order_id`, `gro_cart_id`, `gro_quantity`, `real_price`, `offer_price`, `gro_map_id`, `gro_product_shop_id`, `order_status`, `created_at`, `updated_at`) VALUES
(1,	1,	2,	100,	0,	1,	NULL,	1,	'2018-11-14 07:52:08',	NULL),
(2,	1,	2,	100,	0,	2,	NULL,	1,	'2018-11-14 07:52:08',	NULL),
(3,	1,	2,	100,	0,	3,	NULL,	0,	'2018-11-14 07:52:08',	NULL),
(4,	1,	2,	100,	0,	4,	NULL,	0,	'2018-11-14 07:52:08',	NULL),
(5,	1,	2,	100,	0,	5,	NULL,	0,	'2018-11-14 07:52:08',	NULL),
(6,	2,	2,	100,	0,	1,	NULL,	1,	'2018-11-14 07:52:08',	NULL),
(7,	4,	3,	85,	0,	2,	NULL,	0,	'2019-01-13 19:13:57',	NULL),
(8,	4,	3,	85,	0,	2,	NULL,	0,	'2019-01-13 19:13:57',	NULL),
(9,	4,	3,	85,	0,	2,	NULL,	0,	'2019-01-13 19:13:57',	NULL),
(10,	5,	3,	85,	0,	2,	NULL,	0,	'2019-01-13 19:14:13',	NULL),
(11,	5,	3,	85,	0,	2,	NULL,	0,	'2019-01-13 19:14:13',	NULL),
(12,	5,	3,	85,	0,	2,	NULL,	0,	'2019-01-13 19:14:13',	NULL),
(13,	6,	3,	85,	0,	2,	NULL,	0,	'2019-01-13 19:23:27',	NULL),
(14,	6,	3,	85,	0,	2,	NULL,	0,	'2019-01-13 19:23:27',	NULL),
(15,	6,	3,	85,	0,	2,	NULL,	0,	'2019-01-13 19:23:27',	NULL),
(16,	6,	3,	85,	0,	2,	NULL,	0,	'2019-01-13 19:23:27',	NULL),
(17,	7,	3,	85,	0,	2,	NULL,	0,	'2019-01-13 19:24:22',	NULL),
(18,	7,	3,	85,	0,	2,	NULL,	0,	'2019-01-13 19:24:22',	NULL),
(19,	7,	3,	85,	0,	2,	NULL,	0,	'2019-01-13 19:24:22',	NULL),
(20,	8,	3,	85,	0,	2,	NULL,	0,	'2019-01-13 19:25:10',	NULL),
(21,	8,	3,	85,	0,	2,	NULL,	0,	'2019-01-13 19:25:10',	NULL),
(22,	8,	3,	85,	0,	2,	NULL,	0,	'2019-01-13 19:25:10',	NULL),
(23,	9,	3,	85,	0,	2,	NULL,	0,	'2019-01-13 23:09:22',	NULL),
(24,	9,	3,	99,	0,	3,	NULL,	0,	'2019-01-13 23:09:22',	NULL),
(25,	9,	3,	85,	0,	2,	NULL,	0,	'2019-01-13 23:09:22',	NULL),
(26,	9,	3,	99,	0,	3,	NULL,	0,	'2019-01-13 23:09:22',	NULL),
(27,	9,	3,	85,	0,	2,	NULL,	0,	'2019-01-13 23:09:22',	NULL),
(28,	9,	3,	99,	0,	3,	NULL,	0,	'2019-01-13 23:09:22',	NULL),
(29,	9,	3,	85,	0,	2,	NULL,	0,	'2019-01-13 23:09:22',	NULL),
(30,	9,	3,	99,	0,	3,	NULL,	0,	'2019-01-13 23:09:22',	NULL),
(31,	10,	1,	85,	0,	2,	NULL,	0,	'2019-01-14 03:02:36',	NULL),
(32,	10,	1,	85,	0,	2,	NULL,	0,	'2019-01-14 03:02:36',	NULL),
(33,	10,	1,	85,	0,	2,	NULL,	0,	'2019-01-14 03:02:36',	NULL),
(34,	11,	1,	85,	0,	2,	NULL,	0,	'2019-01-14 03:02:48',	NULL),
(35,	11,	1,	85,	0,	2,	NULL,	0,	'2019-01-14 03:02:48',	NULL),
(36,	11,	1,	85,	0,	2,	NULL,	0,	'2019-01-14 03:02:48',	NULL),
(37,	12,	1,	85,	0,	2,	NULL,	0,	'2019-01-14 03:02:49',	NULL),
(38,	12,	1,	85,	0,	2,	NULL,	0,	'2019-01-14 03:02:49',	NULL),
(39,	12,	1,	85,	0,	2,	NULL,	0,	'2019-01-14 03:02:49',	NULL),
(40,	13,	1,	85,	0,	2,	NULL,	1,	'2019-01-14 03:03:43',	NULL),
(41,	13,	1,	85,	0,	2,	NULL,	0,	'2019-01-14 03:03:43',	NULL),
(42,	13,	1,	85,	0,	2,	NULL,	0,	'2019-01-14 03:03:43',	NULL),
(43,	13,	1,	85,	0,	2,	NULL,	0,	'2019-01-14 03:03:43',	NULL),
(44,	13,	1,	85,	0,	2,	NULL,	0,	'2019-01-14 03:03:43',	NULL),
(45,	13,	1,	85,	0,	2,	NULL,	0,	'2019-01-14 03:03:43',	NULL),
(46,	13,	1,	85,	0,	2,	NULL,	0,	'2019-01-14 03:03:43',	NULL),
(47,	13,	1,	85,	0,	2,	NULL,	0,	'2019-01-14 03:03:43',	NULL),
(48,	14,	3,	85,	0,	2,	NULL,	1,	'2019-01-14 08:37:25',	NULL),
(49,	14,	3,	85,	0,	2,	NULL,	1,	'2019-01-14 08:37:25',	NULL),
(50,	14,	3,	85,	0,	2,	NULL,	1,	'2019-01-14 08:37:25',	NULL),
(51,	14,	3,	85,	0,	2,	NULL,	1,	'2019-01-14 08:37:25',	NULL),
(52,	14,	3,	85,	0,	2,	NULL,	1,	'2019-01-14 08:37:25',	NULL),
(53,	15,	3,	85,	0,	2,	NULL,	1,	'2019-01-14 08:37:26',	NULL),
(54,	15,	3,	85,	0,	2,	NULL,	0,	'2019-01-14 08:37:26',	NULL),
(55,	15,	3,	85,	0,	2,	NULL,	0,	'2019-01-14 08:37:26',	NULL),
(56,	15,	3,	85,	0,	2,	NULL,	0,	'2019-01-14 08:37:26',	NULL),
(57,	15,	3,	85,	0,	2,	NULL,	0,	'2019-01-14 08:37:26',	NULL),
(58,	16,	3,	85,	0,	2,	NULL,	0,	'2019-01-14 08:38:51',	NULL),
(59,	16,	3,	85,	0,	2,	NULL,	0,	'2019-01-14 08:38:51',	NULL),
(60,	16,	3,	85,	0,	2,	NULL,	0,	'2019-01-14 08:38:51',	NULL),
(61,	17,	3,	85,	0,	2,	NULL,	0,	'2019-01-14 08:41:51',	NULL),
(62,	17,	3,	85,	0,	2,	NULL,	0,	'2019-01-14 08:41:51',	NULL),
(63,	17,	3,	85,	0,	2,	NULL,	0,	'2019-01-14 08:41:51',	NULL),
(64,	17,	3,	85,	0,	2,	NULL,	0,	'2019-01-14 08:41:51',	NULL),
(65,	18,	3,	85,	0,	2,	NULL,	0,	'2019-01-14 08:55:51',	NULL),
(66,	18,	3,	85,	0,	2,	NULL,	0,	'2019-01-14 08:55:51',	NULL),
(67,	18,	3,	85,	0,	2,	NULL,	0,	'2019-01-14 08:55:51',	NULL),
(68,	19,	2,	85,	0,	2,	NULL,	0,	'2019-01-14 14:21:42',	NULL),
(69,	19,	2,	99,	0,	3,	NULL,	0,	'2019-01-14 14:21:42',	NULL),
(70,	19,	2,	85,	0,	2,	NULL,	0,	'2019-01-14 14:21:42',	NULL),
(71,	19,	2,	99,	0,	3,	NULL,	0,	'2019-01-14 14:21:42',	NULL),
(72,	19,	2,	85,	0,	2,	NULL,	0,	'2019-01-14 14:21:42',	NULL),
(73,	19,	2,	99,	0,	3,	NULL,	0,	'2019-01-14 14:21:42',	NULL),
(74,	19,	2,	85,	0,	2,	NULL,	0,	'2019-01-14 14:21:42',	NULL),
(75,	19,	2,	99,	0,	3,	NULL,	0,	'2019-01-14 14:21:42',	NULL),
(76,	20,	3,	85,	0,	2,	NULL,	1,	'2019-01-14 17:24:51',	NULL),
(77,	20,	3,	99,	0,	3,	NULL,	1,	'2019-01-14 17:24:51',	NULL),
(78,	21,	3,	85,	0,	2,	NULL,	1,	'2019-01-14 17:25:02',	NULL),
(79,	21,	3,	99,	0,	3,	NULL,	1,	'2019-01-14 17:25:02',	NULL),
(80,	21,	3,	85,	0,	2,	NULL,	1,	'2019-01-14 17:25:02',	NULL),
(81,	21,	3,	99,	0,	3,	NULL,	1,	'2019-01-14 17:25:02',	NULL),
(82,	22,	3,	85,	0,	2,	NULL,	1,	'2019-01-14 17:25:09',	NULL),
(83,	22,	3,	99,	0,	3,	NULL,	1,	'2019-01-14 17:25:09',	NULL),
(84,	22,	3,	85,	0,	2,	NULL,	1,	'2019-01-14 17:25:09',	NULL),
(85,	22,	3,	99,	0,	3,	NULL,	1,	'2019-01-14 17:25:09',	NULL),
(86,	22,	3,	85,	0,	2,	NULL,	1,	'2019-01-14 17:25:09',	NULL),
(87,	22,	3,	99,	0,	3,	NULL,	1,	'2019-01-14 17:25:09',	NULL),
(88,	24,	4,	99,	0,	3,	NULL,	0,	'2019-01-14 17:32:10',	NULL),
(89,	25,	3,	85,	0,	2,	NULL,	1,	'2019-01-14 18:11:12',	NULL),
(90,	25,	2,	99,	0,	3,	NULL,	0,	'2019-01-14 18:11:12',	NULL),
(91,	26,	1,	85,	0,	2,	NULL,	0,	'2019-01-14 18:29:26',	NULL),
(92,	27,	1,	85,	0,	1,	NULL,	0,	'2019-01-15 10:11:20',	NULL),
(93,	28,	4,	85,	0,	1,	121,	0,	'2019-01-19 16:18:55',	NULL),
(94,	29,	1,	85,	0,	2,	122,	0,	'2019-01-22 03:14:24',	NULL),
(95,	30,	2,	85,	0,	1,	121,	0,	'2019-01-22 03:32:09',	NULL),
(96,	30,	1,	85,	0,	2,	122,	0,	'2019-01-22 03:32:09',	NULL),
(97,	31,	3,	85,	0,	1,	121,	0,	'2019-01-22 03:59:41',	NULL),
(98,	32,	2,	85,	0,	1,	121,	1,	'2019-01-22 10:50:43',	NULL),
(99,	33,	1,	85,	0,	1,	121,	1,	'2019-01-22 11:09:28',	NULL),
(100,	34,	1,	85,	0,	2,	122,	1,	'2019-01-22 11:10:53',	NULL),
(101,	35,	4,	330,	0,	25,	126,	0,	'2019-01-23 09:01:27',	NULL),
(102,	36,	3,	85,	0,	1,	124,	0,	'2019-01-23 15:43:08',	NULL),
(103,	36,	3,	99,	0,	3,	115,	0,	'2019-01-23 15:43:08',	NULL),
(104,	36,	3,	85,	0,	1,	124,	0,	'2019-01-23 15:43:08',	NULL),
(105,	36,	3,	99,	0,	3,	115,	0,	'2019-01-23 15:43:08',	NULL),
(106,	37,	3,	85,	0,	1,	124,	1,	'2019-01-25 05:25:16',	NULL),
(107,	37,	2,	358,	0,	105,	131,	1,	'2019-01-25 05:25:16',	NULL),
(108,	37,	2,	361,	0,	106,	130,	1,	'2019-01-25 05:25:16',	NULL),
(109,	38,	1,	85,	0,	1,	124,	1,	'2019-01-25 09:58:05',	NULL),
(110,	39,	1,	850,	2,	1,	121,	1,	'2019-01-25 10:12:33',	NULL),
(111,	40,	1,	85,	0,	2,	122,	1,	'2019-01-25 17:04:42',	NULL),
(112,	41,	1,	850,	2,	1,	121,	1,	'2019-01-26 17:09:19',	NULL),
(113,	42,	3,	358,	0,	105,	131,	0,	'2019-01-27 19:38:38',	NULL),
(114,	43,	3,	850,	2,	1,	121,	1,	'2019-01-28 07:43:43',	NULL),
(115,	43,	8,	85,	0,	2,	122,	1,	'2019-01-28 07:43:43',	NULL),
(116,	44,	5,	850,	2,	1,	121,	1,	'2019-01-28 10:55:20',	NULL),
(117,	45,	2,	358,	0,	105,	131,	1,	'2019-01-28 11:04:38',	NULL),
(118,	45,	2,	361,	0,	106,	130,	1,	'2019-01-28 11:04:38',	NULL);

CREATE TABLE `gro_product_list_tab` (
  `gro_product_list_id` int(255) unsigned NOT NULL AUTO_INCREMENT,
  `gro_product_name` varchar(5000) CHARACTER SET utf8 COLLATE utf8_unicode_ci DEFAULT NULL,
  `gro_product_info` longtext CHARACTER SET utf8 COLLATE utf8_unicode_ci,
  `pic` longtext CHARACTER SET utf8 COLLATE utf8_unicode_ci,
  `tags` varchar(5000) CHARACTER SET utf8 COLLATE utf8_unicode_ci DEFAULT NULL,
  `created_at` timestamp NOT NULL DEFAULT CURRENT_TIMESTAMP,
  `updated_at` timestamp NULL DEFAULT NULL,
  PRIMARY KEY (`gro_product_list_id`)
) ENGINE=InnoDB AUTO_INCREMENT=1332 DEFAULT CHARSET=utf8 COLLATE=utf8_unicode_ci;

INSERT INTO `gro_product_list_tab` (`gro_product_list_id`, `gro_product_name`, `gro_product_info`, `pic`, `tags`, `created_at`, `updated_at`) VALUES
(1,	'Godrej Protekt Master Blaster Handwash (Refill)',	NULL,	'all_product_pics/personal_care/Godrej Protekt Master Blaster Handwash (Refill).jpg',	NULL,	'2018-11-06 05:07:35',	'2018-11-06 05:07:35'),
(2,	'Lifebuoy Nature Germ Protection Handwash',	NULL,	'all_product_pics/personal_care/Lifebuoy Nature Germ Protection Handwash.jpg',	NULL,	'2018-11-06 05:07:35',	'2018-11-06 05:07:35'),
(3,	'Dabur Red Toothpaste',	NULL,	'all_product_pics/personal_care/Dabur Red Toothpaste.jpg',	NULL,	'2018-11-06 05:07:35',	'2018-11-06 05:07:35'),
(4,	'Closeup Ever Fresh Red Hot Gel Toothpaste',	NULL,	'all_product_pics/personal_care/Closeup Ever Fresh Red Hot Gel Toothpaste.jpg',	NULL,	'2018-11-06 05:07:35',	'2018-11-06 05:07:35'),
(5,	'Closeup Ever Fresh Red Hot Gel Toothpaste',	NULL,	'all_product_pics/personal_care/Closeup Ever Fresh Red Hot Gel Toothpaste.jpg',	NULL,	'2018-11-06 05:07:35',	'2018-11-06 05:07:35'),
(6,	'Pepsodent G Expert Protection Gumcare+',	NULL,	'all_product_pics/personal_care/Pepsodent G Expert Protection Gumcare+.jpg',	NULL,	'2018-11-06 05:07:35',	'2018-11-06 05:07:35'),
(7,	'Pepsodent 2 In 1 Toothpaste',	NULL,	'all_product_pics/personal_care/Pepsodent 2 In 1 Toothpaste.jpg',	NULL,	'2018-11-06 05:07:35',	'2018-11-06 05:07:35'),
(8,	'Pepsodent Expert Protection Complete',	NULL,	'all_product_pics/personal_care/Pepsodent Expert Protection Complete.jpg',	NULL,	'2018-11-06 05:07:35',	'2018-11-06 05:07:35'),
(9,	'Dabur Meswak Toothpaste',	NULL,	'all_product_pics/personal_care/Dabur Meswak Toothpaste.jpg',	NULL,	'2018-11-06 05:07:35',	'2018-11-06 05:07:35'),
(10,	'Head & Shoulders Smooth & Silky Anti Dandruff',	NULL,	'all_product_pics/personal_care/Head & Shoulders Smooth & Silky Anti Dandruff.jpg',	NULL,	'2018-11-06 05:07:35',	'2018-11-06 05:07:35'),
(11,	'Head & Shoulders Cool Menthol Anti Dandruff',	NULL,	'all_product_pics/personal_care/Head & Shoulders Cool Menthol Anti Dandruff.jpeg',	NULL,	'2018-11-06 05:07:35',	'2018-11-06 05:07:35'),
(12,	'Head & Shoulders Cool Menthol Anti Dandruff',	NULL,	'all_product_pics/personal_care/Head & Shoulders Cool Menthol Anti Dandruff.jpeg',	NULL,	'2018-11-06 05:07:35',	'2018-11-06 05:07:35'),
(13,	'Pantene Hair Fall Control Shampoo',	NULL,	'all_product_pics/personal_care/Pantene Hair Fall Control Shampoo.jpg',	NULL,	'2018-11-06 05:07:35',	'2018-11-06 05:07:35'),
(14,	'Stayfree Dry Max All Night Sanitary Napkin (Extra',	NULL,	'all_product_pics/personal_care/Stayfree Dry Max All Night Sanitary Napkin (Extra.jpg',	NULL,	'2018-11-06 05:07:35',	'2018-11-06 05:07:35'),
(15,	'Sofy Bodyfit Anti Bacteria Sanitary Napkin (Extra',	NULL,	'all_product_pics/personal_care/Sofy Bodyfit Anti Bacteria Sanitary Napkin (Extra.jpg',	NULL,	'2018-11-06 05:07:35',	'2018-11-06 05:07:35'),
(16,	'Himalaya Purifying Neem Face Wash',	NULL,	'all_product_pics/personal_care/Himalaya Purifying Neem Face Wash.jpg',	NULL,	'2018-11-06 05:07:35',	'2018-11-06 05:07:35'),
(17,	'Clean & Clear Foaming Face Wash',	NULL,	'all_product_pics/personal_care/Clean & Clear Foaming Face Wash.jpg',	NULL,	'2018-11-06 05:07:35',	'2018-11-06 05:07:35'),
(18,	'Nivea Men All-In-1 Face Wash',	NULL,	'all_product_pics/personal_care/Nivea Men All-In-1 Face Wash.jpg',	NULL,	'2018-11-06 05:07:35',	'2018-11-06 05:07:35'),
(19,	'Nivea Men Dark Spot Reduction 10x Whitening',	NULL,	'all_product_pics/personal_care/Nivea Men Dark Spot Reduction 10x Whitening.jpg',	NULL,	'2018-11-06 05:07:35',	'2018-11-06 05:07:35'),
(20,	'Palmolive Thermal Spa Mineral Massage Shower',	NULL,	'all_product_pics/personal_care/Palmolive Thermal Spa Mineral Massage Shower.jpg',	NULL,	'2018-11-06 05:07:35',	'2018-11-06 05:07:35'),
(21,	'Nivea Men Active Clean Shower Gel',	NULL,	'all_product_pics/personal_care/Nivea Men Active Clean Shower Gel.png',	NULL,	'2018-11-06 05:07:35',	'2018-11-06 05:07:35'),
(22,	'Nivea Men Cool Kick Shower Gel',	NULL,	'all_product_pics/personal_care/Nivea Men Cool Kick Shower Gel.png',	NULL,	'2018-11-06 05:07:35',	'2018-11-06 05:07:35'),
(23,	'Nivea Men Pure Impact Shower Gel',	NULL,	'all_product_pics/personal_care/Nivea Men Pure Impact Shower Gel.png',	NULL,	'2018-11-06 05:07:35',	'2018-11-06 05:07:35'),
(24,	'Nivea Lemon & Oil Shower Gel',	NULL,	'all_product_pics/personal_care/Nivea Lemon & Oil Shower Gel.jpg',	NULL,	'2018-11-06 05:07:35',	'2018-11-06 05:07:35'),
(25,	'Pantene Hair Fall Control Conditioner',	NULL,	'all_product_pics/personal_care/Pantene Hair Fall Control Conditioner.jpg',	NULL,	'2018-11-06 05:07:35',	'2018-11-06 05:07:35'),
(26,	'Dove Hair Therapy Daily Shine Conditioner',	NULL,	'all_product_pics/personal_care/Dove Hair Therapy Daily Shine Conditioner.jpg',	NULL,	'2018-11-06 05:07:35',	'2018-11-06 05:07:35'),
(27,	'Dettol Gold Daily Clean Body Wash',	NULL,	'all_product_pics/personal_care/Dettol Gold Daily Clean Body Wash.jpg',	NULL,	'2018-11-06 05:07:35',	'2018-11-06 05:07:35'),
(28,	'Whisper Ultra Clean Sanitary Pads (XL+ Wings)',	NULL,	'all_product_pics/personal_care/Whisper Ultra Clean Sanitary Pads (XL+ Wings).jpg',	NULL,	'2018-11-06 05:07:35',	'2018-11-06 05:07:35'),
(29,	'Dettol Original Handwash (Jar) - Pack of 2',	NULL,	'all_product_pics/personal_care/Dettol Original Handwash (Jar) - Pack of 2.jpg',	NULL,	'2018-11-06 05:07:35',	'2018-11-06 05:07:35'),
(30,	'Dettol Original Soap - Pack of 4',	NULL,	'all_product_pics/personal_care/Dettol Original Soap - Pack of 4.jpg',	NULL,	'2018-11-06 05:07:35',	'2018-11-06 05:07:35'),
(31,	'Pears Pure & Gentle Soap',	NULL,	'all_product_pics/personal_care/Pears Pure & Gentle Soap.jpg',	NULL,	'2018-11-06 05:07:35',	'2018-11-06 05:07:35'),
(32,	'Godrej No 1 Kesar Soap - Buy 3 Get 1 Free - Brand',	NULL,	'all_product_pics/personal_care/Godrej No 1 Kesar Soap - Buy 3 Get 1 Free - Brand.jpg',	NULL,	'2018-11-06 05:07:35',	'2018-11-06 05:07:35'),
(33,	'Veet Lotus Milk & Jasmine Fragrance Hair Removal',	NULL,	'all_product_pics/personal_care/Veet Lotus Milk & Jasmine Fragrance Hair Removal.jpg',	NULL,	'2018-11-06 05:07:35',	'2018-11-06 05:07:35'),
(34,	'Veet Aloe Vera & Vitamin E Hair Removal Cream',	NULL,	'all_product_pics/personal_care/Veet Aloe Vera & Vitamin E Hair Removal Cream.jpg',	NULL,	'2018-11-06 05:07:35',	'2018-11-06 05:07:35'),
(35,	'Dettol Original Handwash (Jar) - Pack of 2 (2x900 ml)',	NULL,	'all_product_pics/personal_care/Dettol Original Handwash (Jar) - Pack of 2.jpg',	NULL,	'2018-11-06 05:07:35',	'2018-11-06 05:07:35'),
(36,	'Dettol Original Soap - Pack of 4(4x125 gm)',	NULL,	'all_product_pics/personal_care/Dettol Original Soap - Pack of 4.jpg',	NULL,	'2018-11-06 05:07:35',	'2018-11-06 05:07:35'),
(37,	'Pears Pure & Gentle Soap (3x125 gm)',	NULL,	'all_product_pics/personal_care/Pears Pure & Gentle Soap.jpg',	NULL,	'2018-11-06 05:07:35',	'2018-11-06 05:07:35'),
(38,	'Godrej No 1 Kesar Soap - Buy 3 Get 1 Free - Brand (4x150 gm)',	NULL,	'all_product_pics/personal_care/Godrej No 1 Kesar Soap - Buy 3 Get 1 Free - Brand.jpg',	NULL,	'2018-11-06 05:07:35',	'2018-11-06 05:07:35'),
(39,	'Veet Lotus Milk & Jasmine Fragrance Hair Removal (3x100 gm)',	NULL,	'all_product_pics/personal_care/Veet Lotus Milk & Jasmine Fragrance Hair Removal.jpg',	NULL,	'2018-11-06 05:07:35',	'2018-11-06 05:07:35'),
(40,	'Veet Aloe Vera & Vitamin E Hair Removal Cream (3x100 gm)',	NULL,	'all_product_pics/personal_care/Veet Aloe Vera & Vitamin E Hair Removal Cream.jpg',	NULL,	'2018-11-06 05:07:35',	'2018-11-06 05:07:35'),
(41,	'Maggi Masala Noodles 560 gm (Pack of 8)',	NULL,	'all_product_pics/noodles_n_sauce/Maggi Masala Noodles.jpg',	NULL,	'2018-11-06 05:07:35',	'2018-11-06 05:07:35'),
(42,	'Maggi Vegetable Atta Noodles',	NULL,	'all_product_pics/noodles_n_sauce/Maggi Vegetable Atta Noodles.jpg',	NULL,	'2018-11-06 05:07:35',	'2018-11-06 05:07:35'),
(43,	'Maggi Oats Noodles',	NULL,	'all_product_pics/noodles_n_sauce/Maggi Oats Noodles.jpg',	NULL,	'2018-11-06 05:07:35',	'2018-11-06 05:07:35'),
(44,	'Kissan Fresh Tomato Ketchup (Pouch)',	NULL,	'all_product_pics/noodles_n_sauce/Kissan Fresh Tomato Ketchup (Pouch).jpg',	NULL,	'2018-11-06 05:07:35',	'2018-11-06 05:07:35'),
(45,	'HaveMore Fresh Tomato Ketchup (Bottle)',	NULL,	'all_product_pics/noodles_n_sauce/HaveMore Fresh Tomato Ketchup (Bottle).jpg',	NULL,	'2018-11-06 05:07:35',	'2018-11-06 05:07:35'),
(46,	'Del Monte Tomato Ketchup (Pouch)',	NULL,	'all_product_pics/noodles_n_sauce/Del Monte Tomato Ketchup (Pouch).jpg',	NULL,	'2018-11-06 05:07:35',	'2018-11-06 05:07:35'),
(47,	'Heinz Tomato Ketchup (Bottle)',	NULL,	'all_product_pics/noodles_n_sauce/Heinz Tomato Ketchup (Bottle).jpg',	NULL,	'2018-11-06 05:07:35',	'2018-11-06 05:07:35'),
(48,	'Kissan Mixed Fruit Jam',	NULL,	'all_product_pics/noodles_n_sauce/Kissan Mixed Fruit Jam.jpg',	NULL,	'2018-11-06 05:07:35',	'2018-11-06 05:07:35'),
(49,	'Kissan Mixed Fruit Jam',	NULL,	'all_product_pics/noodles_n_sauce/Kissan Mixed Fruit Jam.jpg',	NULL,	'2018-11-06 05:07:35',	'2018-11-06 05:07:35'),
(50,	'Dabur Squeezy Honey - Buy 1 Get 1 Free - Brand 400 gm+400',	NULL,	'all_product_pics/noodles_n_sauce/Dabur Squeezy Honey - Buy 1 Get 1 Free - Brand.jpg',	NULL,	'2018-11-06 05:07:35',	'2018-11-06 05:07:35'),
(51,	'Maggi Hot & Sweet Tomato Chilli Sauce',	NULL,	'all_product_pics/noodles_n_sauce/Maggi Hot & Sweet Tomato Chilli Sauce.jpg',	NULL,	'2018-11-06 05:07:35',	'2018-11-06 05:07:35'),
(52,	'MTR Dosa Breakfast Mix',	NULL,	'all_product_pics/noodles_n_sauce/MTR Dosa Breakfast Mix.png',	NULL,	'2018-11-06 05:07:35',	'2018-11-06 05:07:35'),
(53,	'MTR Rava Idli Breakfast Mix',	NULL,	'all_product_pics/noodles_n_sauce/MTR Rava Idli Breakfast Mix.jpg',	NULL,	'2018-11-06 05:07:35',	'2018-11-06 05:07:35'),
(54,	'MTR Uttappam Breakfast Mix',	NULL,	'all_product_pics/noodles_n_sauce/MTR Uttappam Breakfast Mix.png',	NULL,	'2018-11-06 05:07:35',	'2018-11-06 05:07:35'),
(55,	'Del Monte Gourmet Penne Rigate Pasta',	NULL,	'all_product_pics/noodles_n_sauce/Del Monte Gourmet Penne Rigate Pasta.jpg',	NULL,	'2018-11-06 05:07:35',	'2018-11-06 05:07:35'),
(56,	'Star Gold Masala Hakka Noodles',	NULL,	'all_product_pics/noodles_n_sauce/Star Gold Masala Hakka Noodles.png',	NULL,	'2018-11-06 05:07:35',	'2018-11-06 05:07:35'),
(57,	'Del Monte Eggless Mayonnaise',	NULL,	'all_product_pics/noodles_n_sauce/Del Monte Eggless Mayonnaise.jpg',	NULL,	'2018-11-06 05:07:35',	'2018-11-06 05:07:35'),
(58,	'MTR Vermicelli',	NULL,	'all_product_pics/noodles_n_sauce/MTR Vermicelli.jpg',	NULL,	'2018-11-06 05:07:35',	'2018-11-06 05:07:35'),
(59,	'MTR Roasted Vermicelli',	NULL,	'all_product_pics/noodles_n_sauce/MTR Roasted Vermicelli.jpg',	NULL,	'2018-11-06 05:07:35',	'2018-11-06 05:07:35'),
(60,	'Nutella Chocolate Spread',	NULL,	'all_product_pics/noodles_n_sauce/Nutella Chocolate Spread.jpg',	NULL,	'2018-11-06 05:07:35',	'2018-11-06 05:07:35'),
(61,	'Wai Wai 123 Veg Noodles (Cup)',	NULL,	'all_product_pics/noodles_n_sauce/Wai Wai 123 Veg Noodles (Cup).jpg',	NULL,	'2018-11-06 05:07:35',	'2018-11-06 05:07:35'),
(62,	'Wai Wai 123 Chicken Noodles (Cup)',	NULL,	'all_product_pics/noodles_n_sauce/Wai Wai 123 Chicken Noodles (Cup).jpg',	NULL,	'2018-11-06 05:07:35',	'2018-11-06 05:07:35'),
(63,	'Borges Spaghetti',	NULL,	'all_product_pics/noodles_n_sauce/Borges Spaghetti.jpg',	NULL,	'2018-11-06 05:07:35',	'2018-11-06 05:07:35'),
(64,	'Wai Wai 123 Chicken Noodles - Pack of 4',	NULL,	'all_product_pics/noodles_n_sauce/Wai Wai 123 Chicken Noodles - Pack of 4.jpg',	NULL,	'2018-11-06 05:07:35',	'2018-11-06 05:07:35'),
(65,	'Wai Wai Xpress Masala Fusion Noodles - Pack of 4',	NULL,	'all_product_pics/noodles_n_sauce/Wai Wai Xpress Masala Fusion Noodles - Pack of 4.jpg',	NULL,	'2018-11-06 05:07:35',	'2018-11-06 05:07:35'),
(66,	'Wai Wai Xpress Masala Delight Noodles - Pack of 4',	NULL,	'all_product_pics/noodles_n_sauce/Wai Wai Xpress Masala Delight Noodles - Pack of 4.jpg',	NULL,	'2018-11-06 05:07:35',	'2018-11-06 05:07:35'),
(67,	'Nutty Tomato Ketchup - Buy 1 Get 1 Free',	NULL,	'all_product_pics/noodles_n_sauce/Nutty Tomato Ketchup - Buy 1 Get 1 Free.jpg',	NULL,	'2018-11-06 05:07:35',	'2018-11-06 05:07:35'),
(68,	'Grofers Happy Day Mixed Fruit Jam - Buy 1 Get 1 Free',	NULL,	'all_product_pics/noodles_n_sauce/Grofers Happy Day Mixed Fruit Jam - Buy 1 Get 1 Free.jpg',	NULL,	'2018-11-06 05:07:35',	'2018-11-06 05:07:35'),
(69,	'Grofers Happy Day Mixed Fruit Jam - Buy 1 Get 1 Free',	NULL,	'all_product_pics/noodles_n_sauce/Grofers Happy Day Mixed Fruit Jam - Buy 1 Get 1 Free.jpg',	NULL,	'2018-11-06 05:07:35',	'2018-11-06 05:07:35'),
(70,	'Grofers Happy Day Forest Honey (Squeezy Bottle) -',	NULL,	'all_product_pics/noodles_n_sauce/Grofers Happy Day Forest Honey (Squeezy Bottle) -.jpg',	NULL,	'2018-11-06 05:07:35',	'2018-11-06 05:07:35'),
(71,	'Grofers Happy Day Forest Honey (Squeezy Bottle) -',	NULL,	'all_product_pics/noodles_n_sauce/Grofers Happy Day Forest Honey (Squeezy Bottle) -.jpg',	NULL,	'2018-11-06 05:07:35',	'2018-11-06 05:07:35'),
(72,	'Maggi Cheese Macaroni Instant Pasta - Buy 3 Get 1',	NULL,	'all_product_pics/noodles_n_sauce/Maggi Cheese Macaroni Instant Pasta - Buy 3 Get 1.jpg',	NULL,	'2018-11-06 05:07:35',	'2018-11-06 05:07:35'),
(73,	'Maggi Mushroom Penne Pasta - Buy 3 Get 1 Free',	NULL,	'all_product_pics/noodles_n_sauce/Maggi Mushroom Penne Pasta - Buy 3 Get 1 Free.jpg',	NULL,	'2018-11-06 05:07:35',	'2018-11-06 05:07:35'),
(74,	'Wai Wai 123 Chicken Noodles - Pack of 4 (4x70 gm)',	NULL,	'all_product_pics/noodles_n_sauce/Wai Wai 123 Chicken Noodles - Pack of 4.jpg',	NULL,	'2018-11-06 05:07:35',	'2018-11-06 05:07:35'),
(75,	'Wai Wai Xpress Masala Fusion Noodles - Pack of 4 (4x70 gm)',	NULL,	'all_product_pics/noodles_n_sauce/Wai Wai Xpress Masala Fusion Noodles - Pack of 4.jpg',	NULL,	'2018-11-06 05:07:35',	'2018-11-06 05:07:35'),
(76,	'Wai Wai Xpress Masala Delight Noodles - Pack of 4 (4x70 gm)',	NULL,	'all_product_pics/noodles_n_sauce/Wai Wai Xpress Masala Delight Noodles - Pack of 4.jpg',	NULL,	'2018-11-06 05:07:35',	'2018-11-06 05:07:35'),
(77,	'Nutty Tomato Ketchup - Buy 1 Get 1 Free (2x1 kg)',	NULL,	'all_product_pics/noodles_n_sauce/Nutty Tomato Ketchup - Buy 1 Get 1 Free.jpg',	NULL,	'2018-11-06 05:07:35',	'2018-11-06 05:07:35'),
(78,	'Grofers Happy Day Mixed Fruit Jam - Buy 1 Get 1 Free (2x500 gm)',	NULL,	'all_product_pics/noodles_n_sauce/Grofers Happy Day Mixed Fruit Jam - Buy 1 Get 1 Free.jpg',	NULL,	'2018-11-06 05:07:35',	'2018-11-06 05:07:35'),
(79,	'Grofers Happy Day Mixed Fruit Jam - Buy 1 Get 1 Free (2x700 gm)',	NULL,	'all_product_pics/noodles_n_sauce/Grofers Happy Day Mixed Fruit Jam - Buy 1 Get 1 Free.jpg',	NULL,	'2018-11-06 05:07:35',	'2018-11-06 05:07:35'),
(80,	'Grofers Happy Day Forest Honey (Squeezy Bottle) - (2x500 gm)',	NULL,	'all_product_pics/noodles_n_sauce/Grofers Happy Day Forest Honey (Squeezy Bottle) -.jpg',	NULL,	'2018-11-06 05:07:35',	'2018-11-06 05:07:35'),
(81,	'Grofers Happy Day Forest Honey (Squeezy Bottle) - (2x225 gm)',	NULL,	'all_product_pics/noodles_n_sauce/Grofers Happy Day Forest Honey (Squeezy Bottle) -.jpg',	NULL,	'2018-11-06 05:07:35',	'2018-11-06 05:07:35'),
(82,	'Maggi Cheese Macaroni Instant Pasta - Buy 3 Get 1 (4x70 gm)',	NULL,	'all_product_pics/noodles_n_sauce/Maggi Cheese Macaroni Instant Pasta - Buy 3 Get 1.jpg',	NULL,	'2018-11-06 05:07:35',	'2018-11-06 05:07:35'),
(83,	'Maggi Mushroom Penne Pasta - Buy 3 Get 1 Free (4x64 gm)',	NULL,	'all_product_pics/noodles_n_sauce/Maggi Mushroom Penne Pasta - Buy 3 Get 1 Free.jpg',	NULL,	'2018-11-06 05:07:35',	'2018-11-06 05:07:35'),
(84,	'Surf Excel Matic Top Load Detergent Powder (Carton)',	NULL,	'all_product_pics/household_needs/Surf Excel Matic Top Load Detergent Powder (Carton).jpg',	NULL,	'2018-11-06 05:07:35',	'2018-11-06 05:07:35'),
(85,	'Surf Excel Matic Front Load Detergent Powder (Carton)',	NULL,	'all_product_pics/household_needs/Surf Excel Matic Front Load Detergent Powder (Carton).jpg',	NULL,	'2018-11-06 05:07:35',	'2018-11-06 05:07:35'),
(86,	'Ariel Matic Top Load Detergent Powder',	NULL,	'all_product_pics/household_needs/Ariel Matic Top Load Detergent Powder.jpg',	NULL,	'2018-11-06 05:07:35',	'2018-11-06 05:07:35'),
(87,	'Ariel Matic Front Load Detergent Powder',	NULL,	'all_product_pics/household_needs/Ariel Matic Front Load Detergent Powder.jpg',	NULL,	'2018-11-06 05:07:35',	'2018-11-06 05:07:35'),
(88,	'Henko Matic Lintelligent Front Load Detergent',	NULL,	'all_product_pics/household_needs/Henko Matic Lintelligent Front Load Detergent.jpg',	NULL,	'2018-11-06 05:07:35',	'2018-11-06 05:07:35'),
(89,	'Odonil Nature Lavender Meadows Air Freshener',	NULL,	'all_product_pics/household_needs/Odonil Nature Lavender Meadows Air Freshener.jpg',	NULL,	'2018-11-06 05:07:35',	'2018-11-06 05:07:35'),
(90,	'Odonil Nature Lavender Mist Room Air Freshener',	NULL,	'all_product_pics/household_needs/Odonil Nature Lavender Mist Room Air Freshener.jpg',	NULL,	'2018-11-06 05:07:35',	'2018-11-06 05:07:35'),
(91,	'Vim Lemon Dishwash Gel (Jar)',	NULL,	'all_product_pics/household_needs/Vim Lemon Dishwash Gel (Jar).jpg',	NULL,	'2018-11-06 05:07:35',	'2018-11-06 05:07:35'),
(92,	'Pril Active 2x Lime Dishwash Gel',	NULL,	'all_product_pics/household_needs/Pril Active 2x Lime Dishwash Gel.jpg',	NULL,	'2018-11-06 05:07:35',	'2018-11-06 05:07:35'),
(93,	'Gala Perfumed Garbage Bag',	NULL,	'all_product_pics/household_needs/Gala Perfumed Garbage Bag.jpg',	NULL,	'2018-11-06 05:07:35',	'2018-11-06 05:07:35'),
(94,	'Origami So Soft Face Tissue (100 Pulls)',	NULL,	'all_product_pics/household_needs/Origami So Soft Face Tissue (100 Pulls).jpg',	NULL,	'2018-11-06 05:07:35',	'2018-11-06 05:07:35'),
(95,	'Harpic Power Plus Original Toilet Cleaner + Lizol (1lt + 975ml)',	NULL,	'all_product_pics/household_needs/Harpic Power Plus Original Toilet Cleaner + Lizol.jpg',	NULL,	'2018-11-06 05:07:35',	'2018-11-06 05:07:35'),
(96,	'Harpic Power Plus Original Toilet Cleaner + Lizol (1lt + 975ml)',	NULL,	'all_product_pics/household_needs/Harpic Power Plus Original Toilet Cleaner + Lizol.jpg',	NULL,	'2018-11-06 05:07:35',	'2018-11-06 05:07:35'),
(97,	'Origami So Soft Toilet Roll',	NULL,	'all_product_pics/household_needs/Origami So Soft Toilet Roll.jpg',	NULL,	'2018-11-06 05:07:35',	'2018-11-06 05:07:35'),
(98,	'Origami So Soft 3 Ply Toilet Roll (12x160 Sheets)',	NULL,	'all_product_pics/household_needs/Origami So Soft 3 Ply Toilet Roll (12x160 Sheets).jpg',	NULL,	'2018-11-06 05:07:35',	'2018-11-06 05:07:35'),
(99,	'Origami Klassic Premium Napkins',	NULL,	'all_product_pics/household_needs/Origami Klassic Premium Napkins.jpg',	NULL,	'2018-11-06 05:07:35',	'2018-11-06 05:07:35'),
(100,	'All Out Multi Insect Killer (Spray)',	NULL,	'all_product_pics/household_needs/All Out Multi Insect Killer (Spray).jpg',	NULL,	'2018-11-06 05:07:35',	'2018-11-06 05:07:35'),
(101,	'Odomos Mosquito Repellent (Spray)',	NULL,	'all_product_pics/household_needs/Odomos Mosquito Repellent (Spray).jpg',	NULL,	'2018-11-06 05:07:35',	'2018-11-06 05:07:35'),
(102,	'Comfort After Wash Lily Fresh Fabric Conditioner',	NULL,	'all_product_pics/household_needs/Comfort After Wash Lily Fresh Fabric Conditioner.jpg',	NULL,	'2018-11-06 05:07:35',	'2018-11-06 05:07:35'),
(103,	'Harpic Power Plus Original Toilet Cleaner - Pack of 2',	NULL,	'all_product_pics/household_needs/Harpic Power Plus Original Toilet Cleaner - Pack of 2.jpg',	NULL,	'2018-11-06 05:07:35',	'2018-11-06 05:07:35'),
(104,	'Vim Lemon Dishwash Gel (Bottle) - Pack of 2',	NULL,	'all_product_pics/household_needs/Vim Lemon Dishwash Gel (Bottle) - Pack of 2.jpg',	NULL,	'2018-11-06 05:07:35',	'2018-11-06 05:07:35'),
(105,	'Lizol Citrus Floor Cleaner - Pack of 2',	NULL,	'all_product_pics/household_needs/Lizol Citrus Floor Cleaner - Pack of 2.jpg',	NULL,	'2018-11-06 05:07:35',	'2018-11-06 05:07:35'),
(106,	'Lizol Lavender Floor Cleaner - Pack of 2',	NULL,	'all_product_pics/household_needs/Lizol Lavender Floor Cleaner - Pack of 2.jpg',	NULL,	'2018-11-06 05:07:35',	'2018-11-06 05:07:35'),
(107,	'Lizol Jasmine Floor Cleaner - Pack of 2',	NULL,	'all_product_pics/household_needs/Lizol Jasmine Floor Cleaner - Pack of 2.jpg',	NULL,	'2018-11-06 05:07:35',	'2018-11-06 05:07:35'),
(108,	'All Out Ultra Mosquito Repellent (Refill)',	NULL,	'all_product_pics/household_needs/All Out Ultra Mosquito Repellent (Refill).jpg',	NULL,	'2018-11-06 05:07:35',	'2018-11-06 05:07:35'),
(109,	'Harpic Power Plus Original Toilet Cleaner - Pack of 2 (2x1 lt)',	NULL,	'all_product_pics/household_needs/Harpic Power Plus Original Toilet Cleaner - Pack of 2.jpg',	NULL,	'2018-11-06 05:07:35',	'2018-11-06 05:07:35'),
(110,	'Vim Lemon Dishwash Gel (Bottle) - Pack of 2 (2x750 ml)',	NULL,	'all_product_pics/household_needs/Vim Lemon Dishwash Gel (Bottle) - Pack of 2.jpg',	NULL,	'2018-11-06 05:07:35',	'2018-11-06 05:07:35'),
(111,	'Lizol Citrus Floor Cleaner - Pack of 2 (2x975 ml)',	NULL,	'all_product_pics/household_needs/Lizol Citrus Floor Cleaner - Pack of 2.jpg',	NULL,	'2018-11-06 05:07:35',	'2018-11-06 05:07:35'),
(112,	'Lizol Lavender Floor Cleaner - Pack of 2 (2x975 ml)',	NULL,	'all_product_pics/household_needs/Lizol Lavender Floor Cleaner - Pack of 2.jpg',	NULL,	'2018-11-06 05:07:35',	'2018-11-06 05:07:35'),
(113,	'Lizol Jasmine Floor Cleaner - Pack of 2 (2x975 ml)',	NULL,	'all_product_pics/household_needs/Lizol Jasmine Floor Cleaner - Pack of 2.jpg',	NULL,	'2018-11-06 05:07:35',	'2018-11-06 05:07:35'),
(114,	'All Out Ultra Mosquito Repellent (Refill) (6x45 ml)',	NULL,	'all_product_pics/household_needs/All Out Ultra Mosquito Repellent (Refill).jpg',	NULL,	'2018-11-06 05:07:35',	'2018-11-06 05:07:35'),
(115,	'Surf Excel Matic Top Load Detergent Powder (Carton)',	NULL,	'all_product_pics/household_needs/Surf Excel Matic Top Load Detergent Powder (Carton).jpg',	NULL,	'2018-11-06 05:07:35',	'2018-11-06 05:07:35'),
(116,	'Surf Excel Matic Front Load Detergent Powder (Carton)',	NULL,	'all_product_pics/household_needs/Surf Excel Matic Front Load Detergent Powder (Carton).jpg',	NULL,	'2018-11-06 05:07:35',	'2018-11-06 05:07:35'),
(117,	'Ariel Matic Top Load Detergent Powder',	NULL,	'all_product_pics/household_needs/Ariel Matic Top Load Detergent Powder.jpg',	NULL,	'2018-11-06 05:07:35',	'2018-11-06 05:07:35'),
(118,	'Ariel Matic Front Load Detergent Powder',	NULL,	'all_product_pics/household_needs/Ariel Matic Front Load Detergent Powder.jpg',	NULL,	'2018-11-06 05:07:35',	'2018-11-06 05:07:35'),
(119,	'Henko Matic Lintelligent Front Load Detergent',	NULL,	'all_product_pics/household_needs/Henko Matic Lintelligent Front Load Detergent.jpg',	NULL,	'2018-11-06 05:07:35',	'2018-11-06 05:07:35'),
(120,	'Odonil Nature Lavender Meadows Air Freshener',	NULL,	'all_product_pics/household_needs/Odonil Nature Lavender Meadows Air Freshener.jpg',	NULL,	'2018-11-06 05:07:35',	'2018-11-06 05:07:35'),
(121,	'Odonil Nature Lavender Mist Room Air Freshener',	NULL,	'all_product_pics/household_needs/Odonil Nature Lavender Mist Room Air Freshener.jpg',	NULL,	'2018-11-06 05:07:35',	'2018-11-06 05:07:35'),
(122,	'Dhara Kachi Ghani Mustard Oil (Pouch)',	NULL,	'all_product_pics/grocery_staples/Dhara Kachi Ghani Mustard Oil (Pouch).png',	NULL,	'2018-11-06 05:07:35',	'2018-11-06 05:07:35'),
(123,	'Dhara Kachi Ghani Mustard Oil (Jar)',	NULL,	'all_product_pics/grocery_staples/Dhara Kachi Ghani Mustard Oil (Jar).jpg',	NULL,	'2018-11-06 05:07:35',	'2018-11-06 05:07:35'),
(124,	'Aashirvaad Shudh Chakki Whole Wheat Atta',	NULL,	'all_product_pics/grocery_staples/Aashirvaad Shudh Chakki Whole Wheat Atta.png',	NULL,	'2018-11-06 05:07:35',	'2018-11-06 05:07:35'),
(125,	'Dhara Fit N Fine Refined Soyabean Oil (Pouch)',	NULL,	'all_product_pics/grocery_staples/Dhara Fit N Fine Refined Soyabean Oil (Pouch).png',	NULL,	'2018-11-06 05:07:35',	'2018-11-06 05:07:35'),
(126,	'Dhara Health Refined Sunflower Oil (Pouch)',	NULL,	'all_product_pics/grocery_staples/Dhara Health Refined Sunflower Oil (Pouch).jpg',	NULL,	'2018-11-06 05:07:35',	'2018-11-06 05:07:35'),
(127,	'Dhara Health Refined Sunflower Oil (Jar)',	NULL,	'all_product_pics/grocery_staples/Dhara Health Refined Sunflower Oil (Jar).jpg',	NULL,	'2018-11-06 05:07:35',	'2018-11-06 05:07:35'),
(128,	'Borges Borgefrit Refined High Oleic Sunflower Oil',	NULL,	'all_product_pics/grocery_staples/Borges Borgefrit Refined High Oleic Sunflower Oil.jpg',	NULL,	'2018-11-06 05:07:35',	'2018-11-06 05:07:35'),
(129,	'Daawat Rozana Gold Basmati Rice',	NULL,	'all_product_pics/grocery_staples/Daawat Rozana Gold Basmati Rice.jpg',	NULL,	'2018-11-06 05:07:35',	'2018-11-06 05:07:35'),
(130,	'Fortune Rozana Basmati Rice',	NULL,	'all_product_pics/grocery_staples/Fortune Rozana Basmati Rice.jpg',	NULL,	'2018-11-06 05:07:35',	'2018-11-06 05:07:35'),
(131,	'Kohinoor Charminar Rozana Basmati Rice',	NULL,	'all_product_pics/grocery_staples/Kohinoor Charminar Rozana Basmati Rice.jpg',	NULL,	'2018-11-06 05:07:35',	'2018-11-06 05:07:35'),
(132,	'Kohinoor Charminar Everyday Regular Rice',	NULL,	'all_product_pics/grocery_staples/Kohinoor Charminar Everyday Regular Rice.jpg',	NULL,	'2018-11-06 05:07:35',	'2018-11-06 05:07:35'),
(133,	'Kohinoor Charminar Long Grains Regular Rice',	NULL,	'all_product_pics/grocery_staples/Kohinoor Charminar Long Grains Regular Rice.jpg',	NULL,	'2018-11-06 05:07:35',	'2018-11-06 05:07:35'),
(134,	'Best Value Black Cardamom Whole/Elaichi',	NULL,	'all_product_pics/grocery_staples/',	NULL,	'2018-11-06 05:07:35',	'2018-11-06 05:07:35'),
(135,	'Borges Extra Light Olive Oil (Bottle)',	NULL,	'all_product_pics/grocery_staples/Borges Extra Light Olive Oil (Bottle).jpg',	NULL,	'2018-11-06 05:07:35',	'2018-11-06 05:07:35'),
(136,	'Borges Extra Light Olive Oil (Jar)',	NULL,	'all_product_pics/grocery_staples/Borges Extra Light Olive Oil (Jar).jpg',	NULL,	'2018-11-06 05:07:35',	'2018-11-06 05:07:35'),
(137,	'Borges Extra Virgin Olive Oil (Bottle)',	NULL,	'all_product_pics/grocery_staples/Borges Extra Virgin Olive Oil (Bottle).jpg',	NULL,	'2018-11-06 05:07:35',	'2018-11-06 05:07:35'),
(138,	'Borges Classic Olive Oil (Bottle)',	NULL,	'all_product_pics/grocery_staples/Borges Classic Olive Oil (Bottle).jpg',	NULL,	'2018-11-06 05:07:35',	'2018-11-06 05:07:35'),
(139,	'Bertolli Extra Light Delicate Taste Olive Oil (Bottle)',	NULL,	'all_product_pics/grocery_staples/Bertolli Extra Light Delicate Taste Olive Oil (Bottle).jpg',	NULL,	'2018-11-06 05:07:35',	'2018-11-06 05:07:35'),
(140,	'Cesar Pomace Olive Oil (Jar)',	NULL,	'all_product_pics/grocery_staples/Cesar Pomace Olive Oil (Jar).jpg',	NULL,	'2018-11-06 05:07:35',	'2018-11-06 05:07:35'),
(141,	'Best Value Turmeric Sticks/Haldi',	NULL,	'all_product_pics/grocery_staples/',	NULL,	'2018-11-06 05:07:35',	'2018-11-06 05:07:35'),
(142,	'Dabur Hommade Ginger Garlic Paste + Tomato (200gm + 200gm)',	NULL,	'all_product_pics/grocery_staples/Dabur Hommade Ginger Garlic Paste + Tomato.jpg',	NULL,	'2018-11-06 05:07:35',	'2018-11-06 05:07:35'),
(143,	'Dabur Hommade Tomato Puree (Tetra Pak)',	NULL,	'all_product_pics/grocery_staples/Dabur Hommade Tomato Puree (Tetra Pak).jpg',	NULL,	'2018-11-06 05:07:35',	'2018-11-06 05:07:35'),
(144,	'SaveMore Corn Flakes (Pouch)',	NULL,	'all_product_pics/breakfast_n_dairy/SaveMore Corn Flakes (Pouch).jpg',	NULL,	'2018-11-06 05:07:35',	'2018-11-06 05:07:35'),
(145,	'Quaker Oats',	NULL,	'all_product_pics/breakfast_n_dairy/Quaker Oats.jpg',	NULL,	'2018-11-06 05:07:35',	'2018-11-06 05:07:35'),
(146,	'Quaker Oats',	NULL,	'all_product_pics/breakfast_n_dairy/Quaker Oats.jpg',	NULL,	'2018-11-06 05:07:35',	'2018-11-06 05:07:35'),
(147,	'Saffola Natural Oats',	NULL,	'all_product_pics/breakfast_n_dairy/Saffola Natural Oats.jpg',	NULL,	'2018-11-06 05:07:35',	'2018-11-06 05:07:35'),
(148,	'Grofers Happy Day Crunchy Fruit & Nut',	NULL,	'all_product_pics/breakfast_n_dairy/Grofers Happy Day Crunchy Fruit & Nut.jpg',	NULL,	'2018-11-06 05:07:35',	'2018-11-06 05:07:35'),
(149,	'Grofers Happy Day Crunchy Almond & Raisin',	NULL,	'all_product_pics/breakfast_n_dairy/Grofers Happy Day Crunchy Almond & Raisin.jpg',	NULL,	'2018-11-06 05:07:35',	'2018-11-06 05:07:35'),
(150,	'Quaker Homestyle Masala Oats',	NULL,	'all_product_pics/breakfast_n_dairy/Quaker Homestyle Masala Oats.png',	NULL,	'2018-11-06 05:07:35',	'2018-11-06 05:07:35'),
(151,	'Nestle a+ Slim Skimmed Milk (Tetra Pak) - Buy 4',	NULL,	'all_product_pics/breakfast_n_dairy/Nestle a+ Slim Skimmed Milk (Tetra Pak) - Buy 4.jpg',	NULL,	'2018-11-06 05:07:35',	'2018-11-06 05:07:35'),
(152,	'Nestle a+ Nourish Toned Milk (Tetra Pak) - Buy 5',	NULL,	'all_product_pics/breakfast_n_dairy/Nestle a+ Nourish Toned Milk (Tetra Pak) - Buy 5.jpg',	NULL,	'2018-11-06 05:07:35',	'2018-11-06 05:07:35'),
(153,	'Quaker Homestyle Masala Oats (4x40 gm)',	NULL,	'all_product_pics/breakfast_n_dairy/Quaker Homestyle Masala Oats.png',	NULL,	'2018-11-06 05:07:35',	'2018-11-06 05:07:35'),
(154,	'Nestle a+ Slim Skimmed Milk (Tetra Pak) - Buy 4 (5x1 lt)',	NULL,	'all_product_pics/breakfast_n_dairy/Nestle a+ Slim Skimmed Milk (Tetra Pak) - Buy 4.jpg',	NULL,	'2018-11-06 05:07:35',	'2018-11-06 05:07:35'),
(155,	'Nestle a+ Nourish Toned Milk (Tetra Pak) - Buy 5 (6x1 lt)',	NULL,	'all_product_pics/breakfast_n_dairy/Nestle a+ Nourish Toned Milk (Tetra Pak) - Buy 5.jpg',	NULL,	'2018-11-06 05:07:35',	'2018-11-06 05:07:35'),
(156,	'Bisk Farm Masala Cream Cracker Sugar Free',	NULL,	'all_product_pics/buiscuits_n_snacks/Bisk Farm Masala Cream Cracker Sugar Free.jpg',	NULL,	'2018-11-06 05:07:35',	'2018-11-06 05:07:35'),
(157,	'Bisk Farm Top Gold Biscuit',	NULL,	'all_product_pics/buiscuits_n_snacks/Bisk Farm Top Gold Biscuit.jpg',	NULL,	'2018-11-06 05:07:35',	'2018-11-06 05:07:35'),
(158,	'Bisk Farm Just Ginger Biscuit',	NULL,	'all_product_pics/buiscuits_n_snacks/Bisk Farm Just Ginger Biscuit.jpg',	NULL,	'2018-11-06 05:07:35',	'2018-11-06 05:07:35'),
(159,	'Bisk Farm Googly Biscuit',	NULL,	'all_product_pics/buiscuits_n_snacks/Bisk Farm Googly Biscuit.jpg',	NULL,	'2018-11-06 05:07:35',	'2018-11-06 05:07:35'),
(160,	'Parle Krackjack Sweet & Salty Crackers Biscuit -',	NULL,	'all_product_pics/buiscuits_n_snacks/Parle Krackjack Sweet & Salty Crackers Biscuit -.jpg',	NULL,	'2018-11-06 05:07:35',	'2018-11-06 05:07:35'),
(161,	'Parle Hide & Seek Chocolate Chip Cookie',	NULL,	'all_product_pics/buiscuits_n_snacks/Parle Hide & Seek Chocolate Chip Cookie.png',	NULL,	'2018-11-06 05:07:35',	'2018-11-06 05:07:35'),
(162,	'Cadbury Bournvita Pro Health Chocolate Cookie',	NULL,	'all_product_pics/buiscuits_n_snacks/Cadbury Bournvita Pro Health Chocolate Cookie.jpg',	NULL,	'2018-11-06 05:07:35',	'2018-11-06 05:07:35'),
(163,	'Cadbury Bournvita Pro Health Chocolate Cookie',	NULL,	'all_product_pics/buiscuits_n_snacks/Cadbury Bournvita Pro Health Chocolate Cookie.jpg',	NULL,	'2018-11-06 05:07:35',	'2018-11-06 05:07:35'),
(164,	'Parle Milano Chocolate Chip Cookie',	NULL,	'all_product_pics/buiscuits_n_snacks/Parle Milano Chocolate Chip Cookie.jpg',	NULL,	'2018-11-06 05:07:35',	'2018-11-06 05:07:35'),
(165,	'Unibic Choco Ripple Cookie - Buy 1 Get 1 Free -',	NULL,	'all_product_pics/buiscuits_n_snacks/Unibic Choco Ripple Cookie - Buy 1 Get 1 Free -.jpg',	NULL,	'2018-11-06 05:07:35',	'2018-11-06 05:07:35'),
(166,	'Lijjat Moong Papad',	NULL,	'all_product_pics/buiscuits_n_snacks/Lijjat Moong Papad.jpg',	NULL,	'2018-11-06 05:07:35',	'2018-11-06 05:07:35'),
(167,	'Lijjat Punjabi Masala Papad',	NULL,	'all_product_pics/buiscuits_n_snacks/Lijjat Punjabi Masala Papad.jpg',	NULL,	'2018-11-06 05:07:35',	'2018-11-06 05:07:35'),
(168,	'Bisk Farm Marie Biscuit',	NULL,	'all_product_pics/buiscuits_n_snacks/Bisk Farm Marie Biscuit.jpg',	NULL,	'2018-11-06 05:07:35',	'2018-11-06 05:07:35'),
(169,	'Parle-G Gold Biscuit',	NULL,	'all_product_pics/buiscuits_n_snacks/Parle-G Gold Biscuit.jpg',	NULL,	'2018-11-06 05:07:35',	'2018-11-06 05:07:35'),
(170,	'Parle Hot N Spicy Mixture Namkeen',	NULL,	'all_product_pics/buiscuits_n_snacks/Parle Hot N Spicy Mixture Namkeen.jpg',	NULL,	'2018-11-06 05:07:35',	'2018-11-06 05:07:35'),
(171,	'Parle Moong Dal Namkeen',	NULL,	'all_product_pics/buiscuits_n_snacks/Parle Moong Dal Namkeen.jpg',	NULL,	'2018-11-06 05:07:35',	'2018-11-06 05:07:35'),
(172,	'Cadbury Dairy Milk Home Treats Chocolate',	NULL,	'all_product_pics/buiscuits_n_snacks/Cadbury Dairy Milk Home Treats Chocolate.png',	NULL,	'2018-11-06 05:07:35',	'2018-11-06 05:07:35'),
(173,	'Cadbury Dairy Milk Silk Fruit & Nut Chocolate',	NULL,	'all_product_pics/buiscuits_n_snacks/Cadbury Dairy Milk Silk Fruit & Nut Chocolate.jpg',	NULL,	'2018-11-06 05:07:35',	'2018-11-06 05:07:35'),
(174,	'HaveMore Tooty Fruity Cookie - Buy 1 Get 1 Free',	NULL,	'all_product_pics/buiscuits_n_snacks/HaveMore Tooty Fruity Cookie - Buy 1 Get 1 Free.jpg',	NULL,	'2018-11-06 05:07:35',	'2018-11-06 05:07:35'),
(175,	'HaveMore Jeera Cookie - Buy 1 Get 1 Free',	NULL,	'all_product_pics/buiscuits_n_snacks/HaveMore Jeera Cookie - Buy 1 Get 1 Free.jpg',	NULL,	'2018-11-06 05:07:35',	'2018-11-06 05:07:35'),
(176,	'HaveMore Ajwain Cookie - Buy 1 Get 1 Free',	NULL,	'all_product_pics/buiscuits_n_snacks/HaveMore Ajwain Cookie - Buy 1 Get 1 Free.jpg',	NULL,	'2018-11-06 05:07:35',	'2018-11-06 05:07:35'),
(177,	'HaveMore Atta Cookie - Buy 1 Get 1 Free',	NULL,	'all_product_pics/buiscuits_n_snacks/HaveMore Atta Cookie - Buy 1 Get 1 Free.jpg',	NULL,	'2018-11-06 05:07:35',	'2018-11-06 05:07:35'),
(178,	'Britannia Marie Gold Biscuit',	NULL,	'all_product_pics/buiscuits_n_snacks/Britannia Marie Gold Biscuit.jpg',	NULL,	'2018-11-06 05:07:35',	'2018-11-06 05:07:35'),
(179,	'Parle Hide & Seek Chocolate Chip Cookie',	NULL,	'all_product_pics/buiscuits_n_snacks/Parle Hide & Seek Chocolate Chip Cookie.png',	NULL,	'2018-11-06 05:07:35',	'2018-11-06 05:07:35'),
(180,	'Lijjat Moong Papad',	NULL,	'all_product_pics/buiscuits_n_snacks/Lijjat Moong Papad.jpg',	NULL,	'2018-11-06 05:07:35',	'2018-11-06 05:07:35'),
(181,	'Britannia Good Day Butter Cookie',	NULL,	'all_product_pics/buiscuits_n_snacks/Britannia Good Day Butter Cookie.jpg',	NULL,	'2018-11-06 05:07:35',	'2018-11-06 05:07:35'),
(182,	'Lijjat Punjabi Masala Papad',	NULL,	'all_product_pics/buiscuits_n_snacks/Lijjat Punjabi Masala Papad.jpg',	NULL,	'2018-11-06 05:07:35',	'2018-11-06 05:07:35'),
(183,	'Britannia Toastea Premium Bake Rusk',	NULL,	'all_product_pics/buiscuits_n_snacks/Britannia Toastea Premium Bake Rusk.jpg',	NULL,	'2018-11-06 05:07:35',	'2018-11-06 05:07:35'),
(184,	'Britannia Nice Time Coconut Biscuit',	NULL,	'all_product_pics/buiscuits_n_snacks/Britannia Nice Time Coconut Biscuit.jpg',	NULL,	'2018-11-06 05:07:35',	'2018-11-06 05:07:35'),
(185,	'Parle Hot N Spicy Mixture Namkeen',	NULL,	'all_product_pics/buiscuits_n_snacks/Parle Hot N Spicy Mixture Namkeen.jpg',	NULL,	'2018-11-06 05:07:35',	'2018-11-06 05:07:35'),
(186,	'Bisk Farm Masala Cream Cracker Sugar Free',	NULL,	'all_product_pics/buiscuits_n_snacks/Bisk Farm Masala Cream Cracker Sugar Free.jpg',	NULL,	'2018-11-06 05:07:35',	'2018-11-06 05:07:35'),
(187,	'Oreo Choco Creme Biscuit - Buy 5 Get 1 Free',	NULL,	'all_product_pics/buiscuits_n_snacks/Oreo Choco Creme Biscuit - Buy 5 Get 1 Free.jpg',	NULL,	'2018-11-06 05:07:35',	'2018-11-06 05:07:35'),
(188,	'Britannia Treat Jim Jam Biscuit',	NULL,	'all_product_pics/buiscuits_n_snacks/Britannia Treat Jim Jam Biscuit.png',	NULL,	'2018-11-06 05:07:35',	'2018-11-06 05:07:35'),
(189,	'Sunfeast Dark Fantasy Choco Fills Cookie',	NULL,	'all_product_pics/buiscuits_n_snacks/Sunfeast Dark Fantasy Choco Fills Cookie.jpg',	NULL,	'2018-11-06 05:07:35',	'2018-11-06 05:07:35'),
(190,	'Parle Monaco Light Salty Classic Regular Biscuit -',	NULL,	'all_product_pics/buiscuits_n_snacks/Parle Monaco Light Salty Classic Regular Biscuit -.jpg',	NULL,	'2018-11-06 05:07:35',	'2018-11-06 05:07:35'),
(191,	'Sunfeast Dark Fantasy Choco Fills Cookie - Pack',	NULL,	'all_product_pics/buiscuits_n_snacks/Sunfeast Dark Fantasy Choco Fills Cookie - Pack.jpg',	NULL,	'2018-11-06 05:07:35',	'2018-11-06 05:07:35'),
(192,	'Cadbury Dairy Milk Home Treats Chocolate',	NULL,	'all_product_pics/buiscuits_n_snacks/Cadbury Dairy Milk Home Treats Chocolate.png',	NULL,	'2018-11-06 05:07:35',	'2018-11-06 05:07:35'),
(193,	'Britannia Choco Chill Cake',	NULL,	'all_product_pics/buiscuits_n_snacks/Britannia Choco Chill Cake.jpg',	NULL,	'2018-11-06 05:07:35',	'2018-11-06 05:07:35'),
(194,	'Britannia NutriChoice Simply Lite Biscuit - Pack',	NULL,	'all_product_pics/buiscuits_n_snacks/Britannia NutriChoice Simply Lite Biscuit - Pack.jpg',	NULL,	'2018-11-06 05:07:35',	'2018-11-06 05:07:35'),
(195,	'Britannia Good Day Cashew Cookie',	NULL,	'all_product_pics/buiscuits_n_snacks/Britannia Good Day Cashew Cookie.jpg',	NULL,	'2018-11-06 05:07:35',	'2018-11-06 05:07:35'),
(196,	'Cheetos Cheese Puffs Crisps',	NULL,	'all_product_pics/buiscuits_n_snacks/Cheetos Cheese Puffs Crisps.png',	NULL,	'2018-11-06 05:07:35',	'2018-11-06 05:07:35'),
(197,	'Parle-G Original Gluco Biscuit',	NULL,	'all_product_pics/buiscuits_n_snacks/Parle-G Original Gluco Biscuit.jpg',	NULL,	'2018-11-06 05:07:35',	'2018-11-06 05:07:35'),
(198,	'Britannia NutriChoice Digestive Hi Fibre Biscuit',	NULL,	'all_product_pics/buiscuits_n_snacks/Britannia NutriChoice Digestive Hi Fibre Biscuit.jpg',	NULL,	'2018-11-06 05:07:35',	'2018-11-06 05:07:35'),
(199,	'Parle Moong Dal Namkeen',	NULL,	'all_product_pics/buiscuits_n_snacks/Parle Moong Dal Namkeen.jpg',	NULL,	'2018-11-06 05:07:35',	'2018-11-06 05:07:35'),
(200,	'Cheetos Masala Balls Crisps',	NULL,	'all_product_pics/buiscuits_n_snacks/Cheetos Masala Balls Crisps.png',	NULL,	'2018-11-06 05:07:35',	'2018-11-06 05:07:35'),
(201,	'Parle Krackjack Sweet & Salty Crackers Biscuit -',	NULL,	'all_product_pics/buiscuits_n_snacks/Parle Krackjack Sweet & Salty Crackers Biscuit -.jpg',	NULL,	'2018-11-06 05:07:35',	'2018-11-06 05:07:35'),
(202,	'Marvel Yellow Tea (Pouch)',	NULL,	'all_product_pics/beverage/Marvel Yellow Tea (Pouch).jpg',	NULL,	'2018-11-06 05:07:35',	'2018-11-06 05:07:35'),
(203,	'Real Activ 100% Apple Juice',	NULL,	'all_product_pics/beverage/Real Activ 100% Apple Juice.jpg',	NULL,	'2018-11-06 05:07:35',	'2018-11-06 05:07:35'),
(204,	'Real Fruit Power Mixed Fruit Juice',	NULL,	'all_product_pics/beverage/Real Fruit Power Mixed Fruit Juice.png',	NULL,	'2018-11-06 05:07:35',	'2018-11-06 05:07:35'),
(205,	'Real Fruit Power Cranberry Juice',	NULL,	'all_product_pics/beverage/Real Fruit Power Cranberry Juice.jpg',	NULL,	'2018-11-06 05:07:35',	'2018-11-06 05:07:35'),
(206,	'Real Fruit Power Litchi Juice',	NULL,	'all_product_pics/beverage/Real Fruit Power Litchi Juice.jpg',	NULL,	'2018-11-06 05:07:35',	'2018-11-06 05:07:35'),
(207,	'Maaza Mango Fruit Drink (Bottle)',	NULL,	'all_product_pics/beverage/Maaza Mango Fruit Drink (Bottle).jpg',	NULL,	'2018-11-06 05:07:35',	'2018-11-06 05:07:35'),
(208,	'Real Fruit Power Mango Juice',	NULL,	'all_product_pics/beverage/Real Fruit Power Mango Juice.jpg',	NULL,	'2018-11-06 05:07:35',	'2018-11-06 05:07:35'),
(209,	'Horlicks Classic Malt Health Drink (Refill)',	NULL,	'all_product_pics/beverage/Horlicks Classic Malt Health Drink (Refill).jpg',	NULL,	'2018-11-06 05:07:35',	'2018-11-06 05:07:35'),
(210,	'Nescafe Classic Coffee (Jar)',	NULL,	'all_product_pics/beverage/Nescafe Classic Coffee (Jar).png',	NULL,	'2018-11-06 05:07:35',	'2018-11-06 05:07:35'),
(211,	'Tang Lemon Instant Drink Mix',	NULL,	'all_product_pics/beverage/Tang Lemon Instant Drink Mix.jpg',	NULL,	'2018-11-06 05:07:35',	'2018-11-06 05:07:35'),
(212,	'Tang Orange Instant Drink Mix',	NULL,	'all_product_pics/beverage/Tang Orange Instant Drink Mix.jpg',	NULL,	'2018-11-06 05:07:35',	'2018-11-06 05:07:35'),
(213,	'Tang Mango Instant Drink Mix',	NULL,	'all_product_pics/beverage/Tang Mango Instant Drink Mix.jpg',	NULL,	'2018-11-06 05:07:35',	'2018-11-06 05:07:35'),
(214,	'PediaSure Premium Chocolate Health Drink',	NULL,	'all_product_pics/beverage/PediaSure Premium Chocolate Health Drink.jpg',	NULL,	'2018-11-06 05:07:35',	'2018-11-06 05:07:35'),
(215,	'PediaSure Vanilla Delight Health Drink (Refill) - Pack',	NULL,	'all_product_pics/beverage/PediaSure Vanilla Delight Health Drink (Refill) - Pack.jpg',	NULL,	'2018-11-06 05:07:35',	'2018-11-06 05:07:35'),
(216,	'PediaSure Cookies & Cream Health Drink',	NULL,	'all_product_pics/beverage/PediaSure Cookies & Cream Health Drink.jpg',	NULL,	'2018-11-06 05:07:35',	'2018-11-06 05:07:35'),
(217,	'B Natural Apple Juice - ',	NULL,	'all_product_pics/beverage/B Natural Apple Juice -.jpg',	NULL,	'2018-11-06 05:07:35',	'2018-11-06 05:07:35'),
(218,	'B Natural Guava Gush Juice - ',	NULL,	'all_product_pics/beverage/B Natural Guava Gush Juice -.jpg',	NULL,	'2018-11-06 05:07:35',	'2018-11-06 05:07:35'),
(219,	'B Natural Litchi Luscious Juice - ',	NULL,	'all_product_pics/beverage/B Natural Litchi Luscious Juice -.jpg',	NULL,	'2018-11-06 05:07:35',	'2018-11-06 05:07:35'),
(220,	'B Natural Mixed Fruit Merry Juice - ',	NULL,	'all_product_pics/beverage/B Natural Mixed Fruit Merry Juice -.jpg',	NULL,	'2018-11-06 05:07:35',	'2018-11-06 05:07:35'),
(221,	'Tropicana Mixed Fruit Delight Juice - ',	NULL,	'all_product_pics/beverage/Tropicana Mixed Fruit Delight Juice -.jpg',	NULL,	'2018-11-06 05:07:35',	'2018-11-06 05:07:35'),
(222,	'Tropicana Cranberry Delight Juice - ',	NULL,	'all_product_pics/beverage/Tropicana Cranberry Delight Juice -.jpg',	NULL,	'2018-11-06 05:07:35',	'2018-11-06 05:07:35'),
(223,	'Tropicana Guava Delight Juice - ',	NULL,	'all_product_pics/beverage/Tropicana Guava Delight Juice -.jpg',	NULL,	'2018-11-06 05:07:35',	'2018-11-06 05:07:35'),
(224,	'Tropicana Pomegranate Delight Juice - ',	NULL,	'all_product_pics/beverage/B Natural Mixed Fruit Merry Juice -.jpg',	NULL,	'2018-11-06 05:07:35',	'2018-11-06 05:07:35'),
(225,	'Tropicana Litchi Delight Juice - ',	NULL,	'all_product_pics/beverage/Tropicana Pomegranate Delight Juice -.jpg',	NULL,	'2018-11-06 05:07:35',	'2018-11-06 05:07:35'),
(226,	'Rice Sarda ',	NULL,	'all_product_pics/daily_use/rice.jpg',	NULL,	'2018-11-06 05:07:35',	'2018-11-06 05:07:35'),
(227,	'Rice Ladli ',	NULL,	'all_product_pics/daily_use/rice.jpg',	NULL,	'2018-11-06 05:07:35',	'2018-11-06 05:07:35'),
(228,	'Rice Sonam ',	NULL,	'all_product_pics/daily_use/rice.jpg',	NULL,	'2018-11-06 05:07:35',	'2018-11-06 05:07:35'),
(229,	'Rice Sonam  Usna ',	NULL,	'all_product_pics/daily_use/rice.jpg',	NULL,	'2018-11-06 05:07:35',	'2018-11-06 05:07:35'),
(230,	'Rice Ladli Magic ',	NULL,	'all_product_pics/daily_use/rice.jpg',	NULL,	'2018-11-06 05:07:35',	'2018-11-06 05:07:35'),
(231,	'Rice Basmati ',	NULL,	'all_product_pics/daily_use/rice.jpg',	NULL,	'2018-11-06 05:07:35',	'2018-11-06 05:07:35'),
(232,	'Rice Rozana ',	NULL,	'all_product_pics/daily_use/rice.jpg',	NULL,	'2018-11-06 05:07:35',	'2018-11-06 05:07:35'),
(233,	'Rice Punjabi Gold ',	NULL,	'all_product_pics/daily_use/rice.jpg',	NULL,	'2018-11-06 05:07:35',	'2018-11-06 05:07:35'),
(234,	'Rice Nafees ',	NULL,	'all_product_pics/daily_use/rice.jpg',	NULL,	'2018-11-06 05:07:35',	'2018-11-06 05:07:35'),
(235,	'Chana Dal ',	NULL,	'all_product_pics/daily_use/Chana Dal.jpg',	NULL,	'2018-11-06 05:07:35',	'2018-11-06 05:07:35'),
(236,	'Arhar  ',	NULL,	'all_product_pics/daily_use/arhar dal.jpg',	NULL,	'2018-11-06 05:07:35',	'2018-11-06 05:07:35'),
(237,	'Moong Dal ',	NULL,	'all_product_pics/daily_use/moong daal.jpg',	NULL,	'2018-11-06 05:07:35',	'2018-11-06 05:07:35'),
(238,	'Kalai Dal ',	NULL,	'all_product_pics/daily_use/kalai dal.jpg',	NULL,	'2018-11-06 05:07:35',	'2018-11-06 05:07:35'),
(239,	'Masoor Dal ',	NULL,	'all_product_pics/daily_use/masoor dal.jpg',	NULL,	'2018-11-06 05:07:35',	'2018-11-06 05:07:35'),
(240,	'Khada Chana ',	NULL,	'all_product_pics/daily_use/khada chana.jpg',	NULL,	'2018-11-06 05:07:35',	'2018-11-06 05:07:35'),
(241,	'Kabuli Chana ',	NULL,	'all_product_pics/daily_use/kabuli chana.jpg',	NULL,	'2018-11-06 05:07:35',	'2018-11-06 05:07:35'),
(242,	'Chini ',	NULL,	'all_product_pics/daily_use/chini.jpg',	NULL,	'2018-11-06 05:07:35',	'2018-11-06 05:07:35'),
(243,	'Uttam Sugar ',	NULL,	'all_product_pics/daily_use/uttam sugar.jpg',	NULL,	'2018-11-06 05:07:35',	'2018-11-06 05:07:35'),
(244,	'Tata Salt ',	NULL,	'all_product_pics/daily_use/tata salt.jpg',	NULL,	'2018-11-06 05:07:35',	'2018-11-06 05:07:35'),
(245,	'Kala Namak ',	NULL,	'all_product_pics/daily_use/kala namak.jpg',	NULL,	'2018-11-06 05:07:35',	'2018-11-06 05:07:35'),
(246,	'Ashirwad ',	NULL,	'all_product_pics/daily_use/ashirwad salt.jpg',	NULL,	'2018-11-06 05:07:35',	'2018-11-06 05:07:35'),
(247,	'Tata Sakti ',	NULL,	'all_product_pics/daily_use/tata sakti salt.jpg',	NULL,	'2018-11-06 05:07:35',	'2018-11-06 05:07:35'),
(248,	'Rock Salt ',	NULL,	'all_product_pics/daily_use/rock salt.jpg',	NULL,	'2018-11-06 05:07:35',	'2018-11-06 05:07:35'),
(249,	'Horlicks Refill ',	NULL,	'all_product_pics/daily_use/horlicks refill.jpg',	NULL,	'2018-11-06 05:07:35',	'2018-11-06 05:07:35'),
(250,	'Horlicks bottel ',	NULL,	'all_product_pics/daily_use/horlicks dabba.jpg',	NULL,	'2018-11-06 05:07:35',	'2018-11-06 05:07:35'),
(251,	'Horlics refill ',	NULL,	'all_product_pics/daily_use/horlicks refill.jpg',	NULL,	'2018-11-06 05:07:35',	'2018-11-06 05:07:35'),
(252,	'Horlics bottel ',	NULL,	'all_product_pics/daily_use/horlicks dabba.jpg',	NULL,	'2018-11-06 05:07:35',	'2018-11-06 05:07:35'),
(253,	'Bournvita Refill ',	NULL,	'all_product_pics/daily_use/Bournvita Bottle.png',	NULL,	'2018-11-06 05:07:35',	'2018-11-06 05:07:35'),
(254,	'Bournvita Bottle',	NULL,	'all_product_pics/daily_use/Bournvita Bottle.png',	NULL,	'2018-11-06 05:07:35',	'2018-11-06 05:07:35'),
(255,	'Bournvita  Bottel',	NULL,	'all_product_pics/daily_use/Bournvita  Bottel.png',	NULL,	'2018-11-06 05:07:35',	'2018-11-06 05:07:35'),
(256,	'Maida ',	NULL,	'all_product_pics/daily_use/maida.jpg',	NULL,	'2018-11-06 05:07:35',	'2018-11-06 05:07:35'),
(257,	'Maida Packet ',	NULL,	'all_product_pics/daily_use/maida packet.jpg',	NULL,	'2018-11-06 05:07:35',	'2018-11-06 05:07:35'),
(258,	'Aata ',	NULL,	'all_product_pics/daily_use/atta.jpg',	NULL,	'2018-11-06 05:07:35',	'2018-11-06 05:07:35'),
(259,	'Aata Packet ',	NULL,	'all_product_pics/daily_use/aata packet.jpg',	NULL,	'2018-11-06 05:07:35',	'2018-11-06 05:07:35'),
(260,	'Aata Fortune ',	NULL,	'all_product_pics/daily_use/',	NULL,	'2018-11-06 05:07:35',	'2018-11-06 05:07:35'),
(261,	'Mixture ',	NULL,	'all_product_pics/daily_use/Mixture.jpg',	NULL,	'2018-11-06 05:07:35',	'2018-11-06 05:07:35'),
(262,	'Mixture Juli ',	NULL,	'all_product_pics/daily_use/juli mixture.jpg',	NULL,	'2018-11-06 05:07:35',	'2018-11-06 05:07:35'),
(263,	'Chicken Masala',	NULL,	'all_product_pics/daily_use/chicken masala.jpg',	NULL,	'2018-11-06 05:07:35',	'2018-11-06 05:07:35'),
(264,	'Garam Masala',	NULL,	'all_product_pics/daily_use/Garam Masala.jpg',	NULL,	'2018-11-06 05:07:35',	'2018-11-06 05:07:35'),
(265,	'Meat Masala',	NULL,	'all_product_pics/daily_use/Meat Masala.jpg',	NULL,	'2018-11-06 05:07:35',	'2018-11-06 05:07:35'),
(266,	'Sabji Masala',	NULL,	'all_product_pics/daily_use/Sabji Masala.jpg',	NULL,	'2018-11-06 05:07:35',	'2018-11-06 05:07:35'),
(267,	'Garam Masala Khada',	NULL,	'all_product_pics/daily_use/Garam Masala Khada.jpg',	NULL,	'2018-11-06 05:07:35',	'2018-11-06 05:07:35'),
(268,	'Haldi ',	NULL,	'all_product_pics/daily_use/haldi.jpg',	NULL,	'2018-11-06 05:07:35',	'2018-11-06 05:07:35'),
(269,	'Dhaniya ',	NULL,	'all_product_pics/daily_use/dhaniya.jpg',	NULL,	'2018-11-06 05:07:35',	'2018-11-06 05:07:35'),
(270,	'Mirch ',	NULL,	'all_product_pics/daily_use/gol-mirch.jpg',	NULL,	'2018-11-06 05:07:35',	'2018-11-06 05:07:35'),
(271,	'Zeera ',	NULL,	'all_product_pics/daily_use/zeera.jpg',	NULL,	'2018-11-06 05:07:35',	'2018-11-06 05:07:35'),
(272,	'Golki ',	NULL,	'all_product_pics/daily_use/golki.jpg',	NULL,	'2018-11-06 05:07:35',	'2018-11-06 05:07:35'),
(273,	'Marigold Buiscuite',	NULL,	'all_product_pics/daily_use/Marigold Buiscuite.jpg',	NULL,	'2018-11-06 05:07:35',	'2018-11-06 05:07:35'),
(274,	'Maggie Noodles',	NULL,	'all_product_pics/daily_use/Maggie Noodles.jpg',	NULL,	'2018-11-06 05:07:35',	'2018-11-06 05:07:35'),
(275,	'Godday Kaju',	NULL,	'all_product_pics/daily_use/Godday Kaju.png',	NULL,	'2018-11-06 05:07:35',	'2018-11-06 05:07:35'),
(276,	'Marrie Biskfarm',	NULL,	'all_product_pics/daily_use/Marrie Biskfarm.jpg',	NULL,	'2018-11-06 05:07:35',	'2018-11-06 05:07:35'),
(277,	'Kaju ',	NULL,	'all_product_pics/daily_use/Kaju.jpg',	NULL,	'2018-11-06 05:07:35',	'2018-11-06 05:07:35'),
(278,	'Kismis ',	NULL,	'all_product_pics/daily_use/kismis.jpg',	NULL,	'2018-11-06 05:07:35',	'2018-11-06 05:07:35'),
(279,	'Kagaji Bada ',	NULL,	'all_product_pics/daily_use/Kagji Badam.jpg',	NULL,	'2018-11-06 05:07:35',	'2018-11-06 05:07:35'),
(280,	'Lal Badaam ',	NULL,	'all_product_pics/daily_use/lal badaam.jpg',	NULL,	'2018-11-06 05:07:35',	'2018-11-06 05:07:35'),
(281,	'White Badaam ',	NULL,	'all_product_pics/daily_use/safed badaam.jpg',	NULL,	'2018-11-06 05:07:35',	'2018-11-06 05:07:35'),
(282,	'White Bread',	NULL,	'all_product_pics/daily_use/White Bread.jpg',	NULL,	'2018-11-06 05:07:35',	'2018-11-06 05:07:35'),
(283,	'Aata Bread',	NULL,	'all_product_pics/daily_use/Aata Bread.jpeg',	NULL,	'2018-11-06 05:07:35',	'2018-11-06 05:07:35'),
(284,	'Lifebouy',	NULL,	'all_product_pics/daily_use/lifebouy soap.jpg',	NULL,	'2018-11-06 05:07:35',	'2018-11-06 05:07:35'),
(285,	'Lux',	NULL,	'all_product_pics/daily_use/lux soap.jpg',	NULL,	'2018-11-06 05:07:35',	'2018-11-06 05:07:35'),
(286,	'dettol',	NULL,	'all_product_pics/daily_use/dettol-soap.jpg',	NULL,	'2018-11-06 05:07:35',	'2018-11-06 05:07:35'),
(287,	'Head n shoulder ',	NULL,	'all_product_pics/daily_use/head n shoulder dabba.jpg',	NULL,	'2018-11-06 05:07:35',	'2018-11-06 05:07:35'),
(288,	'Head n shoulder ',	NULL,	'all_product_pics/daily_use/head n shoulder dabba.jpg',	NULL,	'2018-11-06 05:07:35',	'2018-11-06 05:07:35'),
(289,	'Head n Shoulder ',	NULL,	'all_product_pics/daily_use/head n shoulder dabba.jpg',	NULL,	'2018-11-06 05:07:35',	'2018-11-06 05:07:35'),
(290,	'Head n Shoulder pouch',	NULL,	'all_product_pics/daily_use/Head n Shoulder pouch.jpg',	NULL,	'2018-11-06 05:07:35',	'2018-11-06 05:07:35'),
(291,	'Clinik Plus Pouch',	NULL,	'all_product_pics/daily_use/Clinik Plus Pouch.jpg',	NULL,	'2018-11-06 05:07:35',	'2018-11-06 05:07:35'),
(292,	'Clinik Plus ',	NULL,	'all_product_pics/daily_use/clinic plus.jpg',	NULL,	'2018-11-06 05:07:35',	'2018-11-06 05:07:35'),
(293,	'Clinik Plus ',	NULL,	'all_product_pics/daily_use/clinic plus.jpg',	NULL,	'2018-11-06 05:07:35',	'2018-11-06 05:07:35'),
(294,	'Clinik Plus ',	NULL,	'all_product_pics/daily_use/clinic plus.jpg',	NULL,	'2018-11-06 05:07:35',	'2018-11-06 05:07:35'),
(295,	'Colgate Strong  ',	NULL,	'all_product_pics/daily_use/colgate.jpg',	NULL,	'2018-11-06 05:07:35',	'2018-11-06 05:07:35'),
(296,	'Colgate Max fresh ',	NULL,	'all_product_pics/daily_use/colgate max fresh.jpg',	NULL,	'2018-11-06 05:07:35',	'2018-11-06 05:07:35'),
(297,	'Colgate Active Salt ',	NULL,	'all_product_pics/daily_use/colgate active salt.jpg',	NULL,	'2018-11-06 05:07:35',	'2018-11-06 05:07:35'),
(298,	'Chura ',	NULL,	'all_product_pics/daily_use/chura.jpg',	NULL,	'2018-11-06 05:07:35',	'2018-11-06 05:07:35'),
(299,	'Mudhi ',	NULL,	'all_product_pics/daily_use/mudhi.jpg',	NULL,	'2018-11-06 05:07:35',	'2018-11-06 05:07:35'),
(300,	'Harpic ',	NULL,	'all_product_pics/daily_use/harpic.jpg',	NULL,	'2018-11-06 05:07:35',	'2018-11-06 05:07:35'),
(301,	'Lizol ',	NULL,	'all_product_pics/daily_use/Lizol.jpg',	NULL,	'2018-11-06 05:07:35',	'2018-11-06 05:07:35'),
(302,	'Dermi cool powder ',	NULL,	'all_product_pics/daily_use/Dermi cool powder.jpg',	NULL,	'2018-11-06 05:07:35',	'2018-11-06 05:07:35'),
(303,	'Safola ',	NULL,	'all_product_pics/daily_use/Safola.jpg',	NULL,	'2018-11-06 05:07:35',	'2018-11-06 05:07:35'),
(304,	'Fortune Refine oil',	NULL,	'all_product_pics/daily_use/Fortune Refine oil.png',	NULL,	'2018-11-06 05:07:35',	'2018-11-06 05:07:35'),
(305,	'Sarso Tel ',	NULL,	'all_product_pics/daily_use/Sarso Tel.jpg',	NULL,	'2018-11-06 05:07:35',	'2018-11-06 05:07:35'),
(306,	'Wheel Powder ',	NULL,	'all_product_pics/daily_use/Wheel powder.jpg',	NULL,	'2018-11-06 05:07:35',	'2018-11-06 05:07:35'),
(307,	'Wheel Powder ',	NULL,	'all_product_pics/daily_use/Wheel powder.jpg',	NULL,	'2018-11-06 05:07:35',	'2018-11-06 05:07:35'),
(308,	'Excel ',	NULL,	'all_product_pics/daily_use/Excel.jpg',	NULL,	'2018-11-06 05:07:35',	'2018-11-06 05:07:35'),
(309,	'Excel Quick Wash ',	NULL,	'all_product_pics/daily_use/Excel quick wash.jpg',	NULL,	'2018-11-06 05:07:35',	'2018-11-06 05:07:35'),
(310,	'Jam  Kissan',	NULL,	'all_product_pics/daily_use/Jam  Kissan.jpg',	NULL,	'2018-11-06 05:07:35',	'2018-11-06 05:07:35'),
(311,	'Jam Kissan',	NULL,	'all_product_pics/daily_use/Jam Kissan.jpg',	NULL,	'2018-11-06 05:07:35',	'2018-11-06 05:07:35'),
(312,	'Kissan Sauce ',	NULL,	'all_product_pics/daily_use/Kissan sauce.jpg',	NULL,	'2018-11-06 05:07:35',	'2018-11-06 05:07:35'),
(313,	'Kissan Sauce ',	NULL,	'all_product_pics/daily_use/Kissan sauce.jpg',	NULL,	'2018-11-06 05:07:35',	'2018-11-06 05:07:35'),
(314,	'Pears Soap',	NULL,	'all_product_pics/daily_use/Pears Soap.jpg',	NULL,	'2018-11-06 05:07:35',	'2018-11-06 05:07:35'),
(315,	'Dove',	NULL,	'all_product_pics/daily_use/dove soap.jpg',	NULL,	'2018-11-06 05:07:35',	'2018-11-06 05:07:35'),
(316,	'Blade Wilkinson',	NULL,	'all_product_pics/daily_use/Blade Wilkinson.jpg',	NULL,	'2018-11-06 05:07:35',	'2018-11-06 05:07:35'),
(317,	'7 o clock blade',	NULL,	'all_product_pics/daily_use/7 o clock blade.jpg',	NULL,	'2018-11-06 05:07:35',	'2018-11-06 05:07:35'),
(318,	'Topaz blade',	NULL,	'all_product_pics/daily_use/Topaz blade.jpg',	NULL,	'2018-11-06 05:07:35',	'2018-11-06 05:07:35'),
(319,	'Haldi',	NULL,	'all_product_pics/daily_use/haldi.jpg',	NULL,	'2018-11-06 05:07:35',	'2018-11-06 05:07:35'),
(320,	'Dhaniya',	NULL,	'all_product_pics/daily_use/dhaniya.jpg',	NULL,	'2018-11-06 05:07:35',	'2018-11-06 05:07:35'),
(321,	'Lal Mirch',	NULL,	'all_product_pics/daily_use/Lal Mirch.jpg',	NULL,	'2018-11-06 05:07:35',	'2018-11-06 05:07:35'),
(322,	'Mix Masala',	NULL,	'all_product_pics/daily_use/Mix Masala.jpg',	NULL,	'2018-11-06 05:07:35',	'2018-11-06 05:07:35'),
(323,	'Kaka Zeera',	NULL,	'all_product_pics/daily_use/Kaka Zeera.jpg',	NULL,	'2018-11-06 05:07:35',	'2018-11-06 05:07:35'),
(324,	'Machli Papad',	NULL,	'all_product_pics/daily_use/Machli Papad.jpg',	NULL,	'2018-11-06 05:07:35',	'2018-11-06 05:07:35'),
(325,	'GulabSattu',	NULL,	'all_product_pics/daily_use/GulabSattu.jpg',	NULL,	'2018-11-06 05:07:35',	'2018-11-06 05:07:35'),
(326,	'Gulab Besan',	NULL,	'all_product_pics/daily_use/Gulab Besan.png',	NULL,	'2018-11-06 05:07:35',	'2018-11-06 05:07:35'),
(327,	'Ajwain',	NULL,	'all_product_pics/daily_use/Ajwain.jpg',	NULL,	'2018-11-06 05:07:35',	'2018-11-06 05:07:35'),
(328,	'Methi',	NULL,	'all_product_pics/daily_use/Methi.jpg',	NULL,	'2018-11-06 05:07:35',	'2018-11-06 05:07:35'),
(329,	'Gol Mirch',	NULL,	'all_product_pics/daily_use/Gol Mirch. black-pepper-500x500-.jpg',	NULL,	'2018-11-06 05:07:35',	'2018-11-06 05:07:35'),
(330,	'Kaju',	NULL,	'all_product_pics/daily_use/Kaju.jpg',	NULL,	'2018-11-06 05:07:35',	'2018-11-06 05:07:35'),
(331,	'Kismis',	NULL,	'all_product_pics/daily_use/kismis.jpg',	NULL,	'2018-11-06 05:07:35',	'2018-11-06 05:07:35'),
(332,	'Kagji Badam',	NULL,	'all_product_pics/daily_use/Kagji Badam.jpg',	NULL,	'2018-11-06 05:07:35',	'2018-11-06 05:07:35'),
(333,	'Lasun',	NULL,	'all_product_pics/daily_use/Lasun.jpg',	NULL,	'2018-11-06 05:07:35',	'2018-11-06 05:07:35'),
(334,	'Chaipatti(Khulla)',	NULL,	'all_product_pics/daily_use/Chaipatti(Khulla).jpg',	NULL,	'2018-11-06 05:07:35',	'2018-11-06 05:07:35'),
(335,	'Macaroni Pasta',	NULL,	'all_product_pics/daily_use/Macaroni Pasta.jpg',	NULL,	'2018-11-06 05:07:35',	'2018-11-06 05:07:35'),
(336,	'Kala Sarso',	NULL,	'all_product_pics/daily_use/Kala Sarso16_.jpg',	NULL,	'2018-11-06 05:07:35',	'2018-11-06 05:07:35'),
(337,	'Pila Sarso',	NULL,	'all_product_pics/daily_use/Pila Sarso.jpg',	NULL,	'2018-11-06 05:07:35',	'2018-11-06 05:07:35'),
(338,	'Pach Foron',	NULL,	'all_product_pics/daily_use/Pach Foron.jpg',	NULL,	'2018-11-06 05:07:35',	'2018-11-06 05:07:35'),
(339,	'Ghanti Sawai',	NULL,	'all_product_pics/daily_use/sawai.jpg',	NULL,	'2018-11-06 05:07:35',	'2018-11-06 05:07:35'),
(340,	'Mixture',	NULL,	'all_product_pics/daily_use/Mixture.jpg',	NULL,	'2018-11-06 05:07:35',	'2018-11-06 05:07:35'),
(341,	'Mixture',	NULL,	'all_product_pics/daily_use/Mixture.jpg',	NULL,	'2018-11-06 05:07:35',	'2018-11-06 05:07:35'),
(342,	'Priyanka Mixture',	NULL,	'all_product_pics/daily_use/Priyanka Mixture.jpg',	NULL,	'2018-11-06 05:07:35',	'2018-11-06 05:07:35'),
(343,	'Gurudev Champa Agarbatti',	NULL,	'all_product_pics/daily_use/Gurudev Champa Agarbatti.jpg',	NULL,	'2018-11-06 05:07:35',	'2018-11-06 05:07:35'),
(344,	'Gurudev Mogra Agarbatti',	NULL,	'all_product_pics/daily_use/Gurudev Mogra Agarbatti.png',	NULL,	'2018-11-06 05:07:35',	'2018-11-06 05:07:35'),
(345,	'Gurudev Gulab Agarbatti',	NULL,	'all_product_pics/daily_use/Gurudev Gulab Agarbatti.jpg',	NULL,	'2018-11-06 05:07:35',	'2018-11-06 05:07:35'),
(346,	'Gurudev 20 20 Agarbatti',	NULL,	'all_product_pics/daily_use/Gurudev 20 20 Agarbatti.jpeg',	NULL,	'2018-11-06 05:07:35',	'2018-11-06 05:07:35'),
(347,	'Gurudev Kewda Agarbatti',	NULL,	'all_product_pics/daily_use/Gurudev Kewda Agarbatti.jpg',	NULL,	'2018-11-06 05:07:35',	'2018-11-06 05:07:35'),
(348,	'Gurudev Crazy Agarbatti',	NULL,	'all_product_pics/daily_use/Gurudev Crazy Agarbatti.jpg',	NULL,	'2018-11-06 05:07:35',	'2018-11-06 05:07:35'),
(349,	'Khada Garam Masala',	NULL,	'all_product_pics/daily_use/Khada Garam Masala.jpg',	NULL,	'2018-11-06 05:07:35',	'2018-11-06 05:07:35'),
(350,	'Sawai',	NULL,	'all_product_pics/daily_use/sawai.jpg',	NULL,	'2018-11-06 05:07:35',	'2018-11-06 05:07:35'),
(351,	'Salai',	NULL,	'all_product_pics/daily_use/salaai.jpg',	NULL,	'2018-11-06 05:07:35',	'2018-11-06 05:07:35'),
(352,	'Gautam Thikkur',	NULL,	'all_product_pics/daily_use/thikkur.jpg',	NULL,	'2018-11-06 05:07:35',	'2018-11-06 05:07:35'),
(353,	'Laddo Chowmin',	NULL,	'all_product_pics/daily_use/Laddo Chowmin.jpg',	NULL,	'2018-11-06 05:07:35',	'2018-11-06 05:07:35'),
(354,	'Sudha Milk',	NULL,	'all_product_pics/daily_use/Sudha Milk.png',	NULL,	'2018-11-06 05:07:35',	'2018-11-06 05:07:35'),
(355,	'Sachha Moti Sabudana',	NULL,	'all_product_pics/daily_use/Sachha Moti Sabudana.jpg',	NULL,	'2018-11-06 05:07:35',	'2018-11-06 05:07:35'),
(356,	'Mother Dairy Ghee',	NULL,	'all_product_pics/daily_use/Mother Dairy Ghee.jpg',	NULL,	'2018-11-06 05:07:35',	'2018-11-06 05:07:35'),
(357,	'Baaz Brand Phynyle',	NULL,	'all_product_pics/daily_use/Baaz Brand Phynyle.jpg',	NULL,	'2018-11-06 05:07:35',	'2018-11-06 05:07:35'),
(358,	'SWADESHI SAMRIDDHI CARD',	NULL,	'all_product_pics/patanjali/SWADESHI SAMRIDDHI CARD.jpg',	NULL,	'2018-11-06 05:07:35',	'2018-11-06 05:07:35'),
(359,	'SAUNDARYA ALOE VERA GEL KESAR',	NULL,	'all_product_pics/patanjali/SAUNDARYA ALOE VERA GEL KESAR.jpg',	NULL,	'2018-11-06 05:07:35',	'2018-11-06 05:07:35'),
(360,	'TAMRA BHASMA',	NULL,	'all_product_pics/patanjali/TAMRA BHASMA.jpg',	NULL,	'2018-11-06 05:07:35',	'2018-11-06 05:07:35'),
(361,	'OBESITY',	NULL,	'all_product_pics/patanjali/OBESITY.jpg',	NULL,	'2018-11-06 05:07:35',	'2018-11-06 05:07:35'),
(362,	'MEDOHAR VATI',	NULL,	'all_product_pics/patanjali/MEDOHAR VATI.jpg',	NULL,	'2018-11-06 05:07:35',	'2018-11-06 05:07:35'),
(363,	'SHUDDH KONCH BEEJ CHURAN 100',	NULL,	'all_product_pics/patanjali/SHUDDH KONCH BEEJ CHURAN 100.jpg',	NULL,	'2018-11-06 05:07:35',	'2018-11-06 05:07:35'),
(364,	'COLD RELIEF INHALER',	NULL,	'all_product_pics/patanjali/COLD RELIEF INHALER.png',	NULL,	'2018-11-06 05:07:35',	'2018-11-06 05:07:35'),
(365,	'HIGH BLOOD PRESSURE',	NULL,	'all_product_pics/patanjali/HIGH BLOOD PRESSURE.jpg',	NULL,	'2018-11-06 05:07:35',	'2018-11-06 05:07:35'),
(366,	'MUKTA VATI EXTRA POWER',	NULL,	'all_product_pics/patanjali/MUKTA VATI EXTRA POWER.jpg',	NULL,	'2018-11-06 05:07:35',	'2018-11-06 05:07:35'),
(367,	'ASHWAGANDHA CHURNA',	NULL,	'all_product_pics/patanjali/ASHWAGANDHA CHURNA.jpg',	NULL,	'2018-11-06 05:07:35',	'2018-11-06 05:07:35'),
(368,	'ABHRAK BHASMA',	NULL,	'all_product_pics/patanjali/ABHRAK BHASMA.jpg',	NULL,	'2018-11-06 05:07:35',	'2018-11-06 05:07:35'),
(369,	'DIVYA MADHUNASHINI VATI EXTRA POWER',	NULL,	'all_product_pics/patanjali/DIVYA MADHUNASHINI VATI EXTRA POWER.png',	NULL,	'2018-11-06 05:07:35',	'2018-11-06 05:07:35'),
(370,	'AKIK PISHTI',	NULL,	'all_product_pics/patanjali/AKIK PISHTI.png',	NULL,	'2018-11-06 05:07:35',	'2018-11-06 05:07:35'),
(371,	'SWET MUSHLI',	NULL,	'all_product_pics/patanjali/SWET MUSHLI.png',	NULL,	'2018-11-06 05:07:35',	'2018-11-06 05:07:35'),
(372,	'KESH KANTI ANTI DANDRUFF POUCH',	NULL,	'all_product_pics/patanjali/KESH KANTI ANTI DANDRUFF POUCH.jpg',	NULL,	'2018-11-06 05:07:35',	'2018-11-06 05:07:35'),
(373,	'DIVYA YOUVNAMRIT VATI',	NULL,	'all_product_pics/patanjali/DIVYA YOUVNAMRIT VATI.jpg',	NULL,	'2018-11-06 05:07:35',	'2018-11-06 05:07:35'),
(374,	'PRAVAL PANCHAMRIT',	NULL,	'all_product_pics/patanjali/PRAVAL PANCHAMRIT.jpg',	NULL,	'2018-11-06 05:07:35',	'2018-11-06 05:07:35'),
(375,	'TANKAN BHASMA',	NULL,	'all_product_pics/patanjali/TANKAN BHASMA.png',	NULL,	'2018-11-06 05:07:35',	'2018-11-06 05:07:35'),
(376,	'DIVYA KAYAKALP VATI EXTRA POWER',	NULL,	'all_product_pics/patanjali/DIVYA KAYAKALP VATI EXTRA POWER.png',	NULL,	'2018-11-06 05:07:35',	'2018-11-06 05:07:35'),
(377,	'DIVYA STRI RASAYAN VATI',	NULL,	'all_product_pics/patanjali/DIVYA STRI RASAYAN VATI.jpg',	NULL,	'2018-11-06 05:07:35',	'2018-11-06 05:07:35'),
(378,	'PRAVAL PISHTI',	NULL,	'all_product_pics/patanjali/PRAVAL PISHTI.png',	NULL,	'2018-11-06 05:07:35',	'2018-11-06 05:07:35'),
(379,	'DIVYA SWARN MAKSHIK BHASMA',	NULL,	'all_product_pics/patanjali/DIVYA SWARN MAKSHIK BHASMA.png',	NULL,	'2018-11-06 05:07:35',	'2018-11-06 05:07:35'),
(380,	'TRIPHALA GUGGUL',	NULL,	'all_product_pics/patanjali/TRIPHALA GUGGUL.png',	NULL,	'2018-11-06 05:07:35',	'2018-11-06 05:07:35'),
(381,	'SHILAJEET CAPSULE',	NULL,	'all_product_pics/patanjali/SHILAJEET CAPSULE.jpg',	NULL,	'2018-11-06 05:07:35',	'2018-11-06 05:07:35'),
(382,	'DIVYA MEDHA VATI-EXTRA POWER',	NULL,	'all_product_pics/patanjali/DIVYA MEDHA VATI-EXTRA POWER.jpg',	NULL,	'2018-11-06 05:07:35',	'2018-11-06 05:07:35'),
(383,	'VISHTINDUKADI VATI',	NULL,	'all_product_pics/patanjali/VISHTINDUKADI VATI.png',	NULL,	'2018-11-06 05:07:35',	'2018-11-06 05:07:35'),
(384,	'AASTHA AGARBATTI (PATCHUOLI)',	NULL,	'all_product_pics/patanjali/AASTHA AGARBATTI (PATCHUOLI).jpg',	NULL,	'2018-11-06 05:07:35',	'2018-11-06 05:07:35'),
(385,	'EKANGVEER RAS',	NULL,	'all_product_pics/patanjali/EKANGVEER RAS.png',	NULL,	'2018-11-06 05:07:35',	'2018-11-06 05:07:35'),
(386,	'AASTHA AGARBATTI (BHAKTI)',	NULL,	'all_product_pics/patanjali/AASTHA AGARBATTI (BHAKTI).jpg',	NULL,	'2018-11-06 05:07:35',	'2018-11-06 05:07:35'),
(387,	'SITOPALADI CHURNA',	NULL,	'all_product_pics/patanjali/SITOPALADI CHURNA.jpg',	NULL,	'2018-11-06 05:07:35',	'2018-11-06 05:07:35'),
(388,	'RAS SINDOOR',	NULL,	'all_product_pics/patanjali/RAS SINDOOR.jpg',	NULL,	'2018-11-06 05:07:35',	'2018-11-06 05:07:35'),
(389,	'KANCHNAR GUGGUL',	NULL,	'all_product_pics/patanjali/KANCHNAR GUGGUL.jpg',	NULL,	'2018-11-06 05:07:35',	'2018-11-06 05:07:35'),
(390,	'KAMDUDHA RAS',	NULL,	'all_product_pics/patanjali/KAMDUDHA RAS.jpg',	NULL,	'2018-11-06 05:07:35',	'2018-11-06 05:07:35'),
(391,	'DIVYA SWASARI RAS',	NULL,	'all_product_pics/patanjali/DIVYA SWASARI RAS.png',	NULL,	'2018-11-06 05:07:35',	'2018-11-06 05:07:35'),
(392,	'LAVANGADI VATI',	NULL,	'all_product_pics/patanjali/LAVANGADI VATI.jpg',	NULL,	'2018-11-06 05:07:35',	'2018-11-06 05:07:35'),
(393,	'AASTHA AGARBATTI (POOJA)',	NULL,	'all_product_pics/patanjali/AASTHA AGARBATTI (POOJA).png',	NULL,	'2018-11-06 05:07:35',	'2018-11-06 05:07:35'),
(394,	'DIVYA PEEDANTAK VATI',	NULL,	'all_product_pics/patanjali/DIVYA PEEDANTAK VATI.png',	NULL,	'2018-11-06 05:07:35',	'2018-11-06 05:07:35'),
(395,	'SINGHNAD GUGGUL',	NULL,	'all_product_pics/patanjali/SINGHNAD GUGGUL.png',	NULL,	'2018-11-06 05:07:35',	'2018-11-06 05:07:35'),
(396,	'MANDUR BHASMA',	NULL,	'all_product_pics/patanjali/MANDUR BHASMA.jpg',	NULL,	'2018-11-06 05:07:35',	'2018-11-06 05:07:35'),
(397,	'PUSHYANUG CHURNA',	NULL,	'all_product_pics/patanjali/PUSHYANUG CHURNA.png',	NULL,	'2018-11-06 05:07:35',	'2018-11-06 05:07:35'),
(398,	'AASTHA AGARBATTI (LOBAN)',	NULL,	'all_product_pics/patanjali/AASTHA AGARBATTI (LOBAN).jpg',	NULL,	'2018-11-06 05:07:35',	'2018-11-06 05:07:35'),
(399,	'PUNARNAVADI MANDOOR - 120 Tab',	NULL,	'all_product_pics/patanjali/PUNARNAVADI MANDOOR - 120 Tab.png',	NULL,	'2018-11-06 05:07:35',	'2018-11-06 05:07:35'),
(400,	'JWARNASHAK VATI',	NULL,	'all_product_pics/patanjali/JWARNASHAK VATI.png',	NULL,	'2018-11-06 05:07:35',	'2018-11-06 05:07:35'),
(401,	'KULYA MISHRAN',	NULL,	'all_product_pics/patanjali/KULYA MISHRAN.png',	NULL,	'2018-11-06 05:07:35',	'2018-11-06 05:07:35'),
(402,	'PUNARNAVADI MANDOOR',	NULL,	'all_product_pics/patanjali/PUNARNAVADI MANDOOR.png',	NULL,	'2018-11-06 05:07:35',	'2018-11-06 05:07:35'),
(403,	'AAMVATARI RAS',	NULL,	'all_product_pics/patanjali/AAMVATARI RAS.jpg',	NULL,	'2018-11-06 05:07:35',	'2018-11-06 05:07:35'),
(404,	'GODANTI BHASMA',	NULL,	'all_product_pics/patanjali/GODANTI BHASMA.jpg',	NULL,	'2018-11-06 05:07:35',	'2018-11-06 05:07:35'),
(405,	'SHILA SINDOOR',	NULL,	'all_product_pics/patanjali/SHILA SINDOOR.png',	NULL,	'2018-11-06 05:07:35',	'2018-11-06 05:07:35'),
(406,	'SWARNA VASANT MALTI',	NULL,	'all_product_pics/patanjali/SWARNA VASANT MALTI.jpg',	NULL,	'2018-11-06 05:07:35',	'2018-11-06 05:07:35'),
(407,	'SAPTVINSHATI GUGGUL',	NULL,	'all_product_pics/patanjali/SAPTVINSHATI GUGGUL.png',	NULL,	'2018-11-06 05:07:35',	'2018-11-06 05:07:35'),
(408,	'DIVYA ASHMARIHAR RAS',	NULL,	'all_product_pics/patanjali/DIVYA ASHMARIHAR RAS.png',	NULL,	'2018-11-06 05:07:35',	'2018-11-06 05:07:35'),
(409,	'CHITRAKADI VATI',	NULL,	'all_product_pics/patanjali/CHITRAKADI VATI.jpg',	NULL,	'2018-11-06 05:07:35',	'2018-11-06 05:07:35'),
(410,	'PATANJALI CHANA DAL NAMKEEN',	NULL,	'all_product_pics/patanjali/PATANJALI CHANA DAL NAMKEEN.png',	NULL,	'2018-11-06 05:07:35',	'2018-11-06 05:07:35'),
(411,	'LAKSHADI GUGGUL',	NULL,	'all_product_pics/patanjali/LAKSHADI GUGGUL.jpg',	NULL,	'2018-11-06 05:07:35',	'2018-11-06 05:07:35'),
(412,	'CHANDRAPRABHA VATI',	NULL,	'all_product_pics/patanjali/CHANDRAPRABHA VATI.jpg',	NULL,	'2018-11-06 05:07:35',	'2018-11-06 05:07:35'),
(413,	'DIVYA MADHU KALP VATI',	NULL,	'all_product_pics/patanjali/DIVYA MADHU KALP VATI.png',	NULL,	'2018-11-06 05:07:35',	'2018-11-06 05:07:35'),
(414,	'TRIYODASHANG GUGGUL',	NULL,	'all_product_pics/patanjali/TRIYODASHANG GUGGUL.png',	NULL,	'2018-11-06 05:07:35',	'2018-11-06 05:07:35'),
(415,	'MAHAWAT VIDHWANSAN',	NULL,	'all_product_pics/patanjali/MAHAWAT VIDHWANSAN.png',	NULL,	'2018-11-06 05:07:35',	'2018-11-06 05:07:35'),
(416,	'SHANKH BHASMA',	NULL,	'all_product_pics/patanjali/SHANKH BHASMA.jpg',	NULL,	'2018-11-06 05:07:35',	'2018-11-06 05:07:35'),
(417,	'AVIPATTIKAR CHURNA',	NULL,	'all_product_pics/patanjali/AVIPATTIKAR CHURNA.jpg',	NULL,	'2018-11-06 05:07:35',	'2018-11-06 05:07:35'),
(418,	'SWET PARPATI',	NULL,	'all_product_pics/patanjali/SWET PARPATI.png',	NULL,	'2018-11-06 05:07:35',	'2018-11-06 05:07:35'),
(419,	'TRIKATU CHURNA',	NULL,	'all_product_pics/patanjali/TRIKATU CHURNA.png',	NULL,	'2018-11-06 05:07:35',	'2018-11-06 05:07:35'),
(420,	'YOGENDER RAS',	NULL,	'all_product_pics/patanjali/YOGENDER RAS.jpg',	NULL,	'2018-11-06 05:07:35',	'2018-11-06 05:07:35'),
(421,	'TRIPLE ACTION TOOTH BRUSH',	NULL,	'all_product_pics/patanjali/TRIPLE ACTION TOOTH BRUSH.jpg',	NULL,	'2018-11-06 05:07:35',	'2018-11-06 05:07:35'),
(422,	'AASTHA PREMIUM ROLI  KUMKUM',	NULL,	'all_product_pics/patanjali/AASTHA PREMIUM ROLI  KUMKUM.png',	NULL,	'2018-11-06 05:07:35',	'2018-11-06 05:07:35'),
(423,	'PEEDANTAK OIL',	NULL,	'all_product_pics/patanjali/PEEDANTAK OIL.png',	NULL,	'2018-11-06 05:07:35',	'2018-11-06 05:07:35'),
(424,	'AmlA CHURNA',	NULL,	'all_product_pics/patanjali/AmlA CHURNA.jpg',	NULL,	'2018-11-06 05:07:35',	'2018-11-06 05:07:35'),
(425,	'SANJIVANI VATI',	NULL,	'all_product_pics/patanjali/SANJIVANI VATI.png',	NULL,	'2018-11-06 05:07:35',	'2018-11-06 05:07:35'),
(426,	'JWARNASHAK KWATH',	NULL,	'all_product_pics/patanjali/JWARNASHAK KWATH.jpg',	NULL,	'2018-11-06 05:07:35',	'2018-11-06 05:07:35'),
(427,	'KESH KANTI ANTI DANDRUFF HAIR',	NULL,	'all_product_pics/patanjali/KESH KANTI ANTI DANDRUFF HAIR.jpg',	NULL,	'2018-11-06 05:07:35',	'2018-11-06 05:07:35'),
(428,	'PARIJAAT KWATH 100',	NULL,	'all_product_pics/patanjali/PARIJAAT KWATH 100gm.jpg',	NULL,	'2018-11-06 05:07:35',	'2018-11-06 05:07:35'),
(429,	'SARVAKALP KWATH',	NULL,	'all_product_pics/patanjali/SARVAKALP KWATH.png',	NULL,	'2018-11-06 05:07:35',	'2018-11-06 05:07:35'),
(430,	'CURVY TOOTH BRUSH',	NULL,	'all_product_pics/patanjali/CURVY TOOTH BRUSH.jpg',	NULL,	'2018-11-06 05:07:35',	'2018-11-06 05:07:35'),
(431,	'DIVYA KANTILEP',	NULL,	'all_product_pics/patanjali/DIVYA KANTILEP.jpg',	NULL,	'2018-11-06 05:07:35',	'2018-11-06 05:07:35'),
(432,	'PIMPLES  SKIN PROBLEM',	NULL,	'all_product_pics/patanjali/PIMPLES  SKIN PROBLEM.jpg',	NULL,	'2018-11-06 05:07:35',	'2018-11-06 05:07:35'),
(433,	'KESH KANTI MILK PROTEIN',	NULL,	'all_product_pics/patanjali/KESH KANTI MILK PROTEIN.jpg',	NULL,	'2018-11-06 05:07:35',	'2018-11-06 05:07:35'),
(434,	'MUKTA PISHTI',	NULL,	'all_product_pics/patanjali/MUKTA PISHTI.png',	NULL,	'2018-11-06 05:07:35',	'2018-11-06 05:07:35'),
(435,	'KESH KANTI REETHA',	NULL,	'all_product_pics/patanjali/KESH KANTI REETHA.jpg',	NULL,	'2018-11-06 05:07:35',	'2018-11-06 05:07:35'),
(436,	'V V CHINTAMANI RAS',	NULL,	'all_product_pics/patanjali/V V CHINTAMANI RAS.jpg',	NULL,	'2018-11-06 05:07:35',	'2018-11-06 05:07:35'),
(437,	'PEEDANTAK VATI',	NULL,	'all_product_pics/patanjali/PEEDANTAK VATI.png',	NULL,	'2018-11-06 05:07:35',	'2018-11-06 05:07:35'),
(438,	'HRIDYAMRIT VATI EXTRA POWER',	NULL,	'all_product_pics/patanjali/HRIDYAMRIT VATI EXTRA POWER.jpg',	NULL,	'2018-11-06 05:07:35',	'2018-11-06 05:07:35'),
(439,	'SHIVLINGI BEEJ',	NULL,	'all_product_pics/patanjali/SHIVLINGI BEEJ.jpg',	NULL,	'2018-11-06 05:07:35',	'2018-11-06 05:07:35'),
(440,	'MUKTA SHUKTI BHASMA',	NULL,	'all_product_pics/patanjali/MUKTA SHUKTI BHASMA.png',	NULL,	'2018-11-06 05:07:35',	'2018-11-06 05:07:35'),
(441,	'YOGRAJ GUGGUL',	NULL,	'all_product_pics/patanjali/YOGRAJ GUGGUL.jpg',	NULL,	'2018-11-06 05:07:35',	'2018-11-06 05:07:35'),
(442,	'PATANJALI KESH KANTI ALOE VERA',	NULL,	'all_product_pics/patanjali/PATANJALI KESH KANTI ALOE VERA.jpg',	NULL,	'2018-11-06 05:07:35',	'2018-11-06 05:07:35'),
(443,	'SANJEEVANI VATI',	NULL,	'all_product_pics/patanjali/SANJEEVANI VATI.png',	NULL,	'2018-11-06 05:07:35',	'2018-11-06 05:07:35'),
(444,	'GOKSHURADI GUGGUL',	NULL,	'all_product_pics/patanjali/GOKSHURADI GUGGUL.jpg',	NULL,	'2018-11-06 05:07:35',	'2018-11-06 05:07:35'),
(445,	'KAYAKALP TAILA',	NULL,	'all_product_pics/patanjali/KAYAKALP TAILA.jpg',	NULL,	'2018-11-06 05:07:35',	'2018-11-06 05:07:35'),
(446,	'KUTKI CHURNA 50',	NULL,	'all_product_pics/patanjali/KUTKI CHURNA 50gm.jpg',	NULL,	'2018-11-06 05:07:35',	'2018-11-06 05:07:35'),
(447,	'AASTHA KALAWA',	NULL,	'all_product_pics/patanjali/AASTHA KALAWA.png',	NULL,	'2018-11-06 05:07:35',	'2018-11-06 05:07:35'),
(448,	'KASIS BHASMA',	NULL,	'all_product_pics/patanjali/KASIS BHASMA.png',	NULL,	'2018-11-06 05:07:35',	'2018-11-06 05:07:35'),
(449,	'DIABETES MELLITUS (MADHUMEHA)',	NULL,	'all_product_pics/patanjali/DIABETES MELLITUS (MADHUMEHA).jpg',	NULL,	'2018-11-06 05:07:35',	'2018-11-06 05:07:35'),
(450,	'GULKAND',	NULL,	'all_product_pics/patanjali/GULKAND.jpg',	NULL,	'2018-11-06 05:07:35',	'2018-11-06 05:07:35'),
(451,	'AmlA-ALOEVERA WITH WHEATGRASS JUICE',	NULL,	'all_product_pics/patanjali/AmlA-ALOEVERA WITH WHEATGRASS JUICE.jpg',	NULL,	'2018-11-06 05:07:35',	'2018-11-06 05:07:35'),
(452,	'DIVYA UDRAMRIT VATI',	NULL,	'all_product_pics/patanjali/DIVYA UDRAMRIT VATI.png',	NULL,	'2018-11-06 05:07:35',	'2018-11-06 05:07:35'),
(453,	'KAYAKALP KWATH',	NULL,	'all_product_pics/patanjali/KAYAKALP KWATH.jpg',	NULL,	'2018-11-06 05:07:35',	'2018-11-06 05:07:35'),
(454,	'SHUDDH SHILAJEET (SAT)',	NULL,	'all_product_pics/patanjali/SHUDDH SHILAJEET (SAT).png',	NULL,	'2018-11-06 05:07:35',	'2018-11-06 05:07:35'),
(455,	'SAPTAMRIT LAUH',	NULL,	'all_product_pics/patanjali/SAPTAMRIT LAUH.jpg',	NULL,	'2018-11-06 05:07:35',	'2018-11-06 05:07:35'),
(456,	'PATANJALI TOMATO KETCHUP WITH ONION',	NULL,	'all_product_pics/patanjali/PATANJALI TOMATO KETCHUP WITH ONION.jpg',	NULL,	'2018-11-06 05:07:35',	'2018-11-06 05:07:35'),
(457,	'PATANJALI TONGUE CLEANER',	NULL,	'all_product_pics/patanjali/PATANJALI TONGUE CLEANER.jpg',	NULL,	'2018-11-06 05:07:35',	'2018-11-06 05:07:35'),
(458,	'DIVYA AmlA RASAYAN',	NULL,	'all_product_pics/patanjali/DIVYA AmlA RASAYAN.png',	NULL,	'2018-11-06 05:07:35',	'2018-11-06 05:07:35'),
(459,	'PATANJALI HALDI CHANDAN KANTI BODY',	NULL,	'all_product_pics/patanjali/PATANJALI HALDI CHANDAN KANTI BODY.jpg',	NULL,	'2018-11-06 05:07:35',	'2018-11-06 05:07:35'),
(460,	'VRIDDHIVADHIKA VATI',	NULL,	'all_product_pics/patanjali/VRIDDHIVADHIKA VATI.png',	NULL,	'2018-11-06 05:07:35',	'2018-11-06 05:07:35'),
(461,	'PATANJALI KESH KANTI AmlA HAIR',	NULL,	'all_product_pics/patanjali/PATANJALI KESH KANTI AmlA HAIR.png',	NULL,	'2018-11-06 05:07:35',	'2018-11-06 05:07:35'),
(462,	'ATTA NOODLES CLASSIC 60',	NULL,	'all_product_pics/patanjali/ATTA NOODLES CLASSIC 60gm.png',	NULL,	'2018-11-06 05:07:35',	'2018-11-06 05:07:35'),
(463,	'DIVYA BADAM ROGAN',	NULL,	'all_product_pics/patanjali/DIVYA BADAM ROGAN.jpg',	NULL,	'2018-11-06 05:07:35',	'2018-11-06 05:07:35'),
(464,	'SPHATIKA BHASMA',	NULL,	'all_product_pics/patanjali/SPHATIKA BHASMA.jpg',	NULL,	'2018-11-06 05:07:35',	'2018-11-06 05:07:35'),
(465,	'VANG BHASMA',	NULL,	'all_product_pics/patanjali/VANG BHASMA.png',	NULL,	'2018-11-06 05:07:35',	'2018-11-06 05:07:35'),
(466,	'PATANJALI NEEM KANTI BODY CLEANSER',	NULL,	'all_product_pics/patanjali/PATANJALI NEEM KANTI BODY CLEANSER.jpg',	NULL,	'2018-11-06 05:07:35',	'2018-11-06 05:07:35'),
(467,	'GILOY SAT',	NULL,	'all_product_pics/patanjali/GILOY SAT.png',	NULL,	'2018-11-06 05:07:35',	'2018-11-06 05:07:35'),
(468,	'ROZANA BASMATI RICE',	NULL,	'all_product_pics/patanjali/ROZANA BASMATI RICE.png',	NULL,	'2018-11-06 05:07:35',	'2018-11-06 05:07:35'),
(469,	'NIRGUNDI KWATH 100',	NULL,	'all_product_pics/patanjali/NIRGUNDI KWATH 100gm.png',	NULL,	'2018-11-06 05:07:35',	'2018-11-06 05:07:35'),
(470,	'CHOCO FLAKES',	NULL,	'all_product_pics/patanjali/CHOCO FLAKES.jpg',	NULL,	'2018-11-06 05:07:35',	'2018-11-06 05:07:35'),
(471,	'AASTHA JAVADHU POWDER ( WITH',	NULL,	'all_product_pics/patanjali/AASTHA JAVADHU POWDER ( WITH.png',	NULL,	'2018-11-06 05:07:35',	'2018-11-06 05:07:35'),
(472,	'AAROGYA BISCUITS',	NULL,	'all_product_pics/patanjali/AAROGYA BISCUITS.png',	NULL,	'2018-11-06 05:07:35',	'2018-11-06 05:07:35'),
(473,	'PATANJALI HALDI CHANDAN KANTI BODY',	NULL,	'all_product_pics/patanjali/PATANJALI HALDI CHANDAN KANTI BODY.jpg',	NULL,	'2018-11-06 05:07:35',	'2018-11-06 05:07:35'),
(474,	'BROWN BASMATI RICE (JAR)',	NULL,	'all_product_pics/patanjali/BROWN BASMATI RICE (JAR).jpg',	NULL,	'2018-11-06 05:07:35',	'2018-11-06 05:07:35'),
(475,	'LAVAN BHASKAR CHURNA',	NULL,	'all_product_pics/patanjali/LAVAN BHASKAR CHURNA.jpg',	NULL,	'2018-11-06 05:07:35',	'2018-11-06 05:07:35'),
(476,	'ALOEVERA JUICE WITH FIBRE AND',	NULL,	'all_product_pics/patanjali/ALOEVERA JUICE WITH FIBRE AND.png',	NULL,	'2018-11-06 05:07:35',	'2018-11-06 05:07:35'),
(477,	'DIVYA DHARA',	NULL,	'all_product_pics/patanjali/DIVYA DHARA.jpg',	NULL,	'2018-11-06 05:07:35',	'2018-11-06 05:07:35'),
(478,	'SANGEYASAV PISHTI',	NULL,	'all_product_pics/patanjali/SANGEYASAV PISHTI.png',	NULL,	'2018-11-06 05:07:35',	'2018-11-06 05:07:35'),
(479,	'ALMOND OIL',	NULL,	'all_product_pics/patanjali/ALMOND OIL.jpg',	NULL,	'2018-11-06 05:07:35',	'2018-11-06 05:07:35'),
(480,	'ACTIVE CARE TOOTH BRUSH',	NULL,	'all_product_pics/patanjali/ACTIVE CARE TOOTH BRUSH.png',	NULL,	'2018-11-06 05:07:35',	'2018-11-06 05:07:35'),
(481,	'PATANJALI HERBAL POWER VITA',	NULL,	'all_product_pics/patanjali/PATANJALI HERBAL POWER VITA.jpg',	NULL,	'2018-11-06 05:07:35',	'2018-11-06 05:07:35'),
(482,	'JOINT PAIN GOUT KNEE PAIN',	NULL,	'all_product_pics/patanjali/JOINT PAIN GOUT KNEE PAIN.png',	NULL,	'2018-11-06 05:07:35',	'2018-11-06 05:07:35'),
(483,	'OLIGOSPERMIA AND OTHER GENITAL DISEASES',	NULL,	'all_product_pics/patanjali/OLIGOSPERMIA AND OTHER GENITAL DISEASES.png',	NULL,	'2018-11-06 05:07:35',	'2018-11-06 05:07:35'),
(484,	'DETERGENT CAKE SUPERIOR',	NULL,	'all_product_pics/patanjali/DETERGENT CAKE SUPERIOR.jpg',	NULL,	'2018-11-06 05:07:35',	'2018-11-06 05:07:35'),
(485,	'SARIVADI VATI',	NULL,	'all_product_pics/patanjali/SARIVADI VATI.png',	NULL,	'2018-11-06 05:07:35',	'2018-11-06 05:07:35'),
(486,	'DIVYA CHURNA',	NULL,	'all_product_pics/patanjali/DIVYA CHURNA.jpg',	NULL,	'2018-11-06 05:07:35',	'2018-11-06 05:07:35'),
(487,	'RAJ PRAVARTINI VATI',	NULL,	'all_product_pics/patanjali/RAJ PRAVARTINI VATI.png',	NULL,	'2018-11-06 05:07:35',	'2018-11-06 05:07:35'),
(488,	'AASTHA KESARI CHANDAN',	NULL,	'all_product_pics/patanjali/AASTHA KESARI CHANDAN.png',	NULL,	'2018-11-06 05:07:35',	'2018-11-06 05:07:35'),
(489,	'DIVYA VATARI CHURNA',	NULL,	'all_product_pics/patanjali/DIVYA VATARI CHURNA.jpg',	NULL,	'2018-11-06 05:07:35',	'2018-11-06 05:07:35'),
(490,	'TRIPHALA CHURNA',	NULL,	'all_product_pics/patanjali/TRIPHALA CHURNA.jpg',	NULL,	'2018-11-06 05:07:35',	'2018-11-06 05:07:35'),
(491,	'OJAS AQUAFRESH',	NULL,	'all_product_pics/patanjali/OJAS AQUAFRESH.png',	NULL,	'2018-11-06 05:07:35',	'2018-11-06 05:07:35'),
(492,	'NUTTY DELITE',	NULL,	'all_product_pics/patanjali/NUTTY DELITE.png',	NULL,	'2018-11-06 05:07:35',	'2018-11-06 05:07:35'),
(493,	'DANT KANTI',	NULL,	'all_product_pics/patanjali/DANT KANTI.jpg',	NULL,	'2018-11-06 05:07:35',	'2018-11-06 05:07:35'),
(494,	'SOYAVITA ITALIAN SOYA KATORI 100',	NULL,	'all_product_pics/patanjali/SOYAVITA ITALIAN SOYA KATORI 100.png',	NULL,	'2018-11-06 05:07:35',	'2018-11-06 05:07:35'),
(495,	'KUTAJGHAN VATI',	NULL,	'all_product_pics/patanjali/KUTAJGHAN VATI.png',	NULL,	'2018-11-06 05:07:35',	'2018-11-06 05:07:35'),
(496,	'UNPOLISHED RAJMA (CHITRA)',	NULL,	'all_product_pics/patanjali/UNPOLISHED RAJMA (CHITRA).png',	NULL,	'2018-11-06 05:07:35',	'2018-11-06 05:07:35'),
(497,	'POHA 500 ',	NULL,	'all_product_pics/patanjali/POHA 500 gm.png',	NULL,	'2018-11-06 05:07:35',	'2018-11-06 05:07:35'),
(498,	'LAUKI AmlA JUICE (L)',	NULL,	'all_product_pics/patanjali/LAUKI AmlA JUICE (L).png',	NULL,	'2018-11-06 05:07:35',	'2018-11-06 05:07:35'),
(499,	'PATANJALI SUPER DISH WASH GEL',	NULL,	'all_product_pics/patanjali/PATANJALI SUPER DISH WASH GEL.jpg',	NULL,	'2018-11-06 05:07:35',	'2018-11-06 05:07:35'),
(500,	'RAS MANIKYA',	NULL,	'all_product_pics/patanjali/RAS MANIKYA.jpg',	NULL,	'2018-11-06 05:07:35',	'2018-11-06 05:07:35'),
(501,	'DASMOOL KWATH',	NULL,	'all_product_pics/patanjali/DASMOOL KWATH.png',	NULL,	'2018-11-06 05:07:35',	'2018-11-06 05:07:35'),
(502,	'PACHAK HING PEDA',	NULL,	'all_product_pics/patanjali/PACHAK HING PEDA.png',	NULL,	'2018-11-06 05:07:35',	'2018-11-06 05:07:35'),
(503,	'BALA TAILA 100',	NULL,	'all_product_pics/patanjali/BALA TAILA 100ml.png',	NULL,	'2018-11-06 05:07:35',	'2018-11-06 05:07:35'),
(504,	'AASTHA AGARBATTI (TATHASTU)',	NULL,	'all_product_pics/patanjali/AASTHA AGARBATTI (TATHASTU).jpg',	NULL,	'2018-11-06 05:07:35',	'2018-11-06 05:07:35'),
(505,	'CHAAT MASALA',	NULL,	'all_product_pics/patanjali/CHAAT MASALA.jpg',	NULL,	'2018-11-06 05:07:35',	'2018-11-06 05:07:35'),
(506,	'CONDITIONER WITH PROTEIN',	NULL,	'all_product_pics/patanjali/CONDITIONER WITH PROTEIN.png',	NULL,	'2018-11-06 05:07:35',	'2018-11-06 05:07:35'),
(507,	'ATTA NOODLES DESI MASALA',	NULL,	'all_product_pics/patanjali/ATTA NOODLES DESI MASALA.png',	NULL,	'2018-11-06 05:07:35',	'2018-11-06 05:07:35'),
(508,	'PUTRAJEEVAK BEEJ',	NULL,	'all_product_pics/patanjali/PUTRAJEEVAK BEEJ.jpg',	NULL,	'2018-11-06 05:07:35',	'2018-11-06 05:07:35'),
(509,	'NARIYAL BISCUITS',	NULL,	'all_product_pics/patanjali/NARIYAL BISCUITS.png',	NULL,	'2018-11-06 05:07:35',	'2018-11-06 05:07:35'),
(510,	'AASTHA DHOOP BHAKTI',	NULL,	'all_product_pics/patanjali/AASTHA DHOOP BHAKTI.png',	NULL,	'2018-11-06 05:07:35',	'2018-11-06 05:07:35'),
(511,	'LAUH BHASM',	NULL,	'all_product_pics/patanjali/LAUH BHASM.png',	NULL,	'2018-11-06 05:07:35',	'2018-11-06 05:07:35'),
(512,	'LAXMIVILAS RAS',	NULL,	'all_product_pics/patanjali/LAXMIVILAS RAS.png',	NULL,	'2018-11-06 05:07:35',	'2018-11-06 05:07:35'),
(513,	'TRIPHALADI TAILA 100',	NULL,	'all_product_pics/patanjali/TRIPHALADI TAILA 100ml.png',	NULL,	'2018-11-06 05:07:35',	'2018-11-06 05:07:35'),
(514,	'PUSHTAHAR DALIA',	NULL,	'all_product_pics/patanjali/PUSHTAHAR DALIA.jpg',	NULL,	'2018-11-06 05:07:35',	'2018-11-06 05:07:35'),
(515,	'ORANGE ALOEVERA FACE WASH',	NULL,	'all_product_pics/patanjali/ORANGE ALOEVERA FACE WASH.jpg',	NULL,	'2018-11-06 05:07:35',	'2018-11-06 05:07:35'),
(516,	'KSIRABALA TAILA',	NULL,	'all_product_pics/patanjali/KSIRABALA TAILA.png',	NULL,	'2018-11-06 05:07:35',	'2018-11-06 05:07:35'),
(517,	'DIVYA SWASARI PRAVAHI',	NULL,	'all_product_pics/patanjali/DIVYA SWASARI PRAVAHI.png',	NULL,	'2018-11-06 05:07:35',	'2018-11-06 05:07:35'),
(518,	'PACHAK HING GOLI',	NULL,	'all_product_pics/patanjali/PACHAK HING GOLI.jpg',	NULL,	'2018-11-06 05:07:35',	'2018-11-06 05:07:35'),
(519,	'DIVYA SWITRGHAN LEP',	NULL,	'all_product_pics/patanjali/DIVYA SWITRGHAN LEP.png',	NULL,	'2018-11-06 05:07:35',	'2018-11-06 05:07:35'),
(520,	'YOUVAN CHURNA',	NULL,	'all_product_pics/patanjali/YOUVAN CHURNA.jpg',	NULL,	'2018-11-06 05:07:35',	'2018-11-06 05:07:35'),
(521,	'PATANJALI MINT TULSI',	NULL,	'all_product_pics/patanjali/PATANJALI MINT TULSI.png',	NULL,	'2018-11-06 05:07:35',	'2018-11-06 05:07:35'),
(522,	'PATANJALI CREAMFEAST ORANGE BISCUIT',	NULL,	'all_product_pics/patanjali/PATANJALI CREAMFEAST ORANGE BISCUIT.png',	NULL,	'2018-11-06 05:07:35',	'2018-11-06 05:07:35'),
(523,	'PATANJALI CREAMFEAST MILK VANILLA BISCUIT',	NULL,	'all_product_pics/patanjali/PATANJALI CREAMFEAST MILK VANILLA BISCUIT.png',	NULL,	'2018-11-06 05:07:35',	'2018-11-06 05:07:35'),
(524,	'KESH TAILA',	NULL,	'all_product_pics/patanjali/KESH TAILA.png',	NULL,	'2018-11-06 05:07:35',	'2018-11-06 05:07:35'),
(525,	'TAMRA SINDOOR',	NULL,	'all_product_pics/patanjali/TAMRA SINDOOR.png',	NULL,	'2018-11-06 05:07:35',	'2018-11-06 05:07:35'),
(526,	'CORIANDER POWDER',	NULL,	'all_product_pics/patanjali/CORIANDER POWDER.jpg',	NULL,	'2018-11-06 05:07:35',	'2018-11-06 05:07:35'),
(527,	'PATANJALI CREAMFEAST CHOCOLATE BISCUIT',	NULL,	'all_product_pics/patanjali/PATANJALI CREAMFEAST CHOCOLATE BISCUIT.png',	NULL,	'2018-11-06 05:07:35',	'2018-11-06 05:07:35'),
(528,	'MULTIPLE SCLEROSIS',	NULL,	'all_product_pics/patanjali/MULTIPLE SCLEROSIS.jpg',	NULL,	'2018-11-06 05:07:35',	'2018-11-06 05:07:35'),
(529,	'PEEDANTAK OINTMENT',	NULL,	'all_product_pics/patanjali/PEEDANTAK OINTMENT.jpg',	NULL,	'2018-11-06 05:07:35',	'2018-11-06 05:07:35'),
(530,	'AASTHA DHOOP TATHASTU',	NULL,	'all_product_pics/patanjali/AASTHA DHOOP TATHASTU.png',	NULL,	'2018-11-06 05:07:35',	'2018-11-06 05:07:35'),
(531,	'HALDI CHANDAN KANTI BODY CLEANSER(100gm)',	NULL,	'all_product_pics/patanjali/HALDI CHANDAN KANTI BODY CLEANSER(100gm).png',	NULL,	'2018-11-06 05:07:35',	'2018-11-06 05:07:35'),
(532,	'PATANJALI WHEAT GRASS POWDER',	NULL,	'all_product_pics/patanjali/PATANJALI WHEAT GRASS POWDER.png',	NULL,	'2018-11-06 05:07:35',	'2018-11-06 05:07:35'),
(533,	'DIVYA MAHASUDARSHAN GHAN VATI',	NULL,	'all_product_pics/patanjali/DIVYA MAHASUDARSHAN GHAN VATI.png',	NULL,	'2018-11-06 05:07:35',	'2018-11-06 05:07:35'),
(534,	'MAHAMASH TAILA 100',	NULL,	'all_product_pics/patanjali/MAHAMASH TAILA 100ml.png',	NULL,	'2018-11-06 05:07:35',	'2018-11-06 05:07:35'),
(535,	'YOG FOR SELF REALISATION PATRIOTISM',	NULL,	'all_product_pics/patanjali/YOG FOR SELF REALISATION PATRIOTISM.jpg',	NULL,	'2018-11-06 05:07:35',	'2018-11-06 05:07:35'),
(536,	'HERBAL SUHAG TEEKA',	NULL,	'all_product_pics/patanjali/HERBAL SUHAG TEEKA.png',	NULL,	'2018-11-06 05:07:35',	'2018-11-06 05:07:35'),
(537,	'TEJUS TAILUM',	NULL,	'all_product_pics/patanjali/TEJUS TAILUM.jpg',	NULL,	'2018-11-06 05:07:35',	'2018-11-06 05:07:35'),
(538,	'NEEM GHAN VATI',	NULL,	'all_product_pics/patanjali/NEEM GHAN VATI.jpg',	NULL,	'2018-11-06 05:07:35',	'2018-11-06 05:07:35'),
(539,	'TRIVANG BHASMA',	NULL,	'all_product_pics/patanjali/TRIVANG BHASMA.png',	NULL,	'2018-11-06 05:07:35',	'2018-11-06 05:07:35'),
(540,	'TOMATO OATS',	NULL,	'all_product_pics/patanjali/TOMATO OATS.jpg',	NULL,	'2018-11-06 05:07:35',	'2018-11-06 05:07:35'),
(541,	'AASTHA AGARBATTI (SANDAL)',	NULL,	'all_product_pics/patanjali/AASTHA AGARBATTI (SANDAL).png',	NULL,	'2018-11-06 05:07:35',	'2018-11-06 05:07:35'),
(542,	'PATANJALI CREAMFEAST ELAICHI BISCUIT',	NULL,	'all_product_pics/patanjali/PATANJALI CREAMFEAST ELAICHI BISCUIT.png',	NULL,	'2018-11-06 05:07:35',	'2018-11-06 05:07:35'),
(543,	'KAPARDAK BHASMA',	NULL,	'all_product_pics/patanjali/KAPARDAK BHASMA.png',	NULL,	'2018-11-06 05:07:35',	'2018-11-06 05:07:35'),
(544,	'YOG FOR HEPATITIS JAUNDICE HINDIENGLISH',	NULL,	'all_product_pics/patanjali/YOG FOR HEPATITIS JAUNDICE HINDIENGLISH.jpg',	NULL,	'2018-11-06 05:07:35',	'2018-11-06 05:07:35'),
(545,	'PACHAK JALJEERA',	NULL,	'all_product_pics/patanjali/PACHAK JALJEERA.png',	NULL,	'2018-11-06 05:07:35',	'2018-11-06 05:07:35'),
(546,	'YOG VIGYAN HRIDAY KE LIYE',	NULL,	'all_product_pics/patanjali/YOG VIGYAN HRIDAY KE LIYE.jpg',	NULL,	'2018-11-06 05:07:35',	'2018-11-06 05:07:35'),
(547,	'SUN SCREEN CREAM',	NULL,	'all_product_pics/patanjali/SUN SCREEN CREAM.jpg',	NULL,	'2018-11-06 05:07:35',	'2018-11-06 05:07:35'),
(548,	'ROSE KANTI',	NULL,	'all_product_pics/patanjali/ROSE KANTI.jpg',	NULL,	'2018-11-06 05:07:35',	'2018-11-06 05:07:35'),
(549,	'NARIYAL BISCUIT 300',	NULL,	'all_product_pics/patanjali/NARIYAL BISCUIT 300gm.png',	NULL,	'2018-11-06 05:07:35',	'2018-11-06 05:07:35'),
(550,	'GARAM MASALA',	NULL,	'all_product_pics/patanjali/GARAM MASALA.jpg',	NULL,	'2018-11-06 05:07:35',	'2018-11-06 05:07:35'),
(551,	'AASTHA AGARBATTI (KEWDA)',	NULL,	'all_product_pics/patanjali/AASTHA AGARBATTI (KEWDA).jpg',	NULL,	'2018-11-06 05:07:35',	'2018-11-06 05:07:35'),
(552,	'MEDHA KWATH',	NULL,	'all_product_pics/patanjali/MEDHA KWATH.png',	NULL,	'2018-11-06 05:07:35',	'2018-11-06 05:07:35'),
(553,	'AASTHA DHOOP (ROSE)',	NULL,	'all_product_pics/patanjali/AASTHA DHOOP (ROSE).png',	NULL,	'2018-11-06 05:07:35',	'2018-11-06 05:07:35'),
(554,	'ARJUN KWATH',	NULL,	'all_product_pics/patanjali/ARJUN KWATH.jpg',	NULL,	'2018-11-06 05:07:35',	'2018-11-06 05:07:35'),
(555,	'SHANKHPUSHPI CHURNA',	NULL,	'all_product_pics/patanjali/SHANKHPUSHPI CHURNA.jpg',	NULL,	'2018-11-06 05:07:35',	'2018-11-06 05:07:35'),
(556,	'AASTHA HAWAN SAMAGRI',	NULL,	'all_product_pics/patanjali/AASTHA HAWAN SAMAGRI.png',	NULL,	'2018-11-06 05:07:35',	'2018-11-06 05:07:35'),
(557,	'HEERAK BHASMA',	NULL,	'all_product_pics/patanjali/HEERAK BHASMA.jpg',	NULL,	'2018-11-06 05:07:35',	'2018-11-06 05:07:35'),
(558,	'FENUGREEK WHOLE',	NULL,	'all_product_pics/patanjali/FENUGREEK WHOLE.jpg',	NULL,	'2018-11-06 05:07:35',	'2018-11-06 05:07:35'),
(559,	'CHYAWANPRASH',	NULL,	'all_product_pics/patanjali/CHYAWANPRASH.png',	NULL,	'2018-11-06 05:07:35',	'2018-11-06 05:07:35'),
(560,	'MARIE BISCUITS',	NULL,	'all_product_pics/patanjali/MARIE BISCUITS.jpg',	NULL,	'2018-11-06 05:07:35',	'2018-11-06 05:07:35'),
(561,	'PACHAK AJWAIN WITH ALOEVERA',	NULL,	'all_product_pics/patanjali/PACHAK AJWAIN WITH ALOEVERA.jpg',	NULL,	'2018-11-06 05:07:35',	'2018-11-06 05:07:35'),
(562,	'BURA',	NULL,	'all_product_pics/patanjali/BURA.jpg',	NULL,	'2018-11-06 05:07:35',	'2018-11-06 05:07:35'),
(563,	'LOHASAVA (L)',	NULL,	'all_product_pics/patanjali/LOHASAVA (L).png',	NULL,	'2018-11-06 05:07:35',	'2018-11-06 05:07:35'),
(564,	'KANTI PANCHGAVYA',	NULL,	'all_product_pics/patanjali/KANTI PANCHGAVYA.png',	NULL,	'2018-11-06 05:07:35',	'2018-11-06 05:07:35'),
(565,	'PATANJALI POWER VITA',	NULL,	'all_product_pics/patanjali/PATANJALI POWER VITA.jpg',	NULL,	'2018-11-06 05:07:35',	'2018-11-06 05:07:35'),
(566,	'AASTHA COTTON WICKS KUMKUM',	NULL,	'all_product_pics/patanjali/AASTHA COTTON WICKS KUMKUM.png',	NULL,	'2018-11-06 05:07:35',	'2018-11-06 05:07:35'),
(567,	'AASTHA SAMBRANI CUP',	NULL,	'all_product_pics/patanjali/AASTHA SAMBRANI CUP.png',	NULL,	'2018-11-06 05:07:35',	'2018-11-06 05:07:35'),
(568,	'MAHATRIPHALADI GHRIT',	NULL,	'all_product_pics/patanjali/MAHATRIPHALADI GHRIT.png',	NULL,	'2018-11-06 05:07:35',	'2018-11-06 05:07:35'),
(569,	'DANT KANTI FRESH ACTIVE GEL',	NULL,	'all_product_pics/patanjali/DANT KANTI FRESH ACTIVE GEL.jpg',	NULL,	'2018-11-06 05:07:35',	'2018-11-06 05:07:35'),
(570,	'CHATPATA PUDINA OATS',	NULL,	'all_product_pics/patanjali/CHATPATA PUDINA OATS.png',	NULL,	'2018-11-06 05:07:35',	'2018-11-06 05:07:35'),
(571,	'BLACK PEPPER POWDER',	NULL,	'all_product_pics/patanjali/BLACK PEPPER POWDER.jpg',	NULL,	'2018-11-06 05:07:35',	'2018-11-06 05:07:35'),
(572,	'PATANJALI- COMBO (GARAM MASALE)',	NULL,	'all_product_pics/patanjali/PATANJALI- COMBO (GARAM MASALE).jpg',	NULL,	'2018-11-06 05:07:35',	'2018-11-06 05:07:35'),
(573,	'KARELA AmlA JUICE (L)',	NULL,	'all_product_pics/patanjali/KARELA AmlA JUICE (L).jpg',	NULL,	'2018-11-06 05:07:35',	'2018-11-06 05:07:35'),
(574,	'BILWADI CHURNA',	NULL,	'all_product_pics/patanjali/BILWADI CHURNA.png',	NULL,	'2018-11-06 05:07:35',	'2018-11-06 05:07:35'),
(575,	'UNPOLISHED CHHOLE (KABULI CHANA)',	NULL,	'all_product_pics/patanjali/UNPOLISHED CHHOLE (KABULI CHANA).png',	NULL,	'2018-11-06 05:07:35',	'2018-11-06 05:07:35'),
(576,	'CORN FLAKES MIX',	NULL,	'all_product_pics/patanjali/CORN FLAKES MIX.jpg',	NULL,	'2018-11-06 05:07:35',	'2018-11-06 05:07:35'),
(577,	'MAHAYOGRAJ GUGGUL',	NULL,	'all_product_pics/patanjali/MAHAYOGRAJ GUGGUL.jpg',	NULL,	'2018-11-06 05:07:35',	'2018-11-06 05:07:35'),
(578,	'HERBAL KAJAL',	NULL,	'all_product_pics/patanjali/HERBAL KAJAL.jpg',	NULL,	'2018-11-06 05:07:35',	'2018-11-06 05:07:35'),
(579,	'DHANASHREE BASMATI RICE',	NULL,	'all_product_pics/patanjali/DHANASHREE BASMATI RICE.png',	NULL,	'2018-11-06 05:07:35',	'2018-11-06 05:07:35'),
(580,	'AASTHA JAVADHU POWDER',	NULL,	'all_product_pics/patanjali/AASTHA JAVADHU POWDER.png',	NULL,	'2018-11-06 05:07:35',	'2018-11-06 05:07:35'),
(581,	'PATANJALI AASTHA AIR FRESHNER -',	NULL,	'all_product_pics/patanjali/PATANJALI AASTHA AIR FRESHNER -.png',	NULL,	'2018-11-06 05:07:35',	'2018-11-06 05:07:35'),
(582,	'NAAGKESAR CHURNA 100',	NULL,	'all_product_pics/patanjali/NAAGKESAR CHURNA 100gm.jpg',	NULL,	'2018-11-06 05:07:35',	'2018-11-06 05:07:35'),
(583,	'CIRRHOSIS OF LIVER',	NULL,	'all_product_pics/patanjali/CIRRHOSIS OF LIVER.jpg',	NULL,	'2018-11-06 05:07:35',	'2018-11-06 05:07:35'),
(584,	'MUKTASHUKTI BHASMA',	NULL,	'all_product_pics/patanjali/MUKTASHUKTI BHASMA.png',	NULL,	'2018-11-06 05:07:35',	'2018-11-06 05:07:35'),
(585,	'KANTI ALMOND KESAR',	NULL,	'all_product_pics/patanjali/KANTI ALMOND KESAR.jpg',	NULL,	'2018-11-06 05:07:35',	'2018-11-06 05:07:35'),
(586,	'PRADARSUDHA SYRUP (FOR MENORRHAGIA)',	NULL,	'all_product_pics/patanjali/PRADARSUDHA SYRUP (FOR MENORRHAGIA).jpg',	NULL,	'2018-11-06 05:07:35',	'2018-11-06 05:07:35'),
(587,	'LIV-AMRIT SYRUP',	NULL,	'all_product_pics/patanjali/LIV-AMRIT SYRUP.png',	NULL,	'2018-11-06 05:07:35',	'2018-11-06 05:07:35'),
(588,	'DALCHINI CHURNA',	NULL,	'all_product_pics/patanjali/DALCHINI CHURNA.png',	NULL,	'2018-11-06 05:07:35',	'2018-11-06 05:07:35'),
(589,	'AASTHA DHOOP (SANDAL)',	NULL,	'all_product_pics/patanjali/AASTHA DHOOP (SANDAL).png',	NULL,	'2018-11-06 05:07:35',	'2018-11-06 05:07:35'),
(590,	'AASTHA AIR FRESHNER - PRARTHANA',	NULL,	'all_product_pics/patanjali/AASTHA AIR FRESHNER - PRARTHANA.png',	NULL,	'2018-11-06 05:07:35',	'2018-11-06 05:07:35'),
(591,	'AJMODADI CHURNA',	NULL,	'all_product_pics/patanjali/AJMODADI CHURNA.jpg',	NULL,	'2018-11-06 05:07:35',	'2018-11-06 05:07:35'),
(592,	'SAUNDARYA ANTI AGING CREAM',	NULL,	'all_product_pics/patanjali/SAUNDARYA ANTI AGING CREAM.jpg',	NULL,	'2018-11-06 05:07:35',	'2018-11-06 05:07:35'),
(593,	'DIVYA VRIKKDOSHHAR VATI',	NULL,	'all_product_pics/patanjali/DIVYA VRIKKDOSHHAR VATI.png',	NULL,	'2018-11-06 05:07:35',	'2018-11-06 05:07:35'),
(594,	'PACHAK ANARDANA CHURNA',	NULL,	'all_product_pics/patanjali/PACHAK ANARDANA CHURNA.jpg',	NULL,	'2018-11-06 05:07:35',	'2018-11-06 05:07:35'),
(595,	'GILOY KWATH',	NULL,	'all_product_pics/patanjali/GILOY KWATH.png',	NULL,	'2018-11-06 05:07:35',	'2018-11-06 05:07:35'),
(596,	'KHADIRADI VATI',	NULL,	'all_product_pics/patanjali/KHADIRADI VATI.png',	NULL,	'2018-11-06 05:07:35',	'2018-11-06 05:07:35'),
(597,	'HERBAL SHAVING CREAM',	NULL,	'all_product_pics/patanjali/HERBAL SHAVING CREAM.png',	NULL,	'2018-11-06 05:07:35',	'2018-11-06 05:07:35'),
(598,	'APRICOT FACE SCRUB',	NULL,	'all_product_pics/patanjali/APRICOT FACE SCRUB.jpg',	NULL,	'2018-11-06 05:07:35',	'2018-11-06 05:07:35'),
(599,	'PATANJALI AASTHA AIR FRESHNER -',	NULL,	'all_product_pics/patanjali/PATANJALI AASTHA AIR FRESHNER -.png',	NULL,	'2018-11-06 05:07:35',	'2018-11-06 05:07:35'),
(600,	'SAINDHAVADI TAILA 100',	NULL,	'all_product_pics/patanjali/SAINDHAVADI TAILA 100ml.png',	NULL,	'2018-11-06 05:07:35',	'2018-11-06 05:07:35'),
(601,	'PACHAK CHHUHARA',	NULL,	'all_product_pics/patanjali/PACHAK CHHUHARA.jpg',	NULL,	'2018-11-06 05:07:35',	'2018-11-06 05:07:35'),
(602,	'PATANJALI AASTHA AIR FRESHNER -',	NULL,	'all_product_pics/patanjali/PATANJALI AASTHA AIR FRESHNER -.png',	NULL,	'2018-11-06 05:07:35',	'2018-11-06 05:07:35'),
(603,	'SHILAJEET RASAYAN',	NULL,	'all_product_pics/patanjali/SHILAJEET RASAYAN.jpg',	NULL,	'2018-11-06 05:07:35',	'2018-11-06 05:07:35'),
(604,	'SAUNDARYA SWARN KANTI FAIRNESS CREAM',	NULL,	'all_product_pics/patanjali/SAUNDARYA SWARN KANTI FAIRNESS CREAM.jpg',	NULL,	'2018-11-06 05:07:35',	'2018-11-06 05:07:35'),
(605,	'WHEAT DALIA',	NULL,	'all_product_pics/patanjali/WHEAT DALIA.jpg',	NULL,	'2018-11-06 05:07:35',	'2018-11-06 05:07:35'),
(606,	'DANT KANTI MEDICATED',	NULL,	'all_product_pics/patanjali/DANT KANTI MEDICATED.jpg',	NULL,	'2018-11-06 05:07:35',	'2018-11-06 05:07:35'),
(607,	'ATTA NOODLES CHATPATAA -FAMILY PACK',	NULL,	'all_product_pics/patanjali/ATTA NOODLES CHATPATAA -FAMILY PACK.jpg',	NULL,	'2018-11-06 05:07:35',	'2018-11-06 05:07:35'),
(608,	'OATS DALIA',	NULL,	'all_product_pics/patanjali/OATS DALIA.jpg',	NULL,	'2018-11-06 05:07:35',	'2018-11-06 05:07:35'),
(609,	'BAKUCHI CHURNA',	NULL,	'all_product_pics/patanjali/BAKUCHI CHURNA.png',	NULL,	'2018-11-06 05:07:35',	'2018-11-06 05:07:35'),
(610,	'LEUCODERMA (SHWET KUSTHA)',	NULL,	'all_product_pics/patanjali/LEUCODERMA (SHWET KUSTHA).png',	NULL,	'2018-11-06 05:07:35',	'2018-11-06 05:07:35'),
(611,	'YOG VIGYAN MIGRAIN AND EPILEPSY',	NULL,	'all_product_pics/patanjali/YOG VIGYAN MIGRAIN AND EPILEPSY.jpg',	NULL,	'2018-11-06 05:07:35',	'2018-11-06 05:07:35'),
(612,	'BEL CANDY',	NULL,	'all_product_pics/patanjali/BEL CANDY.png',	NULL,	'2018-11-06 05:07:35',	'2018-11-06 05:07:35'),
(613,	'MUESLI FRUIT & NUT',	NULL,	'all_product_pics/patanjali/MUESLI FRUIT & NUT.png',	NULL,	'2018-11-06 05:07:35',	'2018-11-06 05:07:35'),
(614,	'PATANJALI UNPOLISHED URAD DHULI',	NULL,	'all_product_pics/patanjali/PATANJALI UNPOLISHED URAD DHULI.png',	NULL,	'2018-11-06 05:07:35',	'2018-11-06 05:07:35'),
(615,	'YOG VIGYAN YUVTIYON WOMEN KE',	NULL,	'all_product_pics/patanjali/YOG VIGYAN YUVTIYON WOMEN KE.jpg',	NULL,	'2018-11-06 05:07:35',	'2018-11-06 05:07:35'),
(616,	'YOG FOR VARIOUS AILMENTS HINDIENGLISH',	NULL,	'all_product_pics/patanjali/YOG FOR VARIOUS AILMENTS HINDIENGLISH.jpg',	NULL,	'2018-11-06 05:07:35',	'2018-11-06 05:07:35'),
(617,	'SPECIAL BASMATI RICE',	NULL,	'all_product_pics/patanjali/SPECIAL BASMATI RICE.jpg',	NULL,	'2018-11-06 05:07:35',	'2018-11-06 05:07:35'),
(618,	'SHISHU CARE BABY DIAPER (SMALL-11)',	NULL,	'all_product_pics/patanjali/SHISHU CARE BABY DIAPER (SMALL-11).png',	NULL,	'2018-11-06 05:07:35',	'2018-11-06 05:07:35'),
(619,	'MAHANARAYAN TAILA 100',	NULL,	'all_product_pics/patanjali/MAHANARAYAN TAILA 100ml.png',	NULL,	'2018-11-06 05:07:35',	'2018-11-06 05:07:35'),
(620,	'PIPPALI CHURNA 100',	NULL,	'all_product_pics/patanjali/PIPPALI CHURNA 100gm.jpg',	NULL,	'2018-11-06 05:07:35',	'2018-11-06 05:07:35'),
(621,	'CUMIN WHOLE',	NULL,	'all_product_pics/patanjali/CUMIN WHOLE.jpg',	NULL,	'2018-11-06 05:07:35',	'2018-11-06 05:07:35'),
(622,	'ATTA NOODLES CLASSIC -FAMILY PACK',	NULL,	'all_product_pics/patanjali/ATTA NOODLES CLASSIC -FAMILY PACK.jpg',	NULL,	'2018-11-06 05:07:35',	'2018-11-06 05:07:35'),
(623,	'ROASTED DIET-QUINOA-MASALA FLAV 80 ',	NULL,	'all_product_pics/patanjali/ROASTED DIET-QUINOA-MASALA FLAV 80 gm.png',	NULL,	'2018-11-06 05:07:35',	'2018-11-06 05:07:35'),
(624,	'SHISHU CARE BABY DIAPER (MEDIUM-9)',	NULL,	'all_product_pics/patanjali/SHISHU CARE BABY DIAPER (MEDIUM-9).png',	NULL,	'2018-11-06 05:07:35',	'2018-11-06 05:07:35'),
(625,	'PATANJALI ROSE BODY CLEANSER',	NULL,	'all_product_pics/patanjali/PATANJALI ROSE BODY CLEANSER.jpg',	NULL,	'2018-11-06 05:07:35',	'2018-11-06 05:07:35'),
(626,	'JEERA BITES 65',	NULL,	'all_product_pics/patanjali/JEERA BITES 65gm.jpg',	NULL,	'2018-11-06 05:07:35',	'2018-11-06 05:07:35'),
(627,	'SAUNDARYA MULTANI MITTI FACE SCRUB',	NULL,	'all_product_pics/patanjali/SAUNDARYA MULTANI MITTI FACE SCRUB.jpg',	NULL,	'2018-11-06 05:07:35',	'2018-11-06 05:07:35'),
(628,	'TOTALA KWATH',	NULL,	'all_product_pics/patanjali/TOTALA KWATH.png',	NULL,	'2018-11-06 05:07:35',	'2018-11-06 05:07:35'),
(629,	'SHEETAL OIL',	NULL,	'all_product_pics/patanjali/SHEETAL OIL.jpg',	NULL,	'2018-11-06 05:07:35',	'2018-11-06 05:07:35'),
(630,	'SOYAVITA SOYA KATORI 100 ',	NULL,	'all_product_pics/patanjali/SOYAVITA SOYA KATORI 100 gm.png',	NULL,	'2018-11-06 05:07:35',	'2018-11-06 05:07:35'),
(631,	'ROASTED DIET-RICE CRISPY MIXTURE 125',	NULL,	'all_product_pics/patanjali/ROASTED DIET-RICE CRISPY MIXTURE 125.png',	NULL,	'2018-11-06 05:07:35',	'2018-11-06 05:07:35'),
(632,	'PATANJALI SOYAVITA- COMBO (ITALIAN SOYA',	NULL,	'all_product_pics/patanjali/PATANJALI SOYAVITA- COMBO (ITALIAN SOYA.png',	NULL,	'2018-11-06 05:07:35',	'2018-11-06 05:07:35'),
(633,	'KAISHORE GUGGUL',	NULL,	'all_product_pics/patanjali/KAISHORE GUGGUL.png',	NULL,	'2018-11-06 05:07:35',	'2018-11-06 05:07:35'),
(634,	'PATANJALI HALDI CHANDAN KANTI BODY',	NULL,	'all_product_pics/patanjali/PATANJALI HALDI CHANDAN KANTI BODY.jpg',	NULL,	'2018-11-06 05:07:35',	'2018-11-06 05:07:35'),
(635,	'SHISHU CARE BABY DIAPER (MEDIUM-4)',	NULL,	'all_product_pics/patanjali/SHISHU CARE BABY DIAPER (MEDIUM-4).png',	NULL,	'2018-11-06 05:07:35',	'2018-11-06 05:07:35'),
(636,	'PRISTINE GLASS CLEANER',	NULL,	'all_product_pics/patanjali/PRISTINE GLASS CLEANER.jpg',	NULL,	'2018-11-06 05:07:35',	'2018-11-06 05:07:35'),
(637,	'YOG VIGYAN NETRA KE LIYE',	NULL,	'all_product_pics/patanjali/YOG VIGYAN NETRA KE LIYE.jpg',	NULL,	'2018-11-06 05:07:35',	'2018-11-06 05:07:35'),
(638,	'KESH KANTI AmlA HAIR OIL',	NULL,	'all_product_pics/patanjali/KESH KANTI AmlA HAIR OIL.jpg',	NULL,	'2018-11-06 05:07:35',	'2018-11-06 05:07:35'),
(639,	'PATANJALI VERMICELLI PLAIN',	NULL,	'all_product_pics/patanjali/PATANJALI VERMICELLI PLAIN.jpg',	NULL,	'2018-11-06 05:07:35',	'2018-11-06 05:07:35'),
(640,	'HARITAKI CHURNA',	NULL,	'all_product_pics/patanjali/HARITAKI CHURNA.jpg',	NULL,	'2018-11-06 05:07:35',	'2018-11-06 05:07:35'),
(641,	'ACIDITY AND HYPER ACIDITY -',	NULL,	'all_product_pics/patanjali/ACIDITY AND HYPER ACIDITY -.jpg',	NULL,	'2018-11-06 05:07:35',	'2018-11-06 05:07:35'),
(642,	'PEEDANTAK KWATH',	NULL,	'all_product_pics/patanjali/PEEDANTAK KWATH.jpg',	NULL,	'2018-11-06 05:07:35',	'2018-11-06 05:07:35'),
(643,	'HAND WASH REFILL PACK',	NULL,	'all_product_pics/patanjali/HAND WASH REFILL PACK.jpg',	NULL,	'2018-11-06 05:07:35',	'2018-11-06 05:07:35'),
(644,	'SHISHU CARE BABY DIAPER (SMALL-46)',	NULL,	'all_product_pics/patanjali/SHISHU CARE BABY DIAPER (SMALL-46).png',	NULL,	'2018-11-06 05:07:35',	'2018-11-06 05:07:35'),
(645,	'PRASARINI TAILA 100',	NULL,	'all_product_pics/patanjali/PRASARINI TAILA 100ml.png',	NULL,	'2018-11-06 05:07:35',	'2018-11-06 05:07:35'),
(646,	'CHHOLE MASALA',	NULL,	'all_product_pics/patanjali/CHHOLE MASALA.jpg',	NULL,	'2018-11-06 05:07:35',	'2018-11-06 05:07:35'),
(647,	'YOG FOR MEDITATION DHYAN YOG',	NULL,	'all_product_pics/patanjali/YOG FOR MEDITATION DHYAN YOG.jpg',	NULL,	'2018-11-06 05:07:35',	'2018-11-06 05:07:35'),
(648,	'CRACK HEAL CREAM',	NULL,	'all_product_pics/patanjali/CRACK HEAL CREAM.jpg',	NULL,	'2018-11-06 05:07:35',	'2018-11-06 05:07:35'),
(649,	'SOMYA LIQUID DETERGENT',	NULL,	'all_product_pics/patanjali/SOMYA LIQUID DETERGENT.jpg',	NULL,	'2018-11-06 05:07:35',	'2018-11-06 05:07:35'),
(650,	'SAUNDARYA FACE WASH',	NULL,	'all_product_pics/patanjali/SAUNDARYA FACE WASH.jpg',	NULL,	'2018-11-06 05:07:35',	'2018-11-06 05:07:35'),
(651,	'PATANJALI SOYAVITA- COMBO ( ITALIAN',	NULL,	'all_product_pics/patanjali/PATANJALI SOYAVITA- COMBO ( ITALIAN.png',	NULL,	'2018-11-06 05:07:35',	'2018-11-06 05:07:35'),
(652,	'PRADARSUDHA SYRUP (FOR POST MENOPAUSAL',	NULL,	'all_product_pics/patanjali/PRADARSUDHA SYRUP (FOR POST MENOPAUSAL.png',	NULL,	'2018-11-06 05:07:35',	'2018-11-06 05:07:35'),
(653,	'HARAD MURABBA',	NULL,	'all_product_pics/patanjali/HARAD MURABBA.jpg',	NULL,	'2018-11-06 05:07:35',	'2018-11-06 05:07:35'),
(654,	'SHAKTI XXL BASMATI RICE',	NULL,	'all_product_pics/patanjali/SHAKTI XXL BASMATI RICE.jpg',	NULL,	'2018-11-06 05:07:35',	'2018-11-06 05:07:35'),
(655,	'SOYAVITA SOYA PIRI PIRI CHIPS',	NULL,	'all_product_pics/patanjali/SOYAVITA SOYA PIRI PIRI CHIPS.png',	NULL,	'2018-11-06 05:07:35',	'2018-11-06 05:07:35'),
(656,	'SAUNDARYA COCO BODY BUTTER CREAM',	NULL,	'all_product_pics/patanjali/SAUNDARYA COCO BODY BUTTER CREAM.jpg',	NULL,	'2018-11-06 05:07:35',	'2018-11-06 05:07:35'),
(657,	'JAHARMOHRA PISHTI',	NULL,	'all_product_pics/patanjali/JAHARMOHRA PISHTI.png',	NULL,	'2018-11-06 05:07:35',	'2018-11-06 05:07:35'),
(658,	'PATANJALI ALOEVERA KANTI BODY CLEANSER-(3X1)',	NULL,	'all_product_pics/patanjali/PATANJALI ALOEVERA KANTI BODY CLEANSER-(3X1).png',	NULL,	'2018-11-06 05:07:35',	'2018-11-06 05:07:35'),
(659,	'MULETHI CHURNA 100',	NULL,	'all_product_pics/patanjali/MULETHI CHURNA 100gm.jpg',	NULL,	'2018-11-06 05:07:35',	'2018-11-06 05:07:35'),
(660,	'DIVYA VRIKKDOSHHAR KWATH',	NULL,	'all_product_pics/patanjali/DIVYA VRIKKDOSHHAR KWATH.png',	NULL,	'2018-11-06 05:07:35',	'2018-11-06 05:07:35'),
(661,	'TURMERIC POWDER',	NULL,	'all_product_pics/patanjali/TURMERIC POWDER.jpg',	NULL,	'2018-11-06 05:07:35',	'2018-11-06 05:07:35'),
(662,	'MIXED FRUIT JAM',	NULL,	'all_product_pics/patanjali/MIXED FRUIT JAM.jpg',	NULL,	'2018-11-06 05:07:35',	'2018-11-06 05:07:35'),
(663,	'SAUNDARYA NEEM-TULSI FACE WASH',	NULL,	'all_product_pics/patanjali/SAUNDARYA NEEM-TULSI FACE WASH.jpg',	NULL,	'2018-11-06 05:07:35',	'2018-11-06 05:07:35'),
(664,	'AROGYAVARDHINI VATI',	NULL,	'all_product_pics/patanjali/AROGYAVARDHINI VATI.png',	NULL,	'2018-11-06 05:07:35',	'2018-11-06 05:07:35'),
(665,	'SOMRAAJI TAILA 100',	NULL,	'all_product_pics/patanjali/SOMRAAJI TAILA 100ml.png',	NULL,	'2018-11-06 05:07:35',	'2018-11-06 05:07:35'),
(666,	'PACHAK HING PEDA 100',	NULL,	'all_product_pics/patanjali/PACHAK HING PEDA 100gm.jpg',	NULL,	'2018-11-06 05:07:35',	'2018-11-06 05:07:35'),
(667,	'TOMATO KETCHUP WITH ONION &',	NULL,	'all_product_pics/patanjali/TOMATO KETCHUP WITH ONION &.jpg',	NULL,	'2018-11-06 05:07:35',	'2018-11-06 05:07:35'),
(668,	'CLEAN & FRESH CREAM',	NULL,	'all_product_pics/patanjali/CLEAN & FRESH CREAM.png',	NULL,	'2018-11-06 05:07:35',	'2018-11-06 05:07:35'),
(669,	'PATANJALI- COMBO (PACK OF CREAMFEAST',	NULL,	'all_product_pics/patanjali/PATANJALI- COMBO (PACK OF CREAMFEAST.png',	NULL,	'2018-11-06 05:07:35',	'2018-11-06 05:07:35'),
(670,	'ASHAMARIHAR KWATH',	NULL,	'all_product_pics/patanjali/ASHAMARIHAR KWATH.png',	NULL,	'2018-11-06 05:07:35',	'2018-11-06 05:07:35'),
(671,	'JIVAN DARSHAN TAMIL',	NULL,	'all_product_pics/patanjali/JIVAN DARSHAN TAMIL.png',	NULL,	'2018-11-06 05:07:35',	'2018-11-06 05:07:35'),
(672,	'ATTA NOODLES CHATPATA',	NULL,	'all_product_pics/patanjali/ATTA NOODLES CHATPATA.jpg',	NULL,	'2018-11-06 05:07:35',	'2018-11-06 05:07:35'),
(673,	'HERBAL HANDWASH (ANTI BACTERIAL)',	NULL,	'all_product_pics/patanjali/HERBAL HANDWASH (ANTI BACTERIAL).png',	NULL,	'2018-11-06 05:07:35',	'2018-11-06 05:07:35'),
(674,	'UNPOLISHED MOONG SABUT',	NULL,	'all_product_pics/patanjali/UNPOLISHED MOONG SABUT.png',	NULL,	'2018-11-06 05:07:35',	'2018-11-06 05:07:35'),
(675,	'PATANJALI CREAMFEAST LEMON BISCUIT',	NULL,	'all_product_pics/patanjali/PATANJALI CREAMFEAST LEMON BISCUIT.png',	NULL,	'2018-11-06 05:07:35',	'2018-11-06 05:07:35'),
(676,	'PATANJALI HERBAL WASH COMBO (',	NULL,	'all_product_pics/patanjali/PATANJALI HERBAL WASH COMBO (.png',	NULL,	'2018-11-06 05:07:35',	'2018-11-06 05:07:35'),
(677,	'DETERGENT POWDER SUPERIOR 250',	NULL,	'all_product_pics/patanjali/DETERGENT POWDER SUPERIOR 250gm.png',	NULL,	'2018-11-06 05:07:35',	'2018-11-06 05:07:35'),
(678,	'PATANJALI ACTIVATED CARBON FACIAL FOAM',	NULL,	'all_product_pics/patanjali/PATANJALI ACTIVATED CARBON FACIAL FOAM.jpg',	NULL,	'2018-11-06 05:07:35',	'2018-11-06 05:07:35'),
(679,	'PATANJALI DANT KANTI RED TOOTHPASTE',	NULL,	'all_product_pics/patanjali/PATANJALI DANT KANTI RED TOOTHPASTE.png',	NULL,	'2018-11-06 05:07:35',	'2018-11-06 05:07:35'),
(680,	'DIVYA HAWAN SAMAGRI',	NULL,	'all_product_pics/patanjali/DIVYA HAWAN SAMAGRI.png',	NULL,	'2018-11-06 05:07:35',	'2018-11-06 05:07:35'),
(681,	'YOG FOR MUSCULAR DYSTROPHY HINDIENGLISH',	NULL,	'all_product_pics/patanjali/YOG FOR MUSCULAR DYSTROPHY HINDIENGLISH.jpg',	NULL,	'2018-11-06 05:07:35',	'2018-11-06 05:07:35'),
(682,	'JUNIOR TOOTH BRUSH',	NULL,	'all_product_pics/patanjali/JUNIOR TOOTH BRUSH.jpg',	NULL,	'2018-11-06 05:07:35',	'2018-11-06 05:07:35'),
(683,	'BEL MURABBA',	NULL,	'all_product_pics/patanjali/BEL MURABBA.jpg',	NULL,	'2018-11-06 05:07:35',	'2018-11-06 05:07:35'),
(684,	'PATANJALI UNPOLISHED MOONG SABUT',	NULL,	'all_product_pics/patanjali/PATANJALI UNPOLISHED MOONG SABUT.png',	NULL,	'2018-11-06 05:07:35',	'2018-11-06 05:07:35'),
(685,	'PATANJALI HERBAL WASH DETERGENT POWDER',	NULL,	'all_product_pics/patanjali/PATANJALI HERBAL WASH DETERGENT POWDER.png',	NULL,	'2018-11-06 05:07:35',	'2018-11-06 05:07:35'),
(686,	'RAS RAJ RAS',	NULL,	'all_product_pics/patanjali/RAS RAJ RAS.jpg',	NULL,	'2018-11-06 05:07:35',	'2018-11-06 05:07:35'),
(687,	'GUAVA JAM',	NULL,	'all_product_pics/patanjali/GUAVA JAM.jpg',	NULL,	'2018-11-06 05:07:35',	'2018-11-06 05:07:35'),
(688,	'PATANJALI UNPOLISHED URAD WHOLE',	NULL,	'all_product_pics/patanjali/PATANJALI UNPOLISHED URAD WHOLE.png',	NULL,	'2018-11-06 05:07:35',	'2018-11-06 05:07:35'),
(689,	'PATANJALI- COMBO (PACK OF BISCUIT)',	NULL,	'all_product_pics/patanjali/PATANJALI- COMBO (PACK OF BISCUIT).png',	NULL,	'2018-11-06 05:07:35',	'2018-11-06 05:07:35'),
(690,	'ASHVAGANDHARIST',	NULL,	'all_product_pics/patanjali/ASHVAGANDHARIST.png',	NULL,	'2018-11-06 05:07:35',	'2018-11-06 05:07:35'),
(691,	'KHADIRARISHTH',	NULL,	'all_product_pics/patanjali/KHADIRARISHTH.jpg',	NULL,	'2018-11-06 05:07:35',	'2018-11-06 05:07:35'),
(692,	'OSTEOPOROSIS (ASTHI-SUSIRATA)',	NULL,	'all_product_pics/patanjali/OSTEOPOROSIS (ASTHI-SUSIRATA).png',	NULL,	'2018-11-06 05:07:35',	'2018-11-06 05:07:35'),
(693,	'LIP BALM STRAWBERRY',	NULL,	'all_product_pics/patanjali/LIP BALM STRAWBERRY.jpg',	NULL,	'2018-11-06 05:07:35',	'2018-11-06 05:07:35'),
(694,	'PATANJALI KESH KANTI OIL',	NULL,	'all_product_pics/patanjali/PATANJALI KESH KANTI OIL.jpeg',	NULL,	'2018-11-06 05:07:35',	'2018-11-06 05:07:35'),
(695,	'ARJUN AmlA JUICE (L)',	NULL,	'all_product_pics/patanjali/ARJUN AmlA JUICE (L).jpg',	NULL,	'2018-11-06 05:07:35',	'2018-11-06 05:07:35'),
(696,	'BODY UBTAN',	NULL,	'all_product_pics/patanjali/BODY UBTAN.jpg',	NULL,	'2018-11-06 05:07:35',	'2018-11-06 05:07:35'),
(697,	'ROASTED DIET-FLAXSEED CHILI LIME 150',	NULL,	'all_product_pics/patanjali/ROASTED DIET-FLAXSEED CHILI LIME 150gm.png',	NULL,	'2018-11-06 05:07:35',	'2018-11-06 05:07:35'),
(698,	'CASHEW COOKIES',	NULL,	'all_product_pics/patanjali/CASHEW COOKIES.jpg',	NULL,	'2018-11-06 05:07:35',	'2018-11-06 05:07:35'),
(699,	'CHOCOLIOUS-CHOCO FILL PILLOW - 125',	NULL,	'all_product_pics/patanjali/CHOCOLIOUS-CHOCO FILL PILLOW - 125.png',	NULL,	'2018-11-06 05:07:35',	'2018-11-06 05:07:35'),
(700,	'PATANJALI SOANPAPDI COMBO ( PURE',	NULL,	'all_product_pics/patanjali/PATANJALI SOANPAPDI COMBO ( PURE.png',	NULL,	'2018-11-06 05:07:35',	'2018-11-06 05:07:35'),
(701,	'DIVYA GASHAR CHURNA',	NULL,	'all_product_pics/patanjali/DIVYA GASHAR CHURNA.jpg',	NULL,	'2018-11-06 05:07:35',	'2018-11-06 05:07:35'),
(702,	'CANCER (KARKATARBUDA)',	NULL,	'all_product_pics/patanjali/CANCER (KARKATARBUDA).jpg',	NULL,	'2018-11-06 05:07:35',	'2018-11-06 05:07:35'),
(703,	'HERNIA (ANTRA-VRDDHI)',	NULL,	'all_product_pics/patanjali/HERNIA (ANTRA-VRDDHI).png',	NULL,	'2018-11-06 05:07:35',	'2018-11-06 05:07:35'),
(704,	'TUMOUR',	NULL,	'all_product_pics/patanjali/TUMOUR.jpg',	NULL,	'2018-11-06 05:07:35',	'2018-11-06 05:07:35'),
(705,	'BALA CHURAN',	NULL,	'all_product_pics/patanjali/BALA CHURAN.png',	NULL,	'2018-11-06 05:07:35',	'2018-11-06 05:07:35'),
(706,	'PATANJALI ROASTED VERMICELLI',	NULL,	'all_product_pics/patanjali/PATANJALI ROASTED VERMICELLI.png',	NULL,	'2018-11-06 05:07:35',	'2018-11-06 05:07:35'),
(707,	'ARJUNARISHTH',	NULL,	'all_product_pics/patanjali/ARJUNARISHTH.jpg',	NULL,	'2018-11-06 05:07:35',	'2018-11-06 05:07:35'),
(708,	'DIVYA PEYA',	NULL,	'all_product_pics/patanjali/DIVYA PEYA.jpg',	NULL,	'2018-11-06 05:07:35',	'2018-11-06 05:07:35'),
(709,	'YOG VIGYAN KABZ AVAM BAVASIR',	NULL,	'all_product_pics/patanjali/YOG VIGYAN KABZ AVAM BAVASIR.jpg',	NULL,	'2018-11-06 05:07:35',	'2018-11-06 05:07:35'),
(710,	'NEEM TULSI FACE WASH',	NULL,	'all_product_pics/patanjali/NEEM TULSI FACE WASH.jpg',	NULL,	'2018-11-06 05:07:35',	'2018-11-06 05:07:35'),
(711,	'PATANJALI UNPOLISHED BLACK MASOOR',	NULL,	'all_product_pics/patanjali/PATANJALI UNPOLISHED BLACK MASOOR.png',	NULL,	'2018-11-06 05:07:35',	'2018-11-06 05:07:35'),
(712,	'SUPER STEEL SCRUB',	NULL,	'all_product_pics/patanjali/SUPER STEEL SCRUB.png',	NULL,	'2018-11-06 05:07:35',	'2018-11-06 05:07:35'),
(713,	'MAHARASNADI KWATH 100',	NULL,	'all_product_pics/patanjali/MAHARASNADI KWATH 100gm.png',	NULL,	'2018-11-06 05:07:35',	'2018-11-06 05:07:35'),
(714,	'TAL SINDOOR',	NULL,	'all_product_pics/patanjali/TAL SINDOOR.png',	NULL,	'2018-11-06 05:07:35',	'2018-11-06 05:07:35'),
(715,	'AUSHADH DARSHAN PUNJABI',	NULL,	'all_product_pics/patanjali/AUSHADH DARSHAN PUNJABI.jpg',	NULL,	'2018-11-06 05:07:35',	'2018-11-06 05:07:35'),
(716,	'RASTRA VANDANA VOL 2 HINDI',	NULL,	'all_product_pics/patanjali/RASTRA VANDANA VOL 2 HINDI.png',	NULL,	'2018-11-06 05:07:35',	'2018-11-06 05:07:35'),
(717,	'YOG VIGYAN ASTHMA KE LIYE',	NULL,	'all_product_pics/patanjali/YOG VIGYAN ASTHMA KE LIYE.jpg',	NULL,	'2018-11-06 05:07:35',	'2018-11-06 05:07:35'),
(718,	'ANTI WRINKLE CREAM',	NULL,	'all_product_pics/patanjali/ANTI WRINKLE CREAM.jpg',	NULL,	'2018-11-06 05:07:35',	'2018-11-06 05:07:35'),
(719,	'DETERGENT POWDER POPULAR',	NULL,	'all_product_pics/patanjali/DETERGENT POWDER POPULAR.jpg',	NULL,	'2018-11-06 05:07:35',	'2018-11-06 05:07:35'),
(720,	'AASTHA AGARBATTI (JASMINE)',	NULL,	'all_product_pics/patanjali/AASTHA AGARBATTI (JASMINE).png',	NULL,	'2018-11-06 05:07:35',	'2018-11-06 05:07:35'),
(721,	'ALOEVERA KANTI BODY CLEANSER-(4X1) 75',	NULL,	'all_product_pics/patanjali/ALOEVERA KANTI BODY CLEANSER-(4X1) 75.png',	NULL,	'2018-11-06 05:07:35',	'2018-11-06 05:07:35'),
(722,	'PATRANGASAV',	NULL,	'all_product_pics/patanjali/PATRANGASAV.png',	NULL,	'2018-11-06 05:07:35',	'2018-11-06 05:07:35'),
(723,	'SPRUE SYNDROME AND DIARRHOEA',	NULL,	'all_product_pics/patanjali/SPRUE SYNDROME AND DIARRHOEA.gif',	NULL,	'2018-11-06 05:07:35',	'2018-11-06 05:07:35'),
(724,	'SAUNDARYA ALOE VERA GEL',	NULL,	'all_product_pics/patanjali/SAUNDARYA ALOE VERA GEL.jpg',	NULL,	'2018-11-06 05:07:35',	'2018-11-06 05:07:35'),
(725,	'MOGRA BODY CLEANSER',	NULL,	'all_product_pics/patanjali/MOGRA BODY CLEANSER.jpg',	NULL,	'2018-11-06 05:07:35',	'2018-11-06 05:07:35'),
(726,	'PATANJALI BALM',	NULL,	'all_product_pics/patanjali/PATANJALI BALM.jpg',	NULL,	'2018-11-06 05:07:35',	'2018-11-06 05:07:35'),
(727,	'SAMPOORN TRADITIONAL BASMATI RICE',	NULL,	'all_product_pics/patanjali/SAMPOORN TRADITIONAL BASMATI RICE.jpg',	NULL,	'2018-11-06 05:07:35',	'2018-11-06 05:07:35'),
(728,	'DIVYA GODHAN ARK',	NULL,	'all_product_pics/patanjali/DIVYA GODHAN ARK.png',	NULL,	'2018-11-06 05:07:35',	'2018-11-06 05:07:35'),
(729,	'RASTRA VANDANA VOL 1 HINDI',	NULL,	'all_product_pics/patanjali/RASTRA VANDANA VOL 1 HINDI.jpg',	NULL,	'2018-11-06 05:07:35',	'2018-11-06 05:07:35'),
(730,	'YOG VIGYAN MOTAPE KE LIYE',	NULL,	'all_product_pics/patanjali/YOG VIGYAN MOTAPE KE LIYE.png',	NULL,	'2018-11-06 05:07:35',	'2018-11-06 05:07:35'),
(731,	'YOG FOR RENAL DISEASES KIDNEY',	NULL,	'all_product_pics/patanjali/YOG FOR RENAL DISEASES KIDNEY.jpg',	NULL,	'2018-11-06 05:07:35',	'2018-11-06 05:07:35'),
(732,	'SAUNDARYA MYSORE SUPER SANDAL BODY',	NULL,	'all_product_pics/patanjali/SAUNDARYA MYSORE SUPER SANDAL BODY.jpg',	NULL,	'2018-11-06 05:07:35',	'2018-11-06 05:07:35'),
(733,	'AmlA CANDY',	NULL,	'all_product_pics/patanjali/AmlA CANDY.jpg',	NULL,	'2018-11-06 05:07:35',	'2018-11-06 05:07:35'),
(734,	'KACHI GHANI MUSTARD OIL (L)',	NULL,	'all_product_pics/patanjali/KACHI GHANI MUSTARD OIL (L).png',	NULL,	'2018-11-06 05:07:35',	'2018-11-06 05:07:35'),
(735,	'DANT KANTI NATURAL FAMILY VALUE',	NULL,	'all_product_pics/patanjali/DANT KANTI NATURAL FAMILY VALUE.png',	NULL,	'2018-11-06 05:07:35',	'2018-11-06 05:07:35'),
(736,	'PATANJALI UNPOLISHED URAD DHULI DAL',	NULL,	'all_product_pics/patanjali/PATANJALI UNPOLISHED URAD DHULI DAL.png',	NULL,	'2018-11-06 05:07:35',	'2018-11-06 05:07:35'),
(737,	'HARIDRAKHAND',	NULL,	'all_product_pics/patanjali/HARIDRAKHAND.jpg',	NULL,	'2018-11-06 05:07:35',	'2018-11-06 05:07:35'),
(738,	'YOG VIGYAN ORIYA VCD',	NULL,	'all_product_pics/patanjali/YOG VIGYAN ORIYA VCD.jpg',	NULL,	'2018-11-06 05:07:35',	'2018-11-06 05:07:35'),
(739,	'YOG VIGYAN SOLAH SANSKAR 16',	NULL,	'all_product_pics/patanjali/YOG VIGYAN SOLAH SANSKAR 16.jpg',	NULL,	'2018-11-06 05:07:35',	'2018-11-06 05:07:35'),
(740,	'KESH KANTI HAIR CLEANSER SILK',	NULL,	'all_product_pics/patanjali/KESH KANTI HAIR CLEANSER SILK.png',	NULL,	'2018-11-06 05:07:35',	'2018-11-06 05:07:35'),
(741,	'AASTHA MUSTARD OIL',	NULL,	'all_product_pics/patanjali/AASTHA MUSTARD OIL.png',	NULL,	'2018-11-06 05:07:35',	'2018-11-06 05:07:35'),
(742,	'MULETHI KWATH',	NULL,	'all_product_pics/patanjali/MULETHI KWATH.jpg',	NULL,	'2018-11-06 05:07:35',	'2018-11-06 05:07:35'),
(743,	'SECRETS OF ASTAVARGA PLANTS ENGLISH',	NULL,	'all_product_pics/patanjali/SECRETS OF ASTAVARGA PLANTS ENGLISH.jpg',	NULL,	'2018-11-06 05:07:35',	'2018-11-06 05:07:35'),
(744,	'YOG VIGYAN DIABETES HINDI VCD',	NULL,	'all_product_pics/patanjali/YOG VIGYAN DIABETES HINDI VCD.jpg',	NULL,	'2018-11-06 05:07:35',	'2018-11-06 05:07:35'),
(745,	'KANTI ALOEVERA BODY CLEANSER',	NULL,	'all_product_pics/patanjali/KANTI ALOEVERA BODY CLEANSER.jpg',	NULL,	'2018-11-06 05:07:35',	'2018-11-06 05:07:35'),
(746,	'PATANJALI MIXED PICKLE',	NULL,	'all_product_pics/patanjali/PATANJALI MIXED PICKLE.jpg',	NULL,	'2018-11-06 05:07:35',	'2018-11-06 05:07:35'),
(747,	'AJIRNAMRITMANJARI HINDI',	NULL,	'all_product_pics/patanjali/AJIRNAMRITMANJARI HINDI.png',	NULL,	'2018-11-06 05:07:35',	'2018-11-06 05:07:35'),
(748,	'YOG SADHNA AVAM YOG CHIKITSA',	NULL,	'all_product_pics/patanjali/YOG SADHNA AVAM YOG CHIKITSA.png',	NULL,	'2018-11-06 05:07:35',	'2018-11-06 05:07:35'),
(749,	'YOG VIGYAN KABZ AVAM BAVASIR',	NULL,	'all_product_pics/patanjali/YOG VIGYAN KABZ AVAM BAVASIR.jpg',	NULL,	'2018-11-06 05:07:35',	'2018-11-06 05:07:35'),
(750,	'LEMON BODY CLEANSER',	NULL,	'all_product_pics/patanjali/LEMON BODY CLEANSER.jpg',	NULL,	'2018-11-06 05:07:35',	'2018-11-06 05:07:35'),
(751,	'POHA',	NULL,	'all_product_pics/patanjali/POHA.jpg',	NULL,	'2018-11-06 05:07:35',	'2018-11-06 05:07:35'),
(752,	'MAKAR DHWAJ',	NULL,	'all_product_pics/patanjali/MAKAR DHWAJ.jpg',	NULL,	'2018-11-06 05:07:35',	'2018-11-06 05:07:35'),
(753,	'PHAL GHRIT',	NULL,	'all_product_pics/patanjali/PHAL GHRIT.png',	NULL,	'2018-11-06 05:07:35',	'2018-11-06 05:07:35'),
(754,	'PARKINSONISM (KAMPA-VAT)',	NULL,	'all_product_pics/patanjali/PARKINSONISM (KAMPA-VAT).png',	NULL,	'2018-11-06 05:07:35',	'2018-11-06 05:07:35'),
(755,	'GRIHASTHA YOG SADHAK KE GUN',	NULL,	'all_product_pics/patanjali/GRIHASTHA YOG SADHAK KE GUN.png',	NULL,	'2018-11-06 05:07:35',	'2018-11-06 05:07:35'),
(756,	'KESH KANTI NATURAL HAIR CLEANSER',	NULL,	'all_product_pics/patanjali/KESH KANTI NATURAL HAIR CLEANSER.jpg',	NULL,	'2018-11-06 05:07:35',	'2018-11-06 05:07:35'),
(757,	'SABZI MASALA',	NULL,	'all_product_pics/patanjali/SABZI MASALA.jpg',	NULL,	'2018-11-06 05:07:35',	'2018-11-06 05:07:35'),
(758,	'SHISHU CARE MASSAGE OIL',	NULL,	'all_product_pics/patanjali/SHISHU CARE MASSAGE OIL.jpg',	NULL,	'2018-11-06 05:07:35',	'2018-11-06 05:07:35'),
(759,	'PATANJALI - COMBO (SABZI MASALE)',	NULL,	'all_product_pics/patanjali/PATANJALI - COMBO (SABZI MASALE).png',	NULL,	'2018-11-06 05:07:35',	'2018-11-06 05:07:35'),
(760,	'MAHAMANJISTHADI KWATH (PRAVAHI)',	NULL,	'all_product_pics/patanjali/MAHAMANJISTHADI KWATH (PRAVAHI).png',	NULL,	'2018-11-06 05:07:35',	'2018-11-06 05:07:35'),
(761,	'KHEL KHEL MAIN YOG CLASS',	NULL,	'all_product_pics/patanjali/KHEL KHEL MAIN YOG CLASS.jpg',	NULL,	'2018-11-06 05:07:35',	'2018-11-06 05:07:35'),
(762,	'KESH KANTI SHIKAKAI',	NULL,	'all_product_pics/patanjali/KESH KANTI SHIKAKAI.jpg',	NULL,	'2018-11-06 05:07:35',	'2018-11-06 05:07:35'),
(763,	'UNPOLISHED ARHAR DAL (TUVAR DAL)',	NULL,	'all_product_pics/patanjali/UNPOLISHED ARHAR DAL (TUVAR DAL).png',	NULL,	'2018-11-06 05:07:35',	'2018-11-06 05:07:35'),
(764,	'PATANJALI ALOEVERA HAND WASH',	NULL,	'all_product_pics/patanjali/PATANJALI ALOEVERA HAND WASH.jpg',	NULL,	'2018-11-06 05:07:35',	'2018-11-06 05:07:35'),
(765,	'INFERTILITY (BANDHYATVA)',	NULL,	'all_product_pics/patanjali/INFERTILITY (BANDHYATVA).jpg',	NULL,	'2018-11-06 05:07:35',	'2018-11-06 05:07:35'),
(766,	'JADI BUTI KA KHAZANA DARUHALDI',	NULL,	'all_product_pics/patanjali/JADI BUTI KA KHAZANA DARUHALDI.jpg',	NULL,	'2018-11-06 05:07:35',	'2018-11-06 05:07:35'),
(767,	'YOG VIGYAN NETRA KE LIYE',	NULL,	'all_product_pics/patanjali/YOG VIGYAN NETRA KE LIYE.jpg',	NULL,	'2018-11-06 05:07:35',	'2018-11-06 05:07:35'),
(768,	'YOG VIGYAN SHAREER SAUSHTHAV PHYSICAL',	NULL,	'all_product_pics/patanjali/YOG VIGYAN SHAREER SAUSHTHAV PHYSICAL.jpg',	NULL,	'2018-11-06 05:07:35',	'2018-11-06 05:07:35'),
(769,	'YOG FOR CANCER ENGLISHHINDI DVD',	NULL,	'all_product_pics/patanjali/YOG FOR CANCER ENGLISHHINDI DVD.jpg',	NULL,	'2018-11-06 05:07:35',	'2018-11-06 05:07:35'),
(770,	'AmlA PICKLE',	NULL,	'all_product_pics/patanjali/AmlA PICKLE.jpeg',	NULL,	'2018-11-06 05:07:35',	'2018-11-06 05:07:35'),
(771,	'PRADARSUDHA SYRUP (FOR LEUCORRHEA)',	NULL,	'all_product_pics/patanjali/PRADARSUDHA SYRUP (FOR LEUCORRHEA).png',	NULL,	'2018-11-06 05:07:35',	'2018-11-06 05:07:35'),
(772,	'AMRIT RASAYAN',	NULL,	'all_product_pics/patanjali/AMRIT RASAYAN.jpg',	NULL,	'2018-11-06 05:07:35',	'2018-11-06 05:07:35'),
(773,	'AASTHA AGARBATTI (ROSE)',	NULL,	'all_product_pics/patanjali/AASTHA AGARBATTI (ROSE).png',	NULL,	'2018-11-06 05:07:35',	'2018-11-06 05:07:35'),
(774,	'ROASTED DIET-QUINOA PUFF -TOMATO FLAV',	NULL,	'all_product_pics/patanjali/ROASTED DIET-QUINOA PUFF -TOMATO FLAV.png',	NULL,	'2018-11-06 05:07:35',	'2018-11-06 05:07:35'),
(775,	'ANU TAILA',	NULL,	'all_product_pics/patanjali/ANU TAILA.png',	NULL,	'2018-11-06 05:07:35',	'2018-11-06 05:07:35'),
(776,	'YOG VIGYAN MOTAPE KE LIYE',	NULL,	'all_product_pics/patanjali/YOG VIGYAN MOTAPE KE LIYE.png',	NULL,	'2018-11-06 05:07:35',	'2018-11-06 05:07:35'),
(777,	'YOG VIGYAN YUVAON KE LIYE',	NULL,	'all_product_pics/patanjali/YOG VIGYAN YUVAON KE LIYE.jpg',	NULL,	'2018-11-06 05:07:35',	'2018-11-06 05:07:35'),
(778,	'BADAM PAK 500',	NULL,	'all_product_pics/patanjali/BADAM PAK 500gm.jpg',	NULL,	'2018-11-06 05:07:35',	'2018-11-06 05:07:35'),
(779,	'SHISHU CARE BABY DIAPER (SMALL-4)',	NULL,	'all_product_pics/patanjali/SHISHU CARE BABY DIAPER (SMALL-4).png',	NULL,	'2018-11-06 05:07:35',	'2018-11-06 05:07:35'),
(780,	'SOYA CHUNK 200',	NULL,	'all_product_pics/patanjali/SOYA CHUNK 200gm.jpg',	NULL,	'2018-11-06 05:07:35',	'2018-11-06 05:07:35'),
(781,	'AASTHA COTTON WICKS HALDI',	NULL,	'all_product_pics/patanjali/AASTHA COTTON WICKS HALDI.png',	NULL,	'2018-11-06 05:07:35',	'2018-11-06 05:07:35'),
(782,	'ABHYARISTH',	NULL,	'all_product_pics/patanjali/ABHYARISTH.png',	NULL,	'2018-11-06 05:07:35',	'2018-11-06 05:07:35'),
(783,	'AAAO SIKHE YOG CLASS 5',	NULL,	'all_product_pics/patanjali/AAAO SIKHE YOG CLASS 5.jpg',	NULL,	'2018-11-06 05:07:35',	'2018-11-06 05:07:35'),
(784,	'BHAKTI GEETANJALI VOL 1 HINDI',	NULL,	'all_product_pics/patanjali/BHAKTI GEETANJALI VOL 1 HINDI.png',	NULL,	'2018-11-06 05:07:35',	'2018-11-06 05:07:35'),
(785,	'YOG SCIENCE PRANAYAM AND YOG',	NULL,	'all_product_pics/patanjali/YOG SCIENCE PRANAYAM AND YOG.jpg',	NULL,	'2018-11-06 05:07:35',	'2018-11-06 05:07:35'),
(786,	'YOG VIGYAN PILIYA KE LIYE',	NULL,	'all_product_pics/patanjali/YOG VIGYAN PILIYA KE LIYE.jpg',	NULL,	'2018-11-06 05:07:35',	'2018-11-06 05:07:35'),
(787,	'AASTHA PREMIUM SINDOOR',	NULL,	'all_product_pics/patanjali/AASTHA PREMIUM SINDOOR.png',	NULL,	'2018-11-06 05:07:35',	'2018-11-06 05:07:35'),
(788,	'PATANJALI UNPOLISHED WHITE PEAS',	NULL,	'all_product_pics/patanjali/PATANJALI UNPOLISHED WHITE PEAS.png',	NULL,	'2018-11-06 05:07:35',	'2018-11-06 05:07:35'),
(789,	'PATANJALI ALOEVERA MIXED FRUIT JAM',	NULL,	'all_product_pics/patanjali/PATANJALI ALOEVERA MIXED FRUIT JAM.png',	NULL,	'2018-11-06 05:07:35',	'2018-11-06 05:07:35'),
(790,	'DASHMULARISHTA',	NULL,	'all_product_pics/patanjali/DASHMULARISHTA.jpg',	NULL,	'2018-11-06 05:07:35',	'2018-11-06 05:07:35'),
(791,	'YOG VIGYAN GARABHWATI MAHILA KE',	NULL,	'all_product_pics/patanjali/YOG VIGYAN GARABHWATI MAHILA KE.jpg',	NULL,	'2018-11-06 05:07:35',	'2018-11-06 05:07:35'),
(792,	'HAND WASH ALMOND KESAR',	NULL,	'all_product_pics/patanjali/HAND WASH ALMOND KESAR.jpg',	NULL,	'2018-11-06 05:07:35',	'2018-11-06 05:07:35'),
(793,	'LEMON HONEY FACE WASH',	NULL,	'all_product_pics/patanjali/LEMON HONEY FACE WASH.jpg',	NULL,	'2018-11-06 05:07:35',	'2018-11-06 05:07:35'),
(794,	'NEEM KANTI BODY CLEANSER 150',	NULL,	'all_product_pics/patanjali/NEEM KANTI BODY CLEANSER 150.jpg',	NULL,	'2018-11-06 05:07:35',	'2018-11-06 05:07:35'),
(795,	'ORAL CARE COMBO(DIVYA DANT MANJAN',	NULL,	'all_product_pics/patanjali/ORAL CARE COMBO(DIVYA DANT MANJAN.png',	NULL,	'2018-11-06 05:07:35',	'2018-11-06 05:07:35'),
(796,	'TRIBHUVANKIRTI RAS',	NULL,	'all_product_pics/patanjali/TRIBHUVANKIRTI RAS.jpg',	NULL,	'2018-11-06 05:07:35',	'2018-11-06 05:07:35'),
(797,	'YOG VIGYAN GARABHWATI MAHILA KE',	NULL,	'all_product_pics/patanjali/YOG VIGYAN GARABHWATI MAHILA KE.jpg',	NULL,	'2018-11-06 05:07:35',	'2018-11-06 05:07:35'),
(798,	'ROSE FACE WASH',	NULL,	'all_product_pics/patanjali/ROSE FACE WASH.jpg',	NULL,	'2018-11-06 05:07:35',	'2018-11-06 05:07:35'),
(799,	'BADAM PAK',	NULL,	'all_product_pics/patanjali/BADAM PAK.png',	NULL,	'2018-11-06 05:07:35',	'2018-11-06 05:07:35'),
(800,	'PATANJALI DANT KANTI NATURAL FAMILY',	NULL,	'all_product_pics/patanjali/PATANJALI DANT KANTI NATURAL FAMILY.png',	NULL,	'2018-11-06 05:07:35',	'2018-11-06 05:07:35'),
(801,	'PATANJALI ALOEVERA PINEAPPLE JAM',	NULL,	'all_product_pics/patanjali/PATANJALI ALOEVERA PINEAPPLE JAM.png',	NULL,	'2018-11-06 05:07:35',	'2018-11-06 05:07:35'),
(802,	'PATANJALI LISHODA PICKLE',	NULL,	'all_product_pics/patanjali/PATANJALI LISHODA PICKLE.png',	NULL,	'2018-11-06 05:07:35',	'2018-11-06 05:07:35'),
(803,	'DIVYA DANT MANJAN',	NULL,	'all_product_pics/patanjali/DIVYA DANT MANJAN.png',	NULL,	'2018-11-06 05:07:35',	'2018-11-06 05:07:35'),
(804,	'SAHACHARADI TAILA 100',	NULL,	'all_product_pics/patanjali/SAHACHARADI TAILA 100ml.png',	NULL,	'2018-11-06 05:07:35',	'2018-11-06 05:07:35'),
(805,	'YOG FOR MUSCULAR DESTROPHY HINDI',	NULL,	'all_product_pics/patanjali/YOG FOR MUSCULAR DESTROPHY HINDI.jpg',	NULL,	'2018-11-06 05:07:35',	'2018-11-06 05:07:35'),
(806,	'YOG FOR PARKINSON AND PARALYSIS',	NULL,	'all_product_pics/patanjali/YOG FOR PARKINSON AND PARALYSIS.jpg',	NULL,	'2018-11-06 05:07:35',	'2018-11-06 05:07:35'),
(807,	'ALOEVERA JUICE WITH FIBER (L)',	NULL,	'all_product_pics/patanjali/ALOEVERA JUICE WITH FIBER (L).png',	NULL,	'2018-11-06 05:07:35',	'2018-11-06 05:07:35'),
(808,	'PACHAK ANARDANA',	NULL,	'all_product_pics/patanjali/PACHAK ANARDANA.jpg',	NULL,	'2018-11-06 05:07:35',	'2018-11-06 05:07:35'),
(809,	'JAMUN VINEGAR (L)',	NULL,	'all_product_pics/patanjali/JAMUN VINEGAR (L).jpg',	NULL,	'2018-11-06 05:07:35',	'2018-11-06 05:07:35'),
(810,	'AmlA HAIR OIL - 200',	NULL,	'all_product_pics/patanjali/AmlA HAIR OIL - 200.jpg',	NULL,	'2018-11-06 05:07:35',	'2018-11-06 05:07:35'),
(811,	'AASTHA COTTON WICKS PLAIN',	NULL,	'all_product_pics/patanjali/AASTHA COTTON WICKS PLAIN.png',	NULL,	'2018-11-06 05:07:35',	'2018-11-06 05:07:35'),
(812,	'JIVAN DARSHAN ENGLISH',	NULL,	'all_product_pics/patanjali/JIVAN DARSHAN ENGLISH.jpg',	NULL,	'2018-11-06 05:07:35',	'2018-11-06 05:07:35'),
(813,	'BHAKTI GEETANJALI VOL 6 HINDI',	NULL,	'all_product_pics/patanjali/BHAKTI GEETANJALI VOL 6 HINDI.png',	NULL,	'2018-11-06 05:07:35',	'2018-11-06 05:07:35'),
(814,	'HAIR CONDITIONER COLOUR PROTECTION',	NULL,	'all_product_pics/patanjali/HAIR CONDITIONER COLOUR PROTECTION.jpg',	NULL,	'2018-11-06 05:07:35',	'2018-11-06 05:07:35'),
(815,	'BORO SAFE',	NULL,	'all_product_pics/patanjali/BORO SAFE.jpg',	NULL,	'2018-11-06 05:07:35',	'2018-11-06 05:07:35'),
(816,	'AASTHA CAMPHOR',	NULL,	'all_product_pics/patanjali/AASTHA CAMPHOR.png',	NULL,	'2018-11-06 05:07:35',	'2018-11-06 05:07:35'),
(817,	'PATANJALI SHAMPOO & CONDITIONER COMBO',	NULL,	'all_product_pics/patanjali/PATANJALI SHAMPOO & CONDITIONER COMBO.png',	NULL,	'2018-11-06 05:07:35',	'2018-11-06 05:07:35'),
(818,	'PATANJALI SHAMPOO & CONDITIONER COMBO',	NULL,	'all_product_pics/patanjali/PATANJALI SHAMPOO & CONDITIONER COMBO.png',	NULL,	'2018-11-06 05:07:35',	'2018-11-06 05:07:35'),
(819,	'PATANJALI SHAMPOO & CONDITIONER COMBO',	NULL,	'all_product_pics/patanjali/PATANJALI SHAMPOO & CONDITIONER COMBO.png',	NULL,	'2018-11-06 05:07:35',	'2018-11-06 05:07:35'),
(820,	'PATANJALI SHAMPOO & CONDITIONER COMBO',	NULL,	'all_product_pics/patanjali/PATANJALI SHAMPOO & CONDITIONER COMBO.png',	NULL,	'2018-11-06 05:07:35',	'2018-11-06 05:07:35'),
(821,	'PATANJALI SHAMPOO & CONDITIONER COMBO',	NULL,	'all_product_pics/patanjali/PATANJALI SHAMPOO & CONDITIONER COMBO.png',	NULL,	'2018-11-06 05:07:35',	'2018-11-06 05:07:35'),
(822,	'KESH KANTI MILK PROTEIN HAIR',	NULL,	'all_product_pics/patanjali/KESH KANTI MILK PROTEIN HAIR.png',	NULL,	'2018-11-06 05:07:35',	'2018-11-06 05:07:35'),
(823,	'ASHOKARISTH',	NULL,	'all_product_pics/patanjali/ASHOKARISTH.jpg',	NULL,	'2018-11-06 05:07:35',	'2018-11-06 05:07:35'),
(824,	'GANGADHAR CHURNA',	NULL,	'all_product_pics/patanjali/GANGADHAR CHURNA.png',	NULL,	'2018-11-06 05:07:35',	'2018-11-06 05:07:35'),
(825,	'CORONARY ARTERY DISEASE',	NULL,	'all_product_pics/patanjali/CORONARY ARTERY DISEASE.png',	NULL,	'2018-11-06 05:07:35',	'2018-11-06 05:07:35'),
(826,	'BHAKTI GEETANJALI VOL 7 HINDI',	NULL,	'all_product_pics/patanjali/BHAKTI GEETANJALI VOL 7 HINDI.png',	NULL,	'2018-11-06 05:07:35',	'2018-11-06 05:07:35'),
(827,	'YOGA FOR ASTHMA TAMIL VCD',	NULL,	'all_product_pics/patanjali/YOGA FOR ASTHMA TAMIL VCD.jpg',	NULL,	'2018-11-06 05:07:35',	'2018-11-06 05:07:35'),
(828,	'PINEAPPLE JAM',	NULL,	'all_product_pics/patanjali/PINEAPPLE JAM.jpg',	NULL,	'2018-11-06 05:07:35',	'2018-11-06 05:07:35'),
(829,	'PATANJALI COWS GHEE 200 ',	NULL,	'all_product_pics/patanjali/PATANJALI COWS GHEE 200 ml.jpg',	NULL,	'2018-11-06 05:07:35',	'2018-11-06 05:07:35'),
(830,	'SHISHU CARE BABY DIAPER (MEDIUM-36)',	NULL,	'all_product_pics/patanjali/SHISHU CARE BABY DIAPER (MEDIUM-36).png',	NULL,	'2018-11-06 05:07:35',	'2018-11-06 05:07:35'),
(831,	'PATANJALI AASTHA AIR FRESHNER -',	NULL,	'all_product_pics/patanjali/PATANJALI AASTHA AIR FRESHNER -.png',	NULL,	'2018-11-06 05:07:35',	'2018-11-06 05:07:35'),
(832,	'PATANJALI MATRITVA',	NULL,	'all_product_pics/patanjali/PATANJALI MATRITVA.png',	NULL,	'2018-11-06 05:07:35',	'2018-11-06 05:07:35'),
(833,	'PANCHKOL CHURNA',	NULL,	'all_product_pics/patanjali/PANCHKOL CHURNA.jpg',	NULL,	'2018-11-06 05:07:35',	'2018-11-06 05:07:35'),
(834,	'BHAKTI GEETANJALI VOL 5 HINDI',	NULL,	'all_product_pics/patanjali/BHAKTI GEETANJALI VOL 5 HINDI.png',	NULL,	'2018-11-06 05:07:35',	'2018-11-06 05:07:35'),
(835,	'YOG VIGYAN HIGH BLOOD PRESSURE',	NULL,	'all_product_pics/patanjali/YOG VIGYAN HIGH BLOOD PRESSURE.jpg',	NULL,	'2018-11-06 05:07:35',	'2018-11-06 05:07:35'),
(836,	'YOG VIGYAN MOTAPE KE LIYE',	NULL,	'all_product_pics/patanjali/YOG VIGYAN MOTAPE KE LIYE.png',	NULL,	'2018-11-06 05:07:35',	'2018-11-06 05:07:35'),
(837,	'PATANJALI UNPOLISHED URAD CHILKA',	NULL,	'all_product_pics/patanjali/PATANJALI UNPOLISHED URAD CHILKA.png',	NULL,	'2018-11-06 05:07:35',	'2018-11-06 05:07:35'),
(838,	'PANCHGAVYA BODY CLEANSER 150 ',	NULL,	'all_product_pics/patanjali/PANCHGAVYA BODY CLEANSER 150 gm.jpg',	NULL,	'2018-11-06 05:07:35',	'2018-11-06 05:07:35'),
(839,	'SARSVATARISTH',	NULL,	'all_product_pics/patanjali/SARSVATARISTH.png',	NULL,	'2018-11-06 05:07:35',	'2018-11-06 05:07:35'),
(840,	'CHANKYA SUTRA -(BOOK)',	NULL,	'all_product_pics/patanjali/CHANKYA SUTRA -(BOOK).jpg',	NULL,	'2018-11-06 05:07:35',	'2018-11-06 05:07:35'),
(841,	'JIVAN DARSHAN MALAYALAM',	NULL,	'all_product_pics/patanjali/JIVAN DARSHAN MALAYALAM.png',	NULL,	'2018-11-06 05:07:35',	'2018-11-06 05:07:35'),
(842,	'SWAMI RAMDEV EK YOGI EK',	NULL,	'all_product_pics/patanjali/SWAMI RAMDEV EK YOGI EK.jpg',	NULL,	'2018-11-06 05:07:35',	'2018-11-06 05:07:35'),
(843,	'YOG SADHNA AVAM YOG CHIKITSA',	NULL,	'all_product_pics/patanjali/YOG SADHNA AVAM YOG CHIKITSA.png',	NULL,	'2018-11-06 05:07:35',	'2018-11-06 05:07:35'),
(844,	'YOG VIGYAN MOTAPE KE LIYE',	NULL,	'all_product_pics/patanjali/YOG VIGYAN MOTAPE KE LIYE.png',	NULL,	'2018-11-06 05:07:35',	'2018-11-06 05:07:35'),
(845,	'HONEY ORANGE FACE WASH',	NULL,	'all_product_pics/patanjali/HONEY ORANGE FACE WASH.jpg',	NULL,	'2018-11-06 05:07:35',	'2018-11-06 05:07:35'),
(846,	'SHISHU CARE BABY DIAPER (LARGE-8)',	NULL,	'all_product_pics/patanjali/SHISHU CARE BABY DIAPER (LARGE-8).png',	NULL,	'2018-11-06 05:07:35',	'2018-11-06 05:07:35'),
(847,	'KUMARYASAVA',	NULL,	'all_product_pics/patanjali/KUMARYASAVA.png',	NULL,	'2018-11-06 05:07:35',	'2018-11-06 05:07:35'),
(848,	'KUTAJARISHTA',	NULL,	'all_product_pics/patanjali/KUTAJARISHTA.png',	NULL,	'2018-11-06 05:07:35',	'2018-11-06 05:07:35'),
(849,	'EPILEPSY (APASMAR)',	NULL,	'all_product_pics/patanjali/EPILEPSY (APASMAR).png',	NULL,	'2018-11-06 05:07:35',	'2018-11-06 05:07:35'),
(850,	'DIVYA AUSHDHIYA SUGANDHIT AND SAUNDRIYAKARAN',	NULL,	'all_product_pics/patanjali/DIVYA AUSHDHIYA SUGANDHIT AND SAUNDRIYAKARAN.png',	NULL,	'2018-11-06 05:07:35',	'2018-11-06 05:07:35'),
(851,	'BHAKTI GEETANJALI VOL 4 HINDI',	NULL,	'all_product_pics/patanjali/BHAKTI GEETANJALI VOL 4 HINDI.jpg',	NULL,	'2018-11-06 05:07:35',	'2018-11-06 05:07:35'),
(852,	'YOG SCIENCE PRANAYAM AND YOG',	NULL,	'all_product_pics/patanjali/YOG SCIENCE PRANAYAM AND YOG.jpg',	NULL,	'2018-11-06 05:07:35',	'2018-11-06 05:07:35'),
(853,	'YOG VIGYAN HIGH BLOOD PRESSURE',	NULL,	'all_product_pics/patanjali/YOG VIGYAN HIGH BLOOD PRESSURE.jpg',	NULL,	'2018-11-06 05:07:35',	'2018-11-06 05:07:35'),
(854,	'YOG VIGYAN MOTAPE KE LIYE',	NULL,	'all_product_pics/patanjali/YOG VIGYAN MOTAPE KE LIYE.png',	NULL,	'2018-11-06 05:07:35',	'2018-11-06 05:07:35'),
(855,	'PATANJALI DIGESTIVE COOKIES',	NULL,	'all_product_pics/patanjali/PATANJALI DIGESTIVE COOKIES.png',	NULL,	'2018-11-06 05:07:35',	'2018-11-06 05:07:35'),
(856,	'FACE PACK MULTANI MITTI',	NULL,	'all_product_pics/patanjali/FACE PACK MULTANI MITTI.jpg',	NULL,	'2018-11-06 05:07:35',	'2018-11-06 05:07:35'),
(857,	'PATANJALI DANT KANTI ALOEVERA GEL',	NULL,	'all_product_pics/patanjali/PATANJALI DANT KANTI ALOEVERA GEL.png',	NULL,	'2018-11-06 05:07:35',	'2018-11-06 05:07:35'),
(858,	'ATTA NOODLES DAL TADKA',	NULL,	'all_product_pics/patanjali/ATTA NOODLES DAL TADKA.png',	NULL,	'2018-11-06 05:07:35',	'2018-11-06 05:07:35'),
(859,	'PATANJALI- COMBO (PACK OF BISCUITS)',	NULL,	'all_product_pics/patanjali/PATANJALI- COMBO (PACK OF BISCUITS).png',	NULL,	'2018-11-06 05:07:35',	'2018-11-06 05:07:35'),
(860,	'AAAO SIKHE YOG CLASS 5',	NULL,	'all_product_pics/patanjali/AAAO SIKHE YOG CLASS 5.jpg',	NULL,	'2018-11-06 05:07:35',	'2018-11-06 05:07:35'),
(861,	'DIVYA STAWAN HINDI MP3',	NULL,	'all_product_pics/patanjali/DIVYA STAWAN HINDI MP3.png',	NULL,	'2018-11-06 05:07:35',	'2018-11-06 05:07:35'),
(862,	'GAYATRI MANTRA AND MAHAMRITYUNJAYE MANTRA',	NULL,	'all_product_pics/patanjali/GAYATRI MANTRA AND MAHAMRITYUNJAYE MANTRA.gif',	NULL,	'2018-11-06 05:07:35',	'2018-11-06 05:07:35'),
(863,	'YOG SCIENCE PRANAYAM & YOG',	NULL,	'all_product_pics/patanjali/YOG SCIENCE PRANAYAM & YOG.jpg',	NULL,	'2018-11-06 05:07:35',	'2018-11-06 05:07:35'),
(864,	'HERBAL MEHANDI',	NULL,	'all_product_pics/patanjali/HERBAL MEHANDI.jpg',	NULL,	'2018-11-06 05:07:35',	'2018-11-06 05:07:35'),
(865,	'SHUNTHI CHURNA 100',	NULL,	'all_product_pics/patanjali/SHUNTHI CHURNA 100gm.png',	NULL,	'2018-11-06 05:07:35',	'2018-11-06 05:07:35'),
(866,	'AAAO SIKHE YOG CLASS 5',	NULL,	'all_product_pics/patanjali/AAAO SIKHE YOG CLASS 5.jpg',	NULL,	'2018-11-06 05:07:35',	'2018-11-06 05:07:35'),
(867,	'YOG FOR MUSCULAR DESTROPHY ENGLISH',	NULL,	'all_product_pics/patanjali/YOG FOR MUSCULAR DESTROPHY ENGLISH.jpg',	NULL,	'2018-11-06 05:07:35',	'2018-11-06 05:07:35'),
(868,	'YOG VIGYAN SAPHED DAG (LEUCODERMA)',	NULL,	'all_product_pics/patanjali/YOG VIGYAN SAPHED DAG (LEUCODERMA).jpg',	NULL,	'2018-11-06 05:07:35',	'2018-11-06 05:07:35'),
(869,	'YOG VIGYAN VAT ROGO KE',	NULL,	'all_product_pics/patanjali/YOG VIGYAN VAT ROGO KE.jpg',	NULL,	'2018-11-06 05:07:35',	'2018-11-06 05:07:35'),
(870,	'CONDITIONER DAMAGE CONTROL',	NULL,	'all_product_pics/patanjali/CONDITIONER DAMAGE CONTROL.jpg',	NULL,	'2018-11-06 05:07:35',	'2018-11-06 05:07:35'),
(871,	'MOONG DAL NAMKEEN',	NULL,	'all_product_pics/patanjali/MOONG DAL NAMKEEN.jpg',	NULL,	'2018-11-06 05:07:35',	'2018-11-06 05:07:35'),
(872,	'KESH KANTI NATURAL HAIR CLEANSER',	NULL,	'all_product_pics/patanjali/KESH KANTI NATURAL HAIR CLEANSER.jpg',	NULL,	'2018-11-06 05:07:35',	'2018-11-06 05:07:35'),
(873,	'PATANJALI SHAMPOO & CONDITIONER COMBO',	NULL,	'all_product_pics/patanjali/PATANJALI SHAMPOO & CONDITIONER COMBO.png',	NULL,	'2018-11-06 05:07:35',	'2018-11-06 05:07:35'),
(874,	'PATANJALI SOAN PAPDI (ELAICHI)',	NULL,	'all_product_pics/patanjali/PATANJALI SOAN PAPDI (ELAICHI).jpg',	NULL,	'2018-11-06 05:07:35',	'2018-11-06 05:07:35'),
(875,	'YOG VIGYAN BACHCHON KE LIYE',	NULL,	'all_product_pics/patanjali/YOG VIGYAN BACHCHON KE LIYE.jpg',	NULL,	'2018-11-06 05:07:35',	'2018-11-06 05:07:35'),
(876,	'KESH KANTI HAIR OIL',	NULL,	'all_product_pics/patanjali/KESH KANTI HAIR OIL.jpg',	NULL,	'2018-11-06 05:07:35',	'2018-11-06 05:07:35'),
(877,	'PATANJALI NARI SUDHA SYRUP -',	NULL,	'all_product_pics/patanjali/PATANJALI NARI SUDHA SYRUP -.png',	NULL,	'2018-11-06 05:07:35',	'2018-11-06 05:07:35'),
(878,	'SAUNDARYA NOURISHING CREAM',	NULL,	'all_product_pics/patanjali/SAUNDARYA NOURISHING CREAM.jpg',	NULL,	'2018-11-06 05:07:35',	'2018-11-06 05:07:35'),
(879,	'PATANJALI SHAMPOO & CONDITIONER COMBO',	NULL,	'all_product_pics/patanjali/PATANJALI SHAMPOO & CONDITIONER COMBO.png',	NULL,	'2018-11-06 05:07:35',	'2018-11-06 05:07:35'),
(880,	'PUNARNAVARISTH',	NULL,	'all_product_pics/patanjali/PUNARNAVARISTH.jpg',	NULL,	'2018-11-06 05:07:35',	'2018-11-06 05:07:35'),
(881,	'AUSHADH DARSHAN URDU',	NULL,	'all_product_pics/patanjali/AUSHADH DARSHAN URDU.jpg',	NULL,	'2018-11-06 05:07:35',	'2018-11-06 05:07:35'),
(882,	'KHEL KHEL ME YOG CLASS',	NULL,	'all_product_pics/patanjali/KHEL KHEL ME YOG CLASS.jpg',	NULL,	'2018-11-06 05:07:35',	'2018-11-06 05:07:35'),
(883,	'YOG SADHNA AVAM YOG CHIKITSA',	NULL,	'all_product_pics/patanjali/YOG SADHNA AVAM YOG CHIKITSA.png',	NULL,	'2018-11-06 05:07:35',	'2018-11-06 05:07:35'),
(884,	'YOG VIGYAN VIVIDH ROGO KE',	NULL,	'all_product_pics/patanjali/YOG VIGYAN VIVIDH ROGO KE.jpg',	NULL,	'2018-11-06 05:07:35',	'2018-11-06 05:07:35'),
(885,	'ALOEVERA MOISTURIZING CREAM',	NULL,	'all_product_pics/patanjali/ALOEVERA MOISTURIZING CREAM.jpg',	NULL,	'2018-11-06 05:07:35',	'2018-11-06 05:07:35'),
(886,	'CHANA DAL PAPAD',	NULL,	'all_product_pics/patanjali/CHANA DAL PAPAD.jpg',	NULL,	'2018-11-06 05:07:35',	'2018-11-06 05:07:35'),
(887,	'PATANJALI SHAMPOO & CONDITIONER COMBO',	NULL,	'all_product_pics/patanjali/PATANJALI SHAMPOO & CONDITIONER COMBO.png',	NULL,	'2018-11-06 05:07:35',	'2018-11-06 05:07:35'),
(888,	'PATANJALI SHAMPOO & CONDITIONER COMBO',	NULL,	'all_product_pics/patanjali/PATANJALI SHAMPOO & CONDITIONER COMBO.png',	NULL,	'2018-11-06 05:07:35',	'2018-11-06 05:07:35'),
(889,	'PATANJALI SHAMPOO & CONDITIONER COMBO',	NULL,	'all_product_pics/patanjali/PATANJALI SHAMPOO & CONDITIONER COMBO.png',	NULL,	'2018-11-06 05:07:35',	'2018-11-06 05:07:35'),
(890,	'PATANJALI SHAMPOO & CONDITIONER COMBO',	NULL,	'all_product_pics/patanjali/PATANJALI SHAMPOO & CONDITIONER COMBO.png',	NULL,	'2018-11-06 05:07:35',	'2018-11-06 05:07:35'),
(891,	'CONSTIPATION',	NULL,	'all_product_pics/patanjali/CONSTIPATION.jpg',	NULL,	'2018-11-06 05:07:35',	'2018-11-06 05:07:35'),
(892,	'RAJAT BHASMA',	NULL,	'all_product_pics/patanjali/RAJAT BHASMA.jpg',	NULL,	'2018-11-06 05:07:35',	'2018-11-06 05:07:35'),
(893,	'DIVYA UDARKALP CHURNA',	NULL,	'all_product_pics/patanjali/DIVYA UDARKALP CHURNA.png',	NULL,	'2018-11-06 05:07:35',	'2018-11-06 05:07:35'),
(894,	'GASTRIC TROUBLE AND FLATULENCE',	NULL,	'all_product_pics/patanjali/GASTRIC TROUBLE AND FLATULENCE.png',	NULL,	'2018-11-06 05:07:35',	'2018-11-06 05:07:35'),
(895,	'YOG VIGYAN YUVAON KE LIYE',	NULL,	'all_product_pics/patanjali/YOG VIGYAN YUVAON KE LIYE.jpg',	NULL,	'2018-11-06 05:07:35',	'2018-11-06 05:07:35'),
(896,	'MULTANI MITTI BODY CLEANSER',	NULL,	'all_product_pics/patanjali/MULTANI MITTI BODY CLEANSER.jpg',	NULL,	'2018-11-06 05:07:35',	'2018-11-06 05:07:35'),
(897,	'AAAO SIKHE YOG CLASS 3',	NULL,	'all_product_pics/patanjali/AAAO SIKHE YOG CLASS 3.jpg',	NULL,	'2018-11-06 05:07:35',	'2018-11-06 05:07:35'),
(898,	'JIWANI ASTWARDHAK HINDI',	NULL,	'all_product_pics/patanjali/JIWANI ASTWARDHAK HINDI.jpg',	NULL,	'2018-11-06 05:07:35',	'2018-11-06 05:07:35'),
(899,	'DHYAN YOG AND SAKRIYA DHYAN',	NULL,	'all_product_pics/patanjali/DHYAN YOG AND SAKRIYA DHYAN.jpg',	NULL,	'2018-11-06 05:07:35',	'2018-11-06 05:07:35'),
(900,	'YOG VIGYAN DHYAN YOG AND',	NULL,	'all_product_pics/patanjali/YOG VIGYAN DHYAN YOG AND.jpg',	NULL,	'2018-11-06 05:07:35',	'2018-11-06 05:07:35'),
(901,	'YOG FOR VERTEBRAL COLUMN HINDIENGLISH',	NULL,	'all_product_pics/patanjali/YOG FOR VERTEBRAL COLUMN HINDIENGLISH.jpg',	NULL,	'2018-11-06 05:07:35',	'2018-11-06 05:07:35'),
(902,	'PACHAK SHODHIT HARAD',	NULL,	'all_product_pics/patanjali/PACHAK SHODHIT HARAD.jpg',	NULL,	'2018-11-06 05:07:35',	'2018-11-06 05:07:35'),
(903,	'SHISHU CARE BABY DIAPER (LARGE-4)',	NULL,	'all_product_pics/patanjali/SHISHU CARE BABY DIAPER (LARGE-4).png',	NULL,	'2018-11-06 05:07:35',	'2018-11-06 05:07:35'),
(904,	'PATANJALI SOYAVITA- COMBO ( SOYA',	NULL,	'all_product_pics/patanjali/PATANJALI SOYAVITA- COMBO ( SOYA.png',	NULL,	'2018-11-06 05:07:35',	'2018-11-06 05:07:35'),
(905,	'YOG FOR PREGNANT WOMEN HINDIENGLISH',	NULL,	'all_product_pics/patanjali/YOG FOR PREGNANT WOMEN HINDIENGLISH.jpg',	NULL,	'2018-11-06 05:07:35',	'2018-11-06 05:07:35'),
(906,	'DANT KANTI JUNIOR',	NULL,	'all_product_pics/patanjali/DANT KANTI JUNIOR.jpg',	NULL,	'2018-11-06 05:07:35',	'2018-11-06 05:07:35'),
(907,	'PATANJALI SOYAVITA- COMBO ( SOYA',	NULL,	'all_product_pics/patanjali/PATANJALI SOYAVITA- COMBO ( SOYA.png',	NULL,	'2018-11-06 05:07:35',	'2018-11-06 05:07:35'),
(908,	'PATANJALI SOYAVITA- COMBO ( ITALIAN',	NULL,	'all_product_pics/patanjali/PATANJALI SOYAVITA- COMBO ( ITALIAN.png',	NULL,	'2018-11-06 05:07:35',	'2018-11-06 05:07:35'),
(909,	'PATANJALI GINGER PICKLE',	NULL,	'all_product_pics/patanjali/PATANJALI GINGER PICKLE.jpg',	NULL,	'2018-11-06 05:07:35',	'2018-11-06 05:07:35'),
(910,	'ORAL CARE COMBO(DANT KANTI JUNIOR',	NULL,	'all_product_pics/patanjali/ORAL CARE COMBO(DANT KANTI JUNIOR.png',	NULL,	'2018-11-06 05:07:35',	'2018-11-06 05:07:35'),
(911,	'PRANAYAM RAHASYA-URDU',	NULL,	'all_product_pics/patanjali/PRANAYAM RAHASYA-URDU.jpg',	NULL,	'2018-11-06 05:07:35',	'2018-11-06 05:07:35'),
(912,	'YOG VIGYAN CANCER KE LIYE',	NULL,	'all_product_pics/patanjali/YOG VIGYAN CANCER KE LIYE.jpg',	NULL,	'2018-11-06 05:07:35',	'2018-11-06 05:07:35'),
(913,	'YOG VIGYAN HIGH BLOOD PRESSURE',	NULL,	'all_product_pics/patanjali/YOG VIGYAN HIGH BLOOD PRESSURE.jpg',	NULL,	'2018-11-06 05:07:35',	'2018-11-06 05:07:35'),
(914,	'YOG VIGYAN MOTAPE KE LIYE',	NULL,	'all_product_pics/patanjali/YOG VIGYAN MOTAPE KE LIYE.png',	NULL,	'2018-11-06 05:07:35',	'2018-11-06 05:07:35'),
(915,	'YOG FOR MIGRAINE AND EPILEPSY',	NULL,	'all_product_pics/patanjali/YOG FOR MIGRAINE AND EPILEPSY.jpg',	NULL,	'2018-11-06 05:07:35',	'2018-11-06 05:07:35'),
(916,	'YOG SCIENCE SAPTAHIK YOGACHARHA ENGLISH',	NULL,	'all_product_pics/patanjali/YOG SCIENCE SAPTAHIK YOGACHARHA ENGLISH.jpg',	NULL,	'2018-11-06 05:07:35',	'2018-11-06 05:07:35'),
(917,	'LEMON PICKLE',	NULL,	'all_product_pics/patanjali/LEMON PICKLE.jpg',	NULL,	'2018-11-06 05:07:35',	'2018-11-06 05:07:35'),
(918,	'SHATAVAR CHURNA',	NULL,	'all_product_pics/patanjali/SHATAVAR CHURNA.jpg',	NULL,	'2018-11-06 05:07:35',	'2018-11-06 05:07:35'),
(919,	'SOYAVITA SOYA CHEESE CHIPS 100',	NULL,	'all_product_pics/patanjali/SOYAVITA SOYA CHEESE CHIPS 100.png',	NULL,	'2018-11-06 05:07:35',	'2018-11-06 05:07:35'),
(920,	'PATANJALI - COMBO (KHANE KE',	NULL,	'all_product_pics/patanjali/PATANJALI - COMBO (KHANE KE.png',	NULL,	'2018-11-06 05:07:35',	'2018-11-06 05:07:35'),
(921,	'PATANJALI KATHAL PICKLE',	NULL,	'all_product_pics/patanjali/PATANJALI KATHAL PICKLE.jpg',	NULL,	'2018-11-06 05:07:35',	'2018-11-06 05:07:35'),
(922,	'DIVYA SWASARI KWATH',	NULL,	'all_product_pics/patanjali/DIVYA SWASARI KWATH.jpg',	NULL,	'2018-11-06 05:07:35',	'2018-11-06 05:07:35'),
(923,	'MENTAL RETARDATION AND MONGOLOID CHILDREN',	NULL,	'all_product_pics/patanjali/MENTAL RETARDATION AND MONGOLOID CHILDREN.jpg',	NULL,	'2018-11-06 05:07:35',	'2018-11-06 05:07:35'),
(924,	'ULCERATIVE COLITIS',	NULL,	'all_product_pics/patanjali/ULCERATIVE COLITIS.jpg',	NULL,	'2018-11-06 05:07:35',	'2018-11-06 05:07:35'),
(925,	'BHAKTI GEETANJALI HINDI',	NULL,	'all_product_pics/patanjali/BHAKTI GEETANJALI HINDI.png',	NULL,	'2018-11-06 05:07:35',	'2018-11-06 05:07:35'),
(926,	'VEDIC VEER GARJNA HINDI',	NULL,	'all_product_pics/patanjali/VEDIC VEER GARJNA HINDI.jpg',	NULL,	'2018-11-06 05:07:35',	'2018-11-06 05:07:35'),
(927,	'AmlA CHATPATA',	NULL,	'all_product_pics/patanjali/AmlA CHATPATA.png',	NULL,	'2018-11-06 05:07:35',	'2018-11-06 05:07:35'),
(928,	'PATANJALI GARLIC PICKLE',	NULL,	'all_product_pics/patanjali/PATANJALI GARLIC PICKLE.jpg',	NULL,	'2018-11-06 05:07:35',	'2018-11-06 05:07:35'),
(929,	'PATANJALI PICKLE COMBO (Amla +',	NULL,	'all_product_pics/patanjali/PATANJALI PICKLE COMBO (Amla +.png',	NULL,	'2018-11-06 05:07:35',	'2018-11-06 05:07:35'),
(930,	'PRAYERS OF YAJNA ENGLISH',	NULL,	'all_product_pics/patanjali/PRAYERS OF YAJNA ENGLISH.jpg',	NULL,	'2018-11-06 05:07:35',	'2018-11-06 05:07:35'),
(931,	'RUCHI VADHU GAL RATANMALA HINDI',	NULL,	'all_product_pics/patanjali/RUCHI VADHU GAL RATANMALA HINDI.png',	NULL,	'2018-11-06 05:07:35',	'2018-11-06 05:07:35'),
(932,	'SANT DARSHAN ENGLISH',	NULL,	'all_product_pics/patanjali/SANT DARSHAN ENGLISH.jpg',	NULL,	'2018-11-06 05:07:35',	'2018-11-06 05:07:35'),
(933,	'YOG VIGYAN TAMIL VCD',	NULL,	'all_product_pics/patanjali/YOG VIGYAN TAMIL VCD.jpg',	NULL,	'2018-11-06 05:07:35',	'2018-11-06 05:07:35'),
(934,	'COCONUT HAIR OIL',	NULL,	'all_product_pics/patanjali/COCONUT HAIR OIL.jpg',	NULL,	'2018-11-06 05:07:35',	'2018-11-06 05:07:35'),
(935,	'PATANJALI GREEN FLUSH TOILET CLNR(HCL',	NULL,	'all_product_pics/patanjali/PATANJALI GREEN FLUSH TOILET CLNR(HCL.png',	NULL,	'2018-11-06 05:07:35',	'2018-11-06 05:07:35'),
(936,	'BHAKTI GEETANJALI VOL 1 HINDI',	NULL,	'all_product_pics/patanjali/BHAKTI GEETANJALI VOL 1 HINDI.png',	NULL,	'2018-11-06 05:07:35',	'2018-11-06 05:07:35'),
(937,	'YOG VIGYAN ASSAMI VCD',	NULL,	'all_product_pics/patanjali/YOG VIGYAN ASSAMI VCD.jpg',	NULL,	'2018-11-06 05:07:35',	'2018-11-06 05:07:35'),
(938,	'BEAUTY CREAM',	NULL,	'all_product_pics/patanjali/BEAUTY CREAM.jpeg',	NULL,	'2018-11-06 05:07:35',	'2018-11-06 05:07:35'),
(939,	'DANT KANTI ADVANCED',	NULL,	'all_product_pics/patanjali/DANT KANTI ADVANCED.png',	NULL,	'2018-11-06 05:07:35',	'2018-11-06 05:07:35'),
(940,	'ROASTED DIET-FLAXSEED BLACK SALT 150',	NULL,	'all_product_pics/patanjali/ROASTED DIET-FLAXSEED BLACK SALT 150.png',	NULL,	'2018-11-06 05:07:35',	'2018-11-06 05:07:35'),
(941,	'SUPERIOR QUALITY DETERGENT CAKE(150gm)',	NULL,	'all_product_pics/patanjali/SUPERIOR QUALITY DETERGENT CAKE(150gm).png',	NULL,	'2018-11-06 05:07:35',	'2018-11-06 05:07:35'),
(942,	'PRANAYAM RAHASYA TAMIL',	NULL,	'all_product_pics/patanjali/PRANAYAM RAHASYA TAMIL.jpg',	NULL,	'2018-11-06 05:07:35',	'2018-11-06 05:07:35'),
(943,	'YOG SADHNA AVAM YOG CHIKITSA',	NULL,	'all_product_pics/patanjali/YOG SADHNA AVAM YOG CHIKITSA.png',	NULL,	'2018-11-06 05:07:35',	'2018-11-06 05:07:35'),
(944,	'YOG VIGYAN PARKINSON AND PARALYSIS',	NULL,	'all_product_pics/patanjali/YOG VIGYAN PARKINSON AND PARALYSIS.jpg',	NULL,	'2018-11-06 05:07:35',	'2018-11-06 05:07:35'),
(945,	'YOG VIGYAN YOG NINDRA HINDI',	NULL,	'all_product_pics/patanjali/YOG VIGYAN YOG NINDRA HINDI.jpg',	NULL,	'2018-11-06 05:07:35',	'2018-11-06 05:07:35'),
(946,	'YOG FOR CHILDLESS COUPLE HINDIENGLISH',	NULL,	'all_product_pics/patanjali/YOG FOR CHILDLESS COUPLE HINDIENGLISH.jpg',	NULL,	'2018-11-06 05:07:35',	'2018-11-06 05:07:35'),
(947,	'DETERGENT POWDER PREMIUM',	NULL,	'all_product_pics/patanjali/DETERGENT POWDER PREMIUM.jpg',	NULL,	'2018-11-06 05:07:35',	'2018-11-06 05:07:35'),
(948,	'RED CHILLI POWDER',	NULL,	'all_product_pics/patanjali/RED CHILLI POWDER.jpg',	NULL,	'2018-11-06 05:07:35',	'2018-11-06 05:07:35'),
(949,	'PATANJALI SOANPAPDI COMBO ( PURE )',	NULL,	'all_product_pics/patanjali/PATANJALI SOANPAPDI COMBO ( PURE.png',	NULL,	'2018-11-06 05:07:35',	'2018-11-06 05:07:35'),
(950,	'PATANJALI LISHODA PICKLE',	NULL,	'all_product_pics/patanjali/PATANJALI LISHODA PICKLE.png',	NULL,	'2018-11-06 05:07:35',	'2018-11-06 05:07:35'),
(951,	'ASTHAVARGA RAHASYA HINDI',	NULL,	'all_product_pics/patanjali/ASTHAVARGA RAHASYA HINDI.jpg',	NULL,	'2018-11-06 05:07:35',	'2018-11-06 05:07:35'),
(952,	'AUSHADH DARSHAN TAMIL',	NULL,	'all_product_pics/patanjali/AUSHADH DARSHAN TAMIL.jpg',	NULL,	'2018-11-06 05:07:35',	'2018-11-06 05:07:35'),
(953,	'LEMON HONEY KANTI BODY CLEANSER',	NULL,	'all_product_pics/patanjali/LEMON HONEY KANTI BODY CLEANSER.jpg',	NULL,	'2018-11-06 05:07:35',	'2018-11-06 05:07:35'),
(954,	'DETERGENT POWDER SUPERIOR',	NULL,	'all_product_pics/patanjali/DETERGENT POWDER SUPERIOR.jpg',	NULL,	'2018-11-06 05:07:35',	'2018-11-06 05:07:35'),
(955,	'UNPOLISHED CHANA DAL',	NULL,	'all_product_pics/patanjali/UNPOLISHED CHANA DAL.png',	NULL,	'2018-11-06 05:07:35',	'2018-11-06 05:07:35'),
(956,	'ISABGOL BHUSI',	NULL,	'all_product_pics/patanjali/ISABGOL BHUSI.jpg',	NULL,	'2018-11-06 05:07:35',	'2018-11-06 05:07:35'),
(957,	'COCONUT HAIR OIL (J)',	NULL,	'all_product_pics/patanjali/COCONUT HAIR OIL (J).png',	NULL,	'2018-11-06 05:07:35',	'2018-11-06 05:07:35'),
(958,	'PATANJALI DISH WASH BAR TUB',	NULL,	'all_product_pics/patanjali/PATANJALI DISH WASH BAR TUB.png',	NULL,	'2018-11-06 05:07:35',	'2018-11-06 05:07:35'),
(959,	'GLUCOSHAKTI REGULAR (500+50) ',	NULL,	'all_product_pics/patanjali/GLUCOSHAKTI REGULAR (500+50) gm.png',	NULL,	'2018-11-06 05:07:35',	'2018-11-06 05:07:35'),
(960,	'AASTHA HONEY',	NULL,	'all_product_pics/patanjali/AASTHA HONEY.png',	NULL,	'2018-11-06 05:07:35',	'2018-11-06 05:07:35'),
(961,	'KEHARWA PISHTI',	NULL,	'all_product_pics/patanjali/KEHARWA PISHTI.png',	NULL,	'2018-11-06 05:07:35',	'2018-11-06 05:07:35'),
(962,	'AAAO SIKHE YOG CLASS 3',	NULL,	'all_product_pics/patanjali/AAAO SIKHE YOG CLASS 3.jpg',	NULL,	'2018-11-06 05:07:35',	'2018-11-06 05:07:35'),
(963,	'AAAO SIKHE YOG CLASS 5',	NULL,	'all_product_pics/patanjali/AAAO SIKHE YOG CLASS 5.jpg',	NULL,	'2018-11-06 05:07:35',	'2018-11-06 05:07:35'),
(964,	'YOG VIGYAN PUNJABI VCD',	NULL,	'all_product_pics/patanjali/YOG VIGYAN PUNJABI VCD.jpg',	NULL,	'2018-11-06 05:07:35',	'2018-11-06 05:07:35'),
(965,	'YOG VIGYAN SAPTHAIK YOGACHARCHA HINDI',	NULL,	'all_product_pics/patanjali/YOG VIGYAN SAPTHAIK YOGACHARCHA HINDI.jpg',	NULL,	'2018-11-06 05:07:35',	'2018-11-06 05:07:35'),
(966,	'YOG VIGYAN UDAR ROGO YOG',	NULL,	'all_product_pics/patanjali/YOG VIGYAN UDAR ROGO YOG.jpg',	NULL,	'2018-11-06 05:07:35',	'2018-11-06 05:07:35'),
(967,	'SPECIAL CHYAWANPRASH',	NULL,	'all_product_pics/patanjali/SPECIAL CHYAWANPRASH.jpg',	NULL,	'2018-11-06 05:07:35',	'2018-11-06 05:07:35'),
(968,	'USIRASAV',	NULL,	'all_product_pics/patanjali/USIRASAV.png',	NULL,	'2018-11-06 05:07:35',	'2018-11-06 05:07:35'),
(969,	'AAAO SIKHE YOG CLASS 4',	NULL,	'all_product_pics/patanjali/AAAO SIKHE YOG CLASS 4.jpg',	NULL,	'2018-11-06 05:07:35',	'2018-11-06 05:07:35'),
(970,	'AYURVED SIDDHANTA RAHASYA ENGLISH BOOK',	NULL,	'all_product_pics/patanjali/AYURVED SIDDHANTA RAHASYA ENGLISH BOOK.jpg',	NULL,	'2018-11-06 05:07:35',	'2018-11-06 05:07:35'),
(971,	'SANT DARSHAN HINDI',	NULL,	'all_product_pics/patanjali/SANT DARSHAN HINDI.jpg',	NULL,	'2018-11-06 05:07:35',	'2018-11-06 05:07:35'),
(972,	'YOG VIGYAN KIDNEY KE LIYE',	NULL,	'all_product_pics/patanjali/YOG VIGYAN KIDNEY KE LIYE.jpg',	NULL,	'2018-11-06 05:07:35',	'2018-11-06 05:07:35'),
(973,	'UNPOLISHED MIX PULSES',	NULL,	'all_product_pics/patanjali/UNPOLISHED MIX PULSES.jpg',	NULL,	'2018-11-06 05:07:35',	'2018-11-06 05:07:35'),
(974,	'KALI MIRCH PAPAD',	NULL,	'all_product_pics/patanjali/KALI MIRCH PAPAD.png',	NULL,	'2018-11-06 05:07:35',	'2018-11-06 05:07:35'),
(975,	'AJOWAN',	NULL,	'all_product_pics/patanjali/AJOWAN.jpg',	NULL,	'2018-11-06 05:07:35',	'2018-11-06 05:07:35'),
(976,	'VICHAR KRANTI (HINDI)',	NULL,	'all_product_pics/patanjali/VICHAR KRANTI (HINDI).jpg',	NULL,	'2018-11-06 05:07:35',	'2018-11-06 05:07:35'),
(977,	'AUSHAD DARSHAN MALAYALAM',	NULL,	'all_product_pics/patanjali/AUSHAD DARSHAN MALAYALAM.jpg',	NULL,	'2018-11-06 05:07:35',	'2018-11-06 05:07:35'),
(978,	'PATANJALI PAPAD COMBO ( Kali',	NULL,	'all_product_pics/patanjali/PATANJALI PAPAD COMBO ( Kali.jpg',	NULL,	'2018-11-06 05:07:35',	'2018-11-06 05:07:35'),
(979,	'JIVAN DARSHAN GUJARATI',	NULL,	'all_product_pics/patanjali/JIVAN DARSHAN GUJARATI.jpg',	NULL,	'2018-11-06 05:07:35',	'2018-11-06 05:07:35'),
(980,	'PRANAYAM RAHASYA GUJARATI',	NULL,	'all_product_pics/patanjali/PRANAYAM RAHASYA GUJARATI.jpg',	NULL,	'2018-11-06 05:07:35',	'2018-11-06 05:07:35'),
(981,	'JADI BUTI KA KHAZANA-REVANDCHINI-HINDI-VCD',	NULL,	'all_product_pics/patanjali/JADI BUTI KA KHAZANA-REVANDCHINI-HINDI-VCD.jpg',	NULL,	'2018-11-06 05:07:35',	'2018-11-06 05:07:35'),
(982,	'OATS',	NULL,	'all_product_pics/patanjali/OATS.png',	NULL,	'2018-11-06 05:07:35',	'2018-11-06 05:07:35'),
(983,	'SAUNDARYA BODY LOTION',	NULL,	'all_product_pics/patanjali/SAUNDARYA BODY LOTION.jpg',	NULL,	'2018-11-06 05:07:35',	'2018-11-06 05:07:35'),
(984,	'INSTANT WHEAT DALIA',	NULL,	'all_product_pics/patanjali/INSTANT WHEAT DALIA.png',	NULL,	'2018-11-06 05:07:35',	'2018-11-06 05:07:35'),
(985,	'AAAO SIKHE YOG CLASS 5',	NULL,	'all_product_pics/patanjali/AAAO SIKHE YOG CLASS 5.jpg',	NULL,	'2018-11-06 05:07:35',	'2018-11-06 05:07:35'),
(986,	'TULSI PANCHANG JUICE (L)',	NULL,	'all_product_pics/patanjali/TULSI PANCHANG JUICE (L).jpg',	NULL,	'2018-11-06 05:07:35',	'2018-11-06 05:07:35'),
(987,	'PACHAK METHI NIMBU',	NULL,	'all_product_pics/patanjali/PACHAK METHI NIMBU.png',	NULL,	'2018-11-06 05:07:35',	'2018-11-06 05:07:35'),
(988,	'VIDANGASAV',	NULL,	'all_product_pics/patanjali/VIDANGASAV.jpg',	NULL,	'2018-11-06 05:07:35',	'2018-11-06 05:07:35'),
(989,	'KHEL KHEL ME YOG CLASS',	NULL,	'all_product_pics/patanjali/KHEL KHEL ME YOG CLASS.jpg',	NULL,	'2018-11-06 05:07:35',	'2018-11-06 05:07:35'),
(990,	'KHEL KHEL ME YOG CLASS',	NULL,	'all_product_pics/patanjali/KHEL KHEL ME YOG CLASS.jpg',	NULL,	'2018-11-06 05:07:35',	'2018-11-06 05:07:35'),
(991,	'YOG AUR BACHPAN BOOK',	NULL,	'all_product_pics/patanjali/YOG AUR BACHPAN BOOK.jpg',	NULL,	'2018-11-06 05:07:35',	'2018-11-06 05:07:35'),
(992,	'YOG VIGYAN RASHTRA DHARAM PATRIOTISM',	NULL,	'all_product_pics/patanjali/YOG VIGYAN RASHTRA DHARAM PATRIOTISM.jpg',	NULL,	'2018-11-06 05:07:35',	'2018-11-06 05:07:35'),
(993,	'YOG PRACTICES AND LIFE STYLE',	NULL,	'all_product_pics/patanjali/YOG PRACTICES AND LIFE STYLE.jpg',	NULL,	'2018-11-06 05:07:35',	'2018-11-06 05:07:35'),
(994,	'SOYAVITA SOYA STICK 100 ',	NULL,	'all_product_pics/patanjali/SOYAVITA SOYA STICK 100 gm.png',	NULL,	'2018-11-06 05:07:35',	'2018-11-06 05:07:35'),
(995,	'PATANJALI - COMBO (PACK OF',	NULL,	'all_product_pics/patanjali/PATANJALI - COMBO (PACK OF.png',	NULL,	'2018-11-06 05:07:35',	'2018-11-06 05:07:35'),
(996,	'PATANJALI SOYAVITA- COMBO ( ITALIAN',	NULL,	'all_product_pics/patanjali/PATANJALI SOYAVITA- COMBO ( ITALIAN.png',	NULL,	'2018-11-06 05:07:35',	'2018-11-06 05:07:35'),
(997,	'PATANJALI SOYAVITA- COMBO ( SOYA',	NULL,	'all_product_pics/patanjali/PATANJALI SOYAVITA- COMBO ( SOYA.png',	NULL,	'2018-11-06 05:07:35',	'2018-11-06 05:07:35'),
(998,	'PATANJALI SOYAVITA- COMBO ( SOYA',	NULL,	'all_product_pics/patanjali/PATANJALI SOYAVITA- COMBO ( SOYA.png',	NULL,	'2018-11-06 05:07:35',	'2018-11-06 05:07:35'),
(999,	'AAAO SIKHE YOG CLASS 4',	NULL,	'all_product_pics/patanjali/AAAO SIKHE YOG CLASS 4.jpg',	NULL,	'2018-11-06 05:07:35',	'2018-11-06 05:07:35'),
(1000,	'JIVAN DARSHAN ORIYA',	NULL,	'all_product_pics/patanjali/JIVAN DARSHAN ORIYA.png',	NULL,	'2018-11-06 05:07:35',	'2018-11-06 05:07:35'),
(1001,	'YOGA NIDRA HINDI  ENGLISH',	NULL,	'all_product_pics/patanjali/YOGA NIDRA HINDI  ENGLISH.png',	NULL,	'2018-11-06 05:07:35',	'2018-11-06 05:07:35'),
(1002,	'YOG VIGYAN DIABETES TAMIL VCD',	NULL,	'all_product_pics/patanjali/YOG VIGYAN DIABETES TAMIL VCD.jpg',	NULL,	'2018-11-06 05:07:35',	'2018-11-06 05:07:35'),
(1003,	'YOG VIGYAN PARKINSON AND PARALYSIS',	NULL,	'all_product_pics/patanjali/YOG VIGYAN PARKINSON AND PARALYSIS.jpg',	NULL,	'2018-11-06 05:07:35',	'2018-11-06 05:07:35'),
(1004,	'SAUNDARYA CREAM BODY CLEANSER',	NULL,	'all_product_pics/patanjali/SAUNDARYA CREAM BODY CLEANSER.jpg',	NULL,	'2018-11-06 05:07:35',	'2018-11-06 05:07:35'),
(1005,	'PATANJALI DOODH BISCUITS',	NULL,	'all_product_pics/patanjali/PATANJALI DOODH BISCUITS.jpg',	NULL,	'2018-11-06 05:07:35',	'2018-11-06 05:07:35'),
(1006,	'UNPOLISHED CHANA',	NULL,	'all_product_pics/patanjali/UNPOLISHED CHANA.jpg',	NULL,	'2018-11-06 05:07:35',	'2018-11-06 05:07:35'),
(1007,	'AAO SIKHE YOG CLASS-3 BANGALI',	NULL,	'all_product_pics/patanjali/AAO SIKHE YOG CLASS-3 BANGALI.png',	NULL,	'2018-11-06 05:07:35',	'2018-11-06 05:07:35'),
(1008,	'ATTA NOODLES VEGGIE',	NULL,	'all_product_pics/patanjali/ATTA NOODLES VEGGIE.jpg',	NULL,	'2018-11-06 05:07:35',	'2018-11-06 05:07:35'),
(1009,	'ADVANCED DANT KANTI MANJAN',	NULL,	'all_product_pics/patanjali/ADVANCED DANT KANTI MANJAN.jpg',	NULL,	'2018-11-06 05:07:35',	'2018-11-06 05:07:35'),
(1010,	'AUSHADH DARSHAN NEPALI',	NULL,	'all_product_pics/patanjali/AUSHADH DARSHAN NEPALI.jpg',	NULL,	'2018-11-06 05:07:35',	'2018-11-06 05:07:35'),
(1011,	'AYURVED MAHODADHI BOOK HINDI',	NULL,	'all_product_pics/patanjali/AYURVED MAHODADHI BOOK HINDI.png',	NULL,	'2018-11-06 05:07:35',	'2018-11-06 05:07:35'),
(1012,	'PRANAYAM RAHASYA MALYALAM',	NULL,	'all_product_pics/patanjali/PRANAYAM RAHASYA MALYALAM.jpg',	NULL,	'2018-11-06 05:07:35',	'2018-11-06 05:07:35'),
(1013,	'BHAKTI GEETANJALI VOL 3 HINDI',	NULL,	'all_product_pics/patanjali/BHAKTI GEETANJALI VOL 3 HINDI.png',	NULL,	'2018-11-06 05:07:35',	'2018-11-06 05:07:35'),
(1014,	'YOG VIGYAN ATAMBODH SELF REALISATION',	NULL,	'all_product_pics/patanjali/YOG VIGYAN ATAMBODH SELF REALISATION.png',	NULL,	'2018-11-06 05:07:35',	'2018-11-06 05:07:35'),
(1015,	'YOG VIGYAN FOR CHILDREN ENGLISH',	NULL,	'all_product_pics/patanjali/YOG VIGYAN FOR CHILDREN ENGLISH.png',	NULL,	'2018-11-06 05:07:35',	'2018-11-06 05:07:35'),
(1016,	'MOOSLI PAK',	NULL,	'all_product_pics/patanjali/MOOSLI PAK.png',	NULL,	'2018-11-06 05:07:35',	'2018-11-06 05:07:35'),
(1017,	'DANT KANTI DENTAL CREAM (ADV)',	NULL,	'all_product_pics/patanjali/DANT KANTI DENTAL CREAM (ADV).jpg',	NULL,	'2018-11-06 05:07:35',	'2018-11-06 05:07:35'),
(1018,	'AAAO SIKHE YOG CLASS 3',	NULL,	'all_product_pics/patanjali/AAAO SIKHE YOG CLASS 3.jpg',	NULL,	'2018-11-06 05:07:35',	'2018-11-06 05:07:35'),
(1019,	'JIVAN DARSHAN BENGALI',	NULL,	'all_product_pics/patanjali/JIVAN DARSHAN BENGALI.png',	NULL,	'2018-11-06 05:07:35',	'2018-11-06 05:07:35'),
(1020,	'YOG SADHNA AVAM YOG CHIKITSA',	NULL,	'all_product_pics/patanjali/YOG SADHNA AVAM YOG CHIKITSA.png',	NULL,	'2018-11-06 05:07:35',	'2018-11-06 05:07:35'),
(1021,	'YOG MISCONCEPTION RISKS AND PRECAUTION',	NULL,	'all_product_pics/patanjali/YOG MISCONCEPTION RISKS AND PRECAUTION.jpg',	NULL,	'2018-11-06 05:07:35',	'2018-11-06 05:07:35'),
(1022,	'AUSHAD DARSHAN ORIYA',	NULL,	'all_product_pics/patanjali/AUSHAD DARSHAN ORIYA.jpg',	NULL,	'2018-11-06 05:07:35',	'2018-11-06 05:07:35'),
(1023,	'ARVINDASAV',	NULL,	'all_product_pics/patanjali/ARVINDASAV.jpg',	NULL,	'2018-11-06 05:07:35',	'2018-11-06 05:07:35'),
(1024,	'AAAO SIKHE YOG CLASS 5',	NULL,	'all_product_pics/patanjali/AAAO SIKHE YOG CLASS 5.jpg',	NULL,	'2018-11-06 05:07:35',	'2018-11-06 05:07:35'),
(1025,	'PRANAYAM RAHASYA ORIYA',	NULL,	'all_product_pics/patanjali/PRANAYAM RAHASYA ORIYA.jpg',	NULL,	'2018-11-06 05:07:35',	'2018-11-06 05:07:35'),
(1026,	'YOG FOR EYE DISEASES ENGLISH',	NULL,	'all_product_pics/patanjali/YOG FOR EYE DISEASES ENGLISH.jpg',	NULL,	'2018-11-06 05:07:35',	'2018-11-06 05:07:35'),
(1027,	'YOG VIGYAN NIH SANTAAN KE',	NULL,	'all_product_pics/patanjali/YOG VIGYAN NIH SANTAAN KE.jpg',	NULL,	'2018-11-06 05:07:35',	'2018-11-06 05:07:35'),
(1028,	'YOG FOR WOMEN HINDIENGLISH DVD',	NULL,	'all_product_pics/patanjali/YOG FOR WOMEN HINDIENGLISH DVD.jpg',	NULL,	'2018-11-06 05:07:35',	'2018-11-06 05:07:35'),
(1029,	'UNPOLISHED MALKA MASUR DAL',	NULL,	'all_product_pics/patanjali/UNPOLISHED MALKA MASUR DAL.png',	NULL,	'2018-11-06 05:07:35',	'2018-11-06 05:07:35'),
(1030,	'PATANJALI UNPOLISHED RAJMA SHARMILI',	NULL,	'all_product_pics/patanjali/PATANJALI UNPOLISHED RAJMA SHARMILI.png',	NULL,	'2018-11-06 05:07:35',	'2018-11-06 05:07:35'),
(1031,	'VITALITY STRENGTHING ASTAVARGA PLANTS ENGLISH',	NULL,	'all_product_pics/patanjali/VITALITY STRENGTHING ASTAVARGA PLANTS ENGLISH.jpg',	NULL,	'2018-11-06 05:07:35',	'2018-11-06 05:07:35'),
(1032,	'YOG VIGYAN BACHCHON KE LIYE',	NULL,	'all_product_pics/patanjali/YOG VIGYAN BACHCHON KE LIYE.jpg',	NULL,	'2018-11-06 05:07:35',	'2018-11-06 05:07:35'),
(1033,	'UTERUS FIBROID (GARBHASAYARBUDA)',	NULL,	'all_product_pics/patanjali/UTERUS FIBROID (GARBHASAYARBUDA).jpg',	NULL,	'2018-11-06 05:07:35',	'2018-11-06 05:07:35'),
(1034,	'AAAO SIKHE YOG CLASS 3',	NULL,	'all_product_pics/patanjali/AAAO SIKHE YOG CLASS 3.jpg',	NULL,	'2018-11-06 05:07:35',	'2018-11-06 05:07:35'),
(1035,	'GROW WITH YOGA BOOK',	NULL,	'all_product_pics/patanjali/GROW WITH YOGA BOOK.jpg',	NULL,	'2018-11-06 05:07:35',	'2018-11-06 05:07:35'),
(1036,	'YOG VIGYAN CHARAM ROG KE',	NULL,	'all_product_pics/patanjali/YOG VIGYAN CHARAM ROG KE.jpg',	NULL,	'2018-11-06 05:07:35',	'2018-11-06 05:07:35'),
(1037,	'YOG FOR MUSCULOSKELETAL DISORDERS HINDIENGLISH',	NULL,	'all_product_pics/patanjali/YOG FOR MUSCULOSKELETAL DISORDERS HINDIENGLISH.jpg',	NULL,	'2018-11-06 05:07:35',	'2018-11-06 05:07:35'),
(1038,	'TULSI GHAN VATI',	NULL,	'all_product_pics/patanjali/TULSI GHAN VATI.png',	NULL,	'2018-11-06 05:07:35',	'2018-11-06 05:07:35'),
(1039,	'MERUDAND KE LIYE YOG -',	NULL,	'all_product_pics/patanjali/MERUDAND KE LIYE YOG -.jpg',	NULL,	'2018-11-06 05:07:35',	'2018-11-06 05:07:35'),
(1040,	'AAAO SIKHE YOG CLASS 4',	NULL,	'all_product_pics/patanjali/AAAO SIKHE YOG CLASS 4.jpg',	NULL,	'2018-11-06 05:07:35',	'2018-11-06 05:07:35'),
(1041,	'HARMEKHLA -(BOOK)',	NULL,	'all_product_pics/patanjali/HARMEKHLA -(BOOK).jpg',	NULL,	'2018-11-06 05:07:35',	'2018-11-06 05:07:35'),
(1042,	'JADI BUTI KA KHAZANA RUDRAVANTI',	NULL,	'all_product_pics/patanjali/JADI BUTI KA KHAZANA RUDRAVANTI.jpg',	NULL,	'2018-11-06 05:07:35',	'2018-11-06 05:07:35'),
(1043,	'YOG FOR VERTEBRAL COLUMN SPINAL',	NULL,	'all_product_pics/patanjali/YOG FOR VERTEBRAL COLUMN SPINAL.jpg',	NULL,	'2018-11-06 05:07:35',	'2018-11-06 05:07:35'),
(1044,	'YOG VIGYAN GARABHWATI MAHILA KE',	NULL,	'all_product_pics/patanjali/YOG VIGYAN GARABHWATI MAHILA KE.jpg',	NULL,	'2018-11-06 05:07:35',	'2018-11-06 05:07:35'),
(1045,	'YOG VIGYAN MERUDAND KE LIYE',	NULL,	'all_product_pics/patanjali/YOG VIGYAN MERUDAND KE LIYE.jpg',	NULL,	'2018-11-06 05:07:35',	'2018-11-06 05:07:35'),
(1046,	'MASALA OATS',	NULL,	'all_product_pics/patanjali/MASALA OATS.jpg',	NULL,	'2018-11-06 05:07:35',	'2018-11-06 05:07:35'),
(1047,	'KHEL KHEL ME YOG CLASS',	NULL,	'all_product_pics/patanjali/KHEL KHEL ME YOG CLASS.jpg',	NULL,	'2018-11-06 05:07:35',	'2018-11-06 05:07:35'),
(1048,	'BHAKTI GEETANJALI VOL 2 HINDI',	NULL,	'all_product_pics/patanjali/BHAKTI GEETANJALI VOL 2 HINDI.png',	NULL,	'2018-11-06 05:07:35',	'2018-11-06 05:07:35'),
(1049,	'YOG ABYAS AND JEEVAN SHAILI',	NULL,	'all_product_pics/patanjali/YOG ABYAS AND JEEVAN SHAILI.jpg',	NULL,	'2018-11-06 05:07:35',	'2018-11-06 05:07:35'),
(1050,	'YOG FOR CHILDREN HINDIENGLISH DVD',	NULL,	'all_product_pics/patanjali/YOG FOR CHILDREN HINDIENGLISH DVD.jpg',	NULL,	'2018-11-06 05:07:35',	'2018-11-06 05:07:35'),
(1051,	'DIVYA GULAB JAL',	NULL,	'all_product_pics/patanjali/DIVYA GULAB JAL.png',	NULL,	'2018-11-06 05:07:35',	'2018-11-06 05:07:35'),
(1052,	'SODHAL NIGHANTU BOOK',	NULL,	'all_product_pics/patanjali/SODHAL NIGHANTU BOOK.jpg',	NULL,	'2018-11-06 05:07:35',	'2018-11-06 05:07:35'),
(1053,	'BHAKTI GEETANJALI VOL 2 HINDI',	NULL,	'all_product_pics/patanjali/BHAKTI GEETANJALI VOL 2 HINDI.png',	NULL,	'2018-11-06 05:07:35',	'2018-11-06 05:07:35'),
(1054,	'RASTRA VANDANA HINDI MP3',	NULL,	'all_product_pics/patanjali/RASTRA VANDANA HINDI MP3.jpg',	NULL,	'2018-11-06 05:07:35',	'2018-11-06 05:07:35'),
(1055,	'JADI BUTI KA KHAZANA KACHNAR',	NULL,	'all_product_pics/patanjali/JADI BUTI KA KHAZANA KACHNAR.jpg',	NULL,	'2018-11-06 05:07:35',	'2018-11-06 05:07:35'),
(1056,	'YOG VIGYAN BACHCHON KE LIYE',	NULL,	'all_product_pics/patanjali/YOG VIGYAN BACHCHON KE LIYE.jpg',	NULL,	'2018-11-06 05:07:35',	'2018-11-06 05:07:35'),
(1057,	'NEEM ALOEVERA WITH CUCUMBER FACE',	NULL,	'all_product_pics/patanjali/NEEM ALOEVERA WITH CUCUMBER FACE.jpg',	NULL,	'2018-11-06 05:07:35',	'2018-11-06 05:07:35'),
(1058,	'ORAL CARE COMBO ( DANT',	NULL,	'all_product_pics/patanjali/ORAL CARE COMBO ( DANT.png',	NULL,	'2018-11-06 05:07:35',	'2018-11-06 05:07:35'),
(1059,	'ORAL CARE COMBO ( DANT',	NULL,	'all_product_pics/patanjali/ORAL CARE COMBO ( DANT.png',	NULL,	'2018-11-06 05:07:35',	'2018-11-06 05:07:35'),
(1060,	'ORAL CARE COMBO(DANT KANTI MEDICATED',	NULL,	'all_product_pics/patanjali/ORAL CARE COMBO(DANT KANTI MEDICATED.png',	NULL,	'2018-11-06 05:07:35',	'2018-11-06 05:07:35'),
(1061,	'ORAL CARE COMBO(DANT KANTI ADVANCED',	NULL,	'all_product_pics/patanjali/ORAL CARE COMBO(DANT KANTI ADVANCED.png',	NULL,	'2018-11-06 05:07:35',	'2018-11-06 05:07:35'),
(1062,	'YOG PRACTICE AND LIFE STYLE',	NULL,	'all_product_pics/patanjali/YOG PRACTICE AND LIFE STYLE.jpg',	NULL,	'2018-11-06 05:07:35',	'2018-11-06 05:07:35'),
(1063,	'YOG VIGYAN PRANAYAM AND YOG',	NULL,	'all_product_pics/patanjali/YOG VIGYAN PRANAYAM AND YOG.png',	NULL,	'2018-11-06 05:07:35',	'2018-11-06 05:07:35'),
(1064,	'PATANJALI DIABETIC CARE ATTA',	NULL,	'all_product_pics/patanjali/PATANJALI DIABETIC CARE ATTA.png',	NULL,	'2018-11-06 05:07:35',	'2018-11-06 05:07:35'),
(1065,	'ORAL CARE COMBO ( DANT',	NULL,	'all_product_pics/patanjali/ORAL CARE COMBO ( DANT.png',	NULL,	'2018-11-06 05:07:35',	'2018-11-06 05:07:35'),
(1066,	'HI KICK CANDY- KACHA AAM',	NULL,	'all_product_pics/patanjali/HI KICK CANDY- KACHA AAM.jpg',	NULL,	'2018-11-06 05:07:35',	'2018-11-06 05:07:35'),
(1067,	'KUMAR KALYAN RAS',	NULL,	'all_product_pics/patanjali/KUMAR KALYAN RAS.jpg',	NULL,	'2018-11-06 05:07:35',	'2018-11-06 05:07:35'),
(1068,	'AAAO SIKHE YOG CLASS 4',	NULL,	'all_product_pics/patanjali/AAAO SIKHE YOG CLASS 4.jpg',	NULL,	'2018-11-06 05:07:35',	'2018-11-06 05:07:35'),
(1069,	'AAAO SIKHE YOG CLASS 5',	NULL,	'all_product_pics/patanjali/AAAO SIKHE YOG CLASS 5.jpg',	NULL,	'2018-11-06 05:07:35',	'2018-11-06 05:07:35'),
(1070,	'PRANAYAM RAHASYA NEPALI',	NULL,	'all_product_pics/patanjali/PRANAYAM RAHASYA NEPALI.jpg',	NULL,	'2018-11-06 05:07:35',	'2018-11-06 05:07:35'),
(1071,	'YOG SADHNA AVAM YOG CHIKITSA',	NULL,	'all_product_pics/patanjali/YOG SADHNA AVAM YOG CHIKITSA.png',	NULL,	'2018-11-06 05:07:35',	'2018-11-06 05:07:35'),
(1072,	'YOG VIGYAN BACHCHON KE LIYE',	NULL,	'all_product_pics/patanjali/YOG VIGYAN BACHCHON KE LIYE.jpg',	NULL,	'2018-11-06 05:07:35',	'2018-11-06 05:07:35'),
(1073,	'YOG VIGYAN JEEVAN SHAILI BENGALI',	NULL,	'all_product_pics/patanjali/YOG VIGYAN JEEVAN SHAILI BENGALI.jpg',	NULL,	'2018-11-06 05:07:35',	'2018-11-06 05:07:35'),
(1074,	'YOG VIGYAN MERUDAND KE LIYE',	NULL,	'all_product_pics/patanjali/YOG VIGYAN MERUDAND KE LIYE.jpg',	NULL,	'2018-11-06 05:07:35',	'2018-11-06 05:07:35'),
(1075,	'SENSITIVE TOOTH BRUSH',	NULL,	'all_product_pics/patanjali/SENSITIVE TOOTH BRUSH.jpg',	NULL,	'2018-11-06 05:07:35',	'2018-11-06 05:07:35'),
(1076,	'PATANJALI NAVRATNA ATTA',	NULL,	'all_product_pics/patanjali/PATANJALI NAVRATNA ATTA.jpeg',	NULL,	'2018-11-06 05:07:35',	'2018-11-06 05:07:35'),
(1077,	'AAAO SIKHE YOG CLASS 4',	NULL,	'all_product_pics/patanjali/AAAO SIKHE YOG CLASS 4.jpg',	NULL,	'2018-11-06 05:07:35',	'2018-11-06 05:07:35'),
(1078,	'AHARA ROCANAH ENGLISH BOOK',	NULL,	'all_product_pics/patanjali/AHARA ROCANAH ENGLISH BOOK.jpg',	NULL,	'2018-11-06 05:07:35',	'2018-11-06 05:07:35'),
(1079,	'JIVAN DARSHAN KANNAD',	NULL,	'all_product_pics/patanjali/JIVAN DARSHAN KANNAD.jpg',	NULL,	'2018-11-06 05:07:35',	'2018-11-06 05:07:35'),
(1080,	'PRANAYAM RAHASYA KANNAD',	NULL,	'all_product_pics/patanjali/PRANAYAM RAHASYA KANNAD.jpg',	NULL,	'2018-11-06 05:07:35',	'2018-11-06 05:07:35'),
(1081,	'YOGARATNA SAMUCHCHAY BOOK',	NULL,	'all_product_pics/patanjali/YOGARATNA SAMUCHCHAY BOOK.jpg',	NULL,	'2018-11-06 05:07:35',	'2018-11-06 05:07:35'),
(1082,	'YOG VIGYAN- HINDI VCD',	NULL,	'all_product_pics/patanjali/YOG VIGYAN- HINDI VCD.jpg',	NULL,	'2018-11-06 05:07:35',	'2018-11-06 05:07:35'),
(1083,	'HOT HILL RED CHILLI SAUCE',	NULL,	'all_product_pics/patanjali/HOT HILL RED CHILLI SAUCE.png',	NULL,	'2018-11-06 05:07:35',	'2018-11-06 05:07:35'),
(1084,	'AAAO SIKHE YOG CLASS 4',	NULL,	'all_product_pics/patanjali/AAAO SIKHE YOG CLASS 4.jpg',	NULL,	'2018-11-06 05:07:35',	'2018-11-06 05:07:35'),
(1085,	'JIVAN DARSHAN MARATHI',	NULL,	'all_product_pics/patanjali/JIVAN DARSHAN MARATHI.jpg',	NULL,	'2018-11-06 05:07:35',	'2018-11-06 05:07:35'),
(1086,	'YOG SADHNA AVAM YOG CHIKITSA',	NULL,	'all_product_pics/patanjali/YOG SADHNA AVAM YOG CHIKITSA.png',	NULL,	'2018-11-06 05:07:35',	'2018-11-06 05:07:35'),
(1087,	'YOG VIGYAN ASTANG YOG EIGHT',	NULL,	'all_product_pics/patanjali/YOG VIGYAN ASTANG YOG EIGHT.jpg',	NULL,	'2018-11-06 05:07:35',	'2018-11-06 05:07:35'),
(1088,	'YOG FOR ASTHAMA HINDIENGLISH DVD',	NULL,	'all_product_pics/patanjali/YOG FOR ASTHAMA HINDIENGLISH DVD.jpg',	NULL,	'2018-11-06 05:07:35',	'2018-11-06 05:07:35'),
(1089,	'BAHEDA CHURNA',	NULL,	'all_product_pics/patanjali/BAHEDA CHURNA.png',	NULL,	'2018-11-06 05:07:35',	'2018-11-06 05:07:35'),
(1090,	'CHRONIC RENAL FAILURE',	NULL,	'all_product_pics/patanjali/CHRONIC RENAL FAILURE.jpg',	NULL,	'2018-11-06 05:07:35',	'2018-11-06 05:07:35'),
(1091,	'VASANT KUSMAKAR RAS',	NULL,	'all_product_pics/patanjali/VASANT KUSMAKAR RAS.jpg',	NULL,	'2018-11-06 05:07:35',	'2018-11-06 05:07:35'),
(1092,	'MENORRHAGIA (HEAVY MENSTRUATION) & AMENORRHOEA',	NULL,	'all_product_pics/patanjali/MENORRHAGIA (HEAVY MENSTRUATION) & AMENORRHOEA.png',	NULL,	'2018-11-06 05:07:35',	'2018-11-06 05:07:35'),
(1093,	'MUSCULAR DISTROPHY AND HANDICAPPED CHILDREN',	NULL,	'all_product_pics/patanjali/MUSCULAR DISTROPHY AND HANDICAPPED CHILDREN.jpg',	NULL,	'2018-11-06 05:07:35',	'2018-11-06 05:07:35'),
(1094,	'AAAO SIKHE YOG CLASS 3',	NULL,	'all_product_pics/patanjali/AAAO SIKHE YOG CLASS 3.jpg',	NULL,	'2018-11-06 05:07:35',	'2018-11-06 05:07:35'),
(1095,	'RAJ NIGHANTU BOOK',	NULL,	'all_product_pics/patanjali/RAJ NIGHANTU BOOK.jpg',	NULL,	'2018-11-06 05:07:35',	'2018-11-06 05:07:35'),
(1096,	'YOG IN SYNERGY WITH MEDICAL',	NULL,	'all_product_pics/patanjali/YOG IN SYNERGY WITH MEDICAL.jpg',	NULL,	'2018-11-06 05:07:35',	'2018-11-06 05:07:35'),
(1097,	'YOG ITS PHILOSPHY AND PRACTICE-ENGLISH',	NULL,	'all_product_pics/patanjali/YOG ITS PHILOSPHY AND PRACTICE-ENGLISH.jpg',	NULL,	'2018-11-06 05:07:35',	'2018-11-06 05:07:35'),
(1098,	'YOG SADHNA AVAM YOG CHIKITSA',	NULL,	'all_product_pics/patanjali/YOG SADHNA AVAM YOG CHIKITSA.png',	NULL,	'2018-11-06 05:07:35',	'2018-11-06 05:07:35'),
(1099,	'BHARAT SWABHIMAN SHANKHNAD HINDI MP3',	NULL,	'all_product_pics/patanjali/BHARAT SWABHIMAN SHANKHNAD HINDI MP3.png',	NULL,	'2018-11-06 05:07:35',	'2018-11-06 05:07:35'),
(1100,	'YOG VIGYAN HIGH BLOOD PRESSURE',	NULL,	'all_product_pics/patanjali/YOG VIGYAN HIGH BLOOD PRESSURE.jpg',	NULL,	'2018-11-06 05:07:35',	'2018-11-06 05:07:35'),
(1101,	'YOG VIGYAN HRIDAY KE LIYE',	NULL,	'all_product_pics/patanjali/YOG VIGYAN HRIDAY KE LIYE.jpg',	NULL,	'2018-11-06 05:07:35',	'2018-11-06 05:07:35'),
(1102,	'YOG VIGYAN MARATHI VCD',	NULL,	'all_product_pics/patanjali/YOG VIGYAN MARATHI VCD.jpg',	NULL,	'2018-11-06 05:07:35',	'2018-11-06 05:07:35'),
(1103,	'YOG VIGYAN TELUGU VCD',	NULL,	'all_product_pics/patanjali/YOG VIGYAN TELUGU VCD.jpg',	NULL,	'2018-11-06 05:07:35',	'2018-11-06 05:07:35'),
(1104,	'YOG FOR LEUCODERMA HINDIENGLISH DVD',	NULL,	'all_product_pics/patanjali/YOG FOR LEUCODERMA HINDIENGLISH DVD.jpg',	NULL,	'2018-11-06 05:07:35',	'2018-11-06 05:07:35'),
(1105,	'AROGYA VATI',	NULL,	'all_product_pics/patanjali/AROGYA VATI.jpg',	NULL,	'2018-11-06 05:07:35',	'2018-11-06 05:07:35'),
(1106,	'DIVYA HERBAL PEYA 50',	NULL,	'all_product_pics/patanjali/DIVYA HERBAL PEYA 50gm.png',	NULL,	'2018-11-06 05:07:35',	'2018-11-06 05:07:35'),
(1107,	'AAAO SIKHE YOG CLASS 3',	NULL,	'all_product_pics/patanjali/AAAO SIKHE YOG CLASS 3.jpg',	NULL,	'2018-11-06 05:07:35',	'2018-11-06 05:07:35'),
(1108,	'AAAO SIKHE YOG CLASS 4',	NULL,	'all_product_pics/patanjali/AAAO SIKHE YOG CLASS 4.jpg',	NULL,	'2018-11-06 05:07:35',	'2018-11-06 05:07:35'),
(1109,	'YOG SADHNA AVAM YOG CHIKITSA',	NULL,	'all_product_pics/patanjali/YOG SADHNA AVAM YOG CHIKITSA.png',	NULL,	'2018-11-06 05:07:35',	'2018-11-06 05:07:35'),
(1110,	'YOG SANDARSHIKA PUNJABI',	NULL,	'all_product_pics/patanjali/YOG SANDARSHIKA PUNJABI.jpg',	NULL,	'2018-11-06 05:07:35',	'2018-11-06 05:07:35'),
(1111,	'YOG VIGYAN BHOJPURI VCD',	NULL,	'all_product_pics/patanjali/YOG VIGYAN BHOJPURI VCD.jpg',	NULL,	'2018-11-06 05:07:35',	'2018-11-06 05:07:35'),
(1112,	'KANTI NEEM',	NULL,	'all_product_pics/patanjali/KANTI NEEM.jpg',	NULL,	'2018-11-06 05:07:35',	'2018-11-06 05:07:35'),
(1113,	'PACHAK JEERA',	NULL,	'all_product_pics/patanjali/PACHAK JEERA.jpg',	NULL,	'2018-11-06 05:07:35',	'2018-11-06 05:07:35'),
(1114,	'SUPER SCRUB SPONGE',	NULL,	'all_product_pics/patanjali/SUPER SCRUB SPONGE.png',	NULL,	'2018-11-06 05:07:35',	'2018-11-06 05:07:35'),
(1115,	'SUPER STEEL SCRUB WITH SCRUB',	NULL,	'all_product_pics/patanjali/SUPER STEEL SCRUB WITH SCRUB.png',	NULL,	'2018-11-06 05:07:35',	'2018-11-06 05:07:35'),
(1116,	'ARSHKALP VATI',	NULL,	'all_product_pics/patanjali/ARSHKALP VATI.jpg',	NULL,	'2018-11-06 05:07:35',	'2018-11-06 05:07:35'),
(1117,	'CATARACT AND GLAUCOMA',	NULL,	'all_product_pics/patanjali/CATARACT AND GLAUCOMA.png',	NULL,	'2018-11-06 05:07:35',	'2018-11-06 05:07:35'),
(1118,	'A COMPLETE GUIDE FOR STRUCTURAL',	NULL,	'all_product_pics/patanjali/A COMPLETE GUIDE FOR STRUCTURAL.jpg',	NULL,	'2018-11-06 05:07:35',	'2018-11-06 05:07:35'),
(1119,	'AAAO SIKHE YOG CLASS 3',	NULL,	'all_product_pics/patanjali/AAAO SIKHE YOG CLASS 3.jpg',	NULL,	'2018-11-06 05:07:35',	'2018-11-06 05:07:35'),
(1120,	'AAAO SIKHE YOG CLASS 3',	NULL,	'all_product_pics/patanjali/AAAO SIKHE YOG CLASS 3.jpg',	NULL,	'2018-11-06 05:07:35',	'2018-11-06 05:07:35'),
(1121,	'AAAO SIKHE YOG CLASS 4',	NULL,	'all_product_pics/patanjali/AAAO SIKHE YOG CLASS 4.jpg',	NULL,	'2018-11-06 05:07:35',	'2018-11-06 05:07:35'),
(1122,	'AAAO SIKHE YOG CLASS 5',	NULL,	'all_product_pics/patanjali/AAAO SIKHE YOG CLASS 5.jpg',	NULL,	'2018-11-06 05:07:35',	'2018-11-06 05:07:35'),
(1123,	'AASADHYA ROGO KI SARAL CHIKITSA',	NULL,	'all_product_pics/patanjali/AASADHYA ROGO KI SARAL CHIKITSA.jpg',	NULL,	'2018-11-06 05:07:35',	'2018-11-06 05:07:35'),
(1124,	'AHARA ROCANAH HINDI BOOK',	NULL,	'all_product_pics/patanjali/AHARA ROCANAH HINDI BOOK.jpg',	NULL,	'2018-11-06 05:07:35',	'2018-11-06 05:07:35'),
(1125,	'ANMOL MITTI KE BOL HINDI',	NULL,	'all_product_pics/patanjali/ANMOL MITTI KE BOL HINDI.jpg',	NULL,	'2018-11-06 05:07:35',	'2018-11-06 05:07:35'),
(1126,	'AUSHADH DARSHAN BENGALI',	NULL,	'all_product_pics/patanjali/AUSHADH DARSHAN BENGALI.jpg',	NULL,	'2018-11-06 05:07:35',	'2018-11-06 05:07:35'),
(1127,	'AUSHADH DARSHAN ENGLISH',	NULL,	'all_product_pics/patanjali/AUSHADH DARSHAN ENGLISH.jpg',	NULL,	'2018-11-06 05:07:35',	'2018-11-06 05:07:35'),
(1128,	'AUSHADH DARSHAN GUJARATI',	NULL,	'all_product_pics/patanjali/AUSHADH DARSHAN GUJARATI.jpg',	NULL,	'2018-11-06 05:07:35',	'2018-11-06 05:07:35'),
(1129,	'AUSHADH DARSHAN HINDI',	NULL,	'all_product_pics/patanjali/AUSHADH DARSHAN HINDI.jpg',	NULL,	'2018-11-06 05:07:35',	'2018-11-06 05:07:35'),
(1130,	'AUSHADH DARSHAN KANNAD',	NULL,	'all_product_pics/patanjali/AUSHADH DARSHAN KANNAD.jpg',	NULL,	'2018-11-06 05:07:35',	'2018-11-06 05:07:35'),
(1131,	'AUSHADH DARSHAN MARATHI',	NULL,	'all_product_pics/patanjali/AUSHADH DARSHAN MARATHI.jpg',	NULL,	'2018-11-06 05:07:35',	'2018-11-06 05:07:35'),
(1132,	'AYURVED SIDDHANTA RAHASYA NEW HINDI',	NULL,	'all_product_pics/patanjali/AYURVED SIDDHANTA RAHASYA NEW HINDI.jpg',	NULL,	'2018-11-06 05:07:35',	'2018-11-06 05:07:35'),
(1133,	'BHOJANAKUTUHALAM BOOK HINDI',	NULL,	'all_product_pics/patanjali/BHOJANAKUTUHALAM BOOK HINDI.jpg',	NULL,	'2018-11-06 05:07:35',	'2018-11-06 05:07:35'),
(1134,	'DAILY YOGAPRACTICE -ENGLISH',	NULL,	'all_product_pics/patanjali/DAILY YOGAPRACTICE -ENGLISH.jpg',	NULL,	'2018-11-06 05:07:35',	'2018-11-06 05:07:35'),
(1135,	'DAILY YOGAPRACTICE-HINDI',	NULL,	'all_product_pics/patanjali/DAILY YOGAPRACTICE-HINDI.jpg',	NULL,	'2018-11-06 05:07:35',	'2018-11-06 05:07:35'),
(1136,	'JIVAN DARSHAN HINDI',	NULL,	'all_product_pics/patanjali/JIVAN DARSHAN HINDI.jpg',	NULL,	'2018-11-06 05:07:35',	'2018-11-06 05:07:35'),
(1137,	'KHEL KHEL MAIN YOG CLASS',	NULL,	'all_product_pics/patanjali/KHEL KHEL MAIN YOG CLASS.jpg',	NULL,	'2018-11-06 05:07:35',	'2018-11-06 05:07:35'),
(1138,	'KHEL KHEL ME YOG CLASS',	NULL,	'all_product_pics/patanjali/KHEL KHEL ME YOG CLASS.jpg',	NULL,	'2018-11-06 05:07:35',	'2018-11-06 05:07:35'),
(1139,	'KHEL KHEL ME YOG CLASS',	NULL,	'all_product_pics/patanjali/KHEL KHEL ME YOG CLASS.jpg',	NULL,	'2018-11-06 05:07:35',	'2018-11-06 05:07:35'),
(1140,	'MADHUMEY LAILAJ NAHI HAI HINDI',	NULL,	'all_product_pics/patanjali/MADHUMEY LAILAJ NAHI HAI HINDI.png',	NULL,	'2018-11-06 05:07:35',	'2018-11-06 05:07:35'),
(1141,	'MAN KE MANKE HINDI BOOK',	NULL,	'all_product_pics/patanjali/MAN KE MANKE HINDI BOOK.jpg',	NULL,	'2018-11-06 05:07:35',	'2018-11-06 05:07:35'),
(1142,	'MERA AAHAR MERA SWASTHYA FAL',	NULL,	'all_product_pics/patanjali/MERA AAHAR MERA SWASTHYA FAL.png',	NULL,	'2018-11-06 05:07:35',	'2018-11-06 05:07:35'),
(1143,	'MERA AAHAR MERA SWASTHYA SABJI',	NULL,	'all_product_pics/patanjali/MERA AAHAR MERA SWASTHYA SABJI.png',	NULL,	'2018-11-06 05:07:35',	'2018-11-06 05:07:35'),
(1144,	'MIRACLES OF NATUROPATHY AND YOGIC',	NULL,	'all_product_pics/patanjali/MIRACLES OF NATUROPATHY AND YOGIC.jpg',	NULL,	'2018-11-06 05:07:35',	'2018-11-06 05:07:35'),
(1145,	'PET ROGO KI PRAKARTIK CHIKITSA',	NULL,	'all_product_pics/patanjali/PET ROGO KI PRAKARTIK CHIKITSA.jpg',	NULL,	'2018-11-06 05:07:35',	'2018-11-06 05:07:35'),
(1146,	'PRAKARTIK CHIKITSA AND YOG HINDI',	NULL,	'all_product_pics/patanjali/PRAKARTIK CHIKITSA AND YOG HINDI.jpg',	NULL,	'2018-11-06 05:07:35',	'2018-11-06 05:07:35'),
(1147,	'PRANAYAM RAHASYA-BENGALI',	NULL,	'all_product_pics/patanjali/PRANAYAM RAHASYA-BENGALI.jpg',	NULL,	'2018-11-06 05:07:35',	'2018-11-06 05:07:35'),
(1148,	'PRANAYAM RAHASYA -ENGLISH',	NULL,	'all_product_pics/patanjali/PRANAYAM RAHASYA -ENGLISH.jpg',	NULL,	'2018-11-06 05:07:35',	'2018-11-06 05:07:35'),
(1149,	'PRANAYAM RAHASYA HINDI',	NULL,	'all_product_pics/patanjali/PRANAYAM RAHASYA HINDI.jpg',	NULL,	'2018-11-06 05:07:35',	'2018-11-06 05:07:35'),
(1150,	'PRANAYAM RAHASYA MARATHI',	NULL,	'all_product_pics/patanjali/PRANAYAM RAHASYA MARATHI.jpg',	NULL,	'2018-11-06 05:07:35',	'2018-11-06 05:07:35'),
(1151,	'PRANAYAM RAHASYA PUNJABI',	NULL,	'all_product_pics/patanjali/PRANAYAM RAHASYA PUNJABI.jpg',	NULL,	'2018-11-06 05:07:35',	'2018-11-06 05:07:35'),
(1152,	'PRANAYAM RAHASYA TELUGU',	NULL,	'all_product_pics/patanjali/PRANAYAM RAHASYA TELUGU.jpg',	NULL,	'2018-11-06 05:07:35',	'2018-11-06 05:07:35'),
(1153,	'RAKTALPATA KI PRAKARTIK CHIKITSA',	NULL,	'all_product_pics/patanjali/RAKTALPATA KI PRAKARTIK CHIKITSA.jpg',	NULL,	'2018-11-06 05:07:35',	'2018-11-06 05:07:35'),
(1154,	'SECRETS OF INDIAN HERBS BOOK',	NULL,	'all_product_pics/patanjali/SECRETS OF INDIAN HERBS BOOK.jpg',	NULL,	'2018-11-06 05:07:35',	'2018-11-06 05:07:35'),
(1155,	'SHRIMADBHAGWAD GEETA HINDI',	NULL,	'all_product_pics/patanjali/SHRIMADBHAGWAD GEETA HINDI.jpg',	NULL,	'2018-11-06 05:07:35',	'2018-11-06 05:07:35'),
(1156,	'VAIDYA SHATASHLOKI- SANSKRITHINDI (BOOK)',	NULL,	'all_product_pics/patanjali/VAIDYA SHATASHLOKI- SANSKRITHINDI (BOOK).jpg',	NULL,	'2018-11-06 05:07:35',	'2018-11-06 05:07:35'),
(1157,	'VEDIC NITYA KARAM VIDHI HINDI',	NULL,	'all_product_pics/patanjali/VEDIC NITYA KARAM VIDHI HINDI.jpg',	NULL,	'2018-11-06 05:07:35',	'2018-11-06 05:07:35'),
(1158,	'VIGYAN KI KASAUTI PAR YOG',	NULL,	'all_product_pics/patanjali/VIGYAN KI KASAUTI PAR YOG.jpg',	NULL,	'2018-11-06 05:07:35',	'2018-11-06 05:07:35'),
(1159,	'YOG DARSHAN ENGLISH MAHARISHI PATANJALI',	NULL,	'all_product_pics/patanjali/YOG DARSHAN ENGLISH MAHARISHI PATANJALI.png',	NULL,	'2018-11-06 05:07:35',	'2018-11-06 05:07:35'),
(1160,	'YOG DARSHAN HINDI MAHARISHI PATANJALI',	NULL,	'all_product_pics/patanjali/YOG DARSHAN HINDI MAHARISHI PATANJALI.png',	NULL,	'2018-11-06 05:07:35',	'2018-11-06 05:07:35'),
(1161,	'YOG SADHNA AVAM YOG CHIKITSA',	NULL,	'all_product_pics/patanjali/YOG SADHNA AVAM YOG CHIKITSA.png',	NULL,	'2018-11-06 05:07:35',	'2018-11-06 05:07:35'),
(1162,	'YOG SADHNA AVAM YOG CHIKITSA',	NULL,	'all_product_pics/patanjali/YOG SADHNA AVAM YOG CHIKITSA.png',	NULL,	'2018-11-06 05:07:35',	'2018-11-06 05:07:35'),
(1163,	'YOG SADHNA AVAM YOG CHIKITSA',	NULL,	'all_product_pics/patanjali/YOG SADHNA AVAM YOG CHIKITSA.png',	NULL,	'2018-11-06 05:07:35',	'2018-11-06 05:07:35'),
(1164,	'YOG SADHNA AVAM YOG CHIKITSA',	NULL,	'all_product_pics/patanjali/YOG SADHNA AVAM YOG CHIKITSA.png',	NULL,	'2018-11-06 05:07:35',	'2018-11-06 05:07:35'),
(1165,	'YOG SANDARSHIKA HINDI',	NULL,	'all_product_pics/patanjali/YOG SANDARSHIKA HINDI.png',	NULL,	'2018-11-06 05:07:35',	'2018-11-06 05:07:35'),
(1166,	'YOG SIKSHA KA PATHYAKRAM HINDI',	NULL,	'all_product_pics/patanjali/YOG SIKSHA KA PATHYAKRAM HINDI.jpg',	NULL,	'2018-11-06 05:07:35',	'2018-11-06 05:07:35'),
(1167,	'YOGA MANUAL FOR PARENTS AND',	NULL,	'all_product_pics/patanjali/YOGA MANUAL FOR PARENTS AND.jpg',	NULL,	'2018-11-06 05:07:35',	'2018-11-06 05:07:35'),
(1168,	'YOG FOR PSORIASIS SKIN DISEASES',	NULL,	'all_product_pics/patanjali/YOG FOR PSORIASIS SKIN DISEASES.jpg',	NULL,	'2018-11-06 05:07:35',	'2018-11-06 05:07:35'),
(1169,	'YOG FOR YOUTH ENGLISH VCD',	NULL,	'all_product_pics/patanjali/YOG FOR YOUTH ENGLISH VCD.jpg',	NULL,	'2018-11-06 05:07:35',	'2018-11-06 05:07:35'),
(1170,	'YOG MAIN KHATRE AVAM BHARANTIYAN',	NULL,	'all_product_pics/patanjali/YOG MAIN KHATRE AVAM BHARANTIYAN.jpg',	NULL,	'2018-11-06 05:07:35',	'2018-11-06 05:07:35'),
(1171,	'YOG VIGYAN DIABETES BENGALI VCD',	NULL,	'all_product_pics/patanjali/YOG VIGYAN DIABETES BENGALI VCD.jpg',	NULL,	'2018-11-06 05:07:35',	'2018-11-06 05:07:35'),
(1172,	'YOG VIGYAN DIABETES ENGLISH VCD',	NULL,	'all_product_pics/patanjali/YOG VIGYAN DIABETES ENGLISH VCD.jpg',	NULL,	'2018-11-06 05:07:35',	'2018-11-06 05:07:35'),
(1173,	'YOG VIGYAN DIABETES GUJARATI VCD',	NULL,	'all_product_pics/patanjali/YOG VIGYAN DIABETES GUJARATI VCD.jpg',	NULL,	'2018-11-06 05:07:35',	'2018-11-06 05:07:35'),
(1174,	'YOG VIGYAN DIABETES MARATHI VCD',	NULL,	'all_product_pics/patanjali/YOG VIGYAN DIABETES MARATHI VCD.jpg',	NULL,	'2018-11-06 05:07:35',	'2018-11-06 05:07:35'),
(1175,	'YOG VIGYAN JEEVAN SHAILI GUJARATI',	NULL,	'all_product_pics/patanjali/YOG VIGYAN JEEVAN SHAILI GUJARATI.jpg',	NULL,	'2018-11-06 05:07:35',	'2018-11-06 05:07:35'),
(1176,	'YOG VIGYAN MOTAPE KE LIYE',	NULL,	'all_product_pics/patanjali/YOG VIGYAN MOTAPE KE LIYE.png',	NULL,	'2018-11-06 05:07:35',	'2018-11-06 05:07:35'),
(1177,	'YOG VIGYAN VARIOUS AILMENTS ENGLISH',	NULL,	'all_product_pics/patanjali/YOG VIGYAN VARIOUS AILMENTS ENGLISH.jpg',	NULL,	'2018-11-06 05:07:35',	'2018-11-06 05:07:35'),
(1178,	'PRANAYAM AND YOG SADHNA HINDI',	NULL,	'all_product_pics/patanjali/PRANAYAM AND YOG SADHNA HINDI.jpg',	NULL,	'2018-11-06 05:07:35',	'2018-11-06 05:07:35'),
(1179,	'YOG FOR PSORIASIS (SKIN DISEASES)',	NULL,	'all_product_pics/patanjali/YOG FOR PSORIASIS (SKIN DISEASES).jpg',	NULL,	'2018-11-06 05:07:35',	'2018-11-06 05:07:35'),
(1180,	'YOG FOR CONSTIPATION AND PILES',	NULL,	'all_product_pics/patanjali/YOG FOR CONSTIPATION AND PILES.jpg',	NULL,	'2018-11-06 05:07:35',	'2018-11-06 05:07:35'),
(1181,	'MADHUMEH KE LIYE YOG HINDI',	NULL,	'all_product_pics/patanjali/MADHUMEH KE LIYE YOG HINDI.jpg',	NULL,	'2018-11-06 05:07:35',	'2018-11-06 05:07:35'),
(1182,	'YOG FOR EYE DISEASES HINDIENGLISH',	NULL,	'all_product_pics/patanjali/YOG FOR EYE DISEASES HINDIENGLISH.jpg',	NULL,	'2018-11-06 05:07:35',	'2018-11-06 05:07:35'),
(1183,	'YOG FOR HEART DISEASES HINDI',	NULL,	'all_product_pics/patanjali/YOG FOR HEART DISEASES HINDI.jpg',	NULL,	'2018-11-06 05:07:35',	'2018-11-06 05:07:35'),
(1184,	'YOG FOR HIGH BLOOD PRESSURE',	NULL,	'all_product_pics/patanjali/YOG FOR HIGH BLOOD PRESSURE.jpg',	NULL,	'2018-11-06 05:07:35',	'2018-11-06 05:07:35'),
(1185,	'YOG FOR OBESITY- HIND -DVD',	NULL,	'all_product_pics/patanjali/YOG FOR OBESITY- HIND -DVD.jpg',	NULL,	'2018-11-06 05:07:35',	'2018-11-06 05:07:35'),
(1186,	'YOG FOR STOMACH AILMENTS HINDIENGLISH',	NULL,	'all_product_pics/patanjali/YOG FOR STOMACH AILMENTS HINDIENGLISH.jpg',	NULL,	'2018-11-06 05:07:35',	'2018-11-06 05:07:35'),
(1187,	'YOG FOR YOUTH HINDIENGLISH DVD',	NULL,	'all_product_pics/patanjali/YOG FOR YOUTH HINDIENGLISH DVD.jpg',	NULL,	'2018-11-06 05:07:35',	'2018-11-06 05:07:35'),
(1188,	'YOG INSOMNIA YOG NINDRA HINDIENGLISH',	NULL,	'all_product_pics/patanjali/YOG INSOMNIA YOG NINDRA HINDIENGLISH.jpg',	NULL,	'2018-11-06 05:07:35',	'2018-11-06 05:07:35'),
(1189,	'YOG MISCONCEPTION RISKS AND PRECAUTION',	NULL,	'all_product_pics/patanjali/YOG MISCONCEPTION RISKS AND PRECAUTION.jpg',	NULL,	'2018-11-06 05:07:35',	'2018-11-06 05:07:35'),
(1190,	'SHISHU CARE HAIR OIL 100',	NULL,	'all_product_pics/patanjali/SHISHU CARE HAIR OIL 100.jpg',	NULL,	'2018-11-06 05:07:35',	'2018-11-06 05:07:35'),
(1191,	'SHAVE GEL',	NULL,	'all_product_pics/patanjali/SHAVE GEL.jpg',	NULL,	'2018-11-06 05:07:35',	'2018-11-06 05:07:35'),
(1192,	'SHISHU CARE BODY WASH GEL',	NULL,	'all_product_pics/patanjali/SHISHU CARE BODY WASH GEL.jpg',	NULL,	'2018-11-06 05:07:35',	'2018-11-06 05:07:35'),
(1193,	'MOISTURIZER CREAM',	NULL,	'all_product_pics/patanjali/MOISTURIZER CREAM.jpg',	NULL,	'2018-11-06 05:07:35',	'2018-11-06 05:07:35'),
(1194,	'SHISHU CARE CREAM 25 ',	NULL,	'all_product_pics/patanjali/SHISHU CARE CREAM 25 gm.png',	NULL,	'2018-11-06 05:07:35',	'2018-11-06 05:07:35'),
(1195,	'AmlA JUICE (L)',	NULL,	'all_product_pics/patanjali/AmlA JUICE (L).png',	NULL,	'2018-11-06 05:07:35',	'2018-11-06 05:07:35'),
(1196,	'PATANJALI APPLE JUICE (L)',	NULL,	'all_product_pics/patanjali/PATANJALI APPLE JUICE (L).png',	NULL,	'2018-11-06 05:07:35',	'2018-11-06 05:07:35'),
(1197,	'GILOY AmlA JUICE (L)',	NULL,	'all_product_pics/patanjali/GILOY AmlA JUICE (L).jpg',	NULL,	'2018-11-06 05:07:35',	'2018-11-06 05:07:35'),
(1198,	'GILOY JUICE (L)',	NULL,	'all_product_pics/patanjali/GILOY JUICE (L).jpg',	NULL,	'2018-11-06 05:07:35',	'2018-11-06 05:07:35'),
(1199,	'GUAVA JUICE',	NULL,	'all_product_pics/patanjali/GUAVA JUICE.jpg',	NULL,	'2018-11-06 05:07:35',	'2018-11-06 05:07:35'),
(1200,	'PATANJALI LITCHI JUICE (L)',	NULL,	'all_product_pics/patanjali/PATANJALI LITCHI JUICE (L).jpg',	NULL,	'2018-11-06 05:07:35',	'2018-11-06 05:07:35'),
(1201,	'PATANJALI MANGO JUICE (L)',	NULL,	'all_product_pics/patanjali/PATANJALI MANGO JUICE (L).jpg',	NULL,	'2018-11-06 05:07:35',	'2018-11-06 05:07:35'),
(1202,	'PATANJALI MIX FRUIT JUICE (L)',	NULL,	'all_product_pics/patanjali/PATANJALI MIX FRUIT JUICE (L).jpg',	NULL,	'2018-11-06 05:07:35',	'2018-11-06 05:07:35'),
(1203,	'PATANJALI ORANGE JUICE (L)',	NULL,	'all_product_pics/patanjali/PATANJALI ORANGE JUICE (L).jpg',	NULL,	'2018-11-06 05:07:35',	'2018-11-06 05:07:35'),
(1204,	'PATANJALI PINEAPPLE JUICE (L)',	NULL,	'all_product_pics/patanjali/PATANJALI PINEAPPLE JUICE (L).png',	NULL,	'2018-11-06 05:07:35',	'2018-11-06 05:07:35'),
(1205,	'MANGO CANDY',	NULL,	'all_product_pics/patanjali/MANGO CANDY.jpg',	NULL,	'2018-11-06 05:07:35',	'2018-11-06 05:07:35'),
(1206,	'GILOY GHAN VATI',	NULL,	'all_product_pics/patanjali/GILOY GHAN VATI.jpg',	NULL,	'2018-11-06 05:07:35',	'2018-11-06 05:07:35'),
(1207,	'DETERGENT CAKE POPULAR',	NULL,	'all_product_pics/patanjali/DETERGENT CAKE POPULAR.png',	NULL,	'2018-11-06 05:07:35',	'2018-11-06 05:07:35'),
(1208,	'OLIVE HAND WASH',	NULL,	'all_product_pics/patanjali/OLIVE HAND WASH.png',	NULL,	'2018-11-06 05:07:35',	'2018-11-06 05:07:35'),
(1209,	'BANDHANI HING',	NULL,	'all_product_pics/patanjali/BANDHANI HING.jpg',	NULL,	'2018-11-06 05:07:35',	'2018-11-06 05:07:35'),
(1210,	'KESH KANTI REETHA POUCH',	NULL,	'all_product_pics/patanjali/KESH KANTI REETHA POUCH.png',	NULL,	'2018-11-06 05:07:35',	'2018-11-06 05:07:35'),
(1211,	'PURE HONEY',	NULL,	'all_product_pics/patanjali/PURE HONEY.jpg',	NULL,	'2018-11-06 05:07:35',	'2018-11-06 05:07:35'),
(1212,	'BARLEY DALIA',	NULL,	'all_product_pics/patanjali/BARLEY DALIA.png',	NULL,	'2018-11-06 05:07:35',	'2018-11-06 05:07:35'),
(1213,	'UNPOLISHED MOONG DAL DHULI',	NULL,	'all_product_pics/patanjali/UNPOLISHED MOONG DAL DHULI.png',	NULL,	'2018-11-06 05:07:35',	'2018-11-06 05:07:35'),
(1214,	'AmlA MURABBA',	NULL,	'all_product_pics/patanjali/AmlA MURABBA.jpg',	NULL,	'2018-11-06 05:07:35',	'2018-11-06 05:07:35'),
(1215,	'LEMON DRINK',	NULL,	'all_product_pics/patanjali/LEMON DRINK.cms',	NULL,	'2018-11-06 05:07:35',	'2018-11-06 05:07:35'),
(1216,	'PATANJALI MANGO DRINK (L)',	NULL,	'all_product_pics/patanjali/PATANJALI MANGO DRINK (L).png',	NULL,	'2018-11-06 05:07:35',	'2018-11-06 05:07:35'),
(1217,	'BLACK PEPPER WHOLE',	NULL,	'all_product_pics/patanjali/BLACK PEPPER WHOLE.jpg',	NULL,	'2018-11-06 05:07:35',	'2018-11-06 05:07:35'),
(1218,	'HAIR CONDITIONER OLIVE ALMOND',	NULL,	'all_product_pics/patanjali/HAIR CONDITIONER OLIVE ALMOND.jpg',	NULL,	'2018-11-06 05:07:35',	'2018-11-06 05:07:35'),
(1219,	'BEL SHARBAT (L)',	NULL,	'all_product_pics/patanjali/BEL SHARBAT (L).png',	NULL,	'2018-11-06 05:07:35',	'2018-11-06 05:07:35'),
(1220,	'BRAHMI SHARBAT (L)',	NULL,	'all_product_pics/patanjali/BRAHMI SHARBAT (L).png',	NULL,	'2018-11-06 05:07:35',	'2018-11-06 05:07:35'),
(1221,	'GULAB SHARBAT (L)',	NULL,	'all_product_pics/patanjali/GULAB SHARBAT (L).png',	NULL,	'2018-11-06 05:07:35',	'2018-11-06 05:07:35'),
(1222,	'ASHVAGANDHA (CAPSULE)',	NULL,	'all_product_pics/patanjali/ASHVAGANDHA (CAPSULE).jpg',	NULL,	'2018-11-06 05:07:35',	'2018-11-06 05:07:35'),
(1223,	'ASHVASHILA (CAPSULE)',	NULL,	'all_product_pics/patanjali/ASHVASHILA (CAPSULE).jpg',	NULL,	'2018-11-06 05:07:35',	'2018-11-06 05:07:35'),
(1224,	'PATANJALI BESAN',	NULL,	'all_product_pics/patanjali/PATANJALI BESAN.jpeg',	NULL,	'2018-11-06 05:07:35',	'2018-11-06 05:07:35'),
(1225,	'PATANJALI BODY LOTION',	NULL,	'all_product_pics/patanjali/PATANJALI BODY LOTION.jpg',	NULL,	'2018-11-06 05:07:35',	'2018-11-06 05:07:35'),
(1226,	'COCONUT HAIR WASH',	NULL,	'all_product_pics/patanjali/COCONUT HAIR WASH.jpg',	NULL,	'2018-11-06 05:07:35',	'2018-11-06 05:07:35'),
(1227,	'KESAR',	NULL,	'all_product_pics/patanjali/KESAR.jpg',	NULL,	'2018-11-06 05:07:35',	'2018-11-06 05:07:35'),
(1228,	'KHUS SHARBAT (L)',	NULL,	'all_product_pics/patanjali/KHUS SHARBAT (L).png',	NULL,	'2018-11-06 05:07:35',	'2018-11-06 05:07:35'),
(1229,	'MADHURAM SUGAR (JAGGERY POWDER)',	NULL,	'all_product_pics/patanjali/MADHURAM SUGAR (JAGGERY POWDER).jpg',	NULL,	'2018-11-06 05:07:35',	'2018-11-06 05:07:35'),
(1230,	'MANGO PANNA',	NULL,	'all_product_pics/patanjali/MANGO PANNA.jpg',	NULL,	'2018-11-06 05:07:35',	'2018-11-06 05:07:35'),
(1231,	'ORANGE SQUASH (L)',	NULL,	'all_product_pics/patanjali/ORANGE SQUASH (L).jpg',	NULL,	'2018-11-06 05:07:35',	'2018-11-06 05:07:35'),
(1232,	'SHISHU CARE BODY LOTION',	NULL,	'all_product_pics/patanjali/SHISHU CARE BODY LOTION.jpg',	NULL,	'2018-11-06 05:07:35',	'2018-11-06 05:07:35'),
(1233,	'SUPER DISHWASH BAR',	NULL,	'all_product_pics/patanjali/SUPER DISHWASH BAR.png',	NULL,	'2018-11-06 05:07:35',	'2018-11-06 05:07:35'),
(1234,	'THANDAI POWDER',	NULL,	'all_product_pics/patanjali/THANDAI POWDER.jpg',	NULL,	'2018-11-06 05:07:35',	'2018-11-06 05:07:35'),
(1235,	'TOMATO KETCHUP',	NULL,	'all_product_pics/patanjali/TOMATO KETCHUP.jpg',	NULL,	'2018-11-06 05:07:35',	'2018-11-06 05:07:35'),
(1236,	'YOG SAMNAYAGYAN (BOOK FOR YOGA',	NULL,	'all_product_pics/patanjali/YOG SAMNAYAGYAN (BOOK FOR YOGA.png',	NULL,	'2018-11-06 05:07:35',	'2018-11-06 05:07:35'),
(1237,	'JADI BUTI RAHASYA HINDI',	NULL,	'all_product_pics/patanjali/JADI BUTI RAHASYA HINDI.jpg',	NULL,	'2018-11-06 05:07:35',	'2018-11-06 05:07:35'),
(1238,	'DAIRY WHITENER POWDER',	NULL,	'all_product_pics/patanjali/DAIRY WHITENER POWDER.jpg',	NULL,	'2018-11-06 05:07:35',	'2018-11-06 05:07:35'),
(1239,	'AASTHA AGARBATTI (LAVENDER)',	NULL,	'all_product_pics/patanjali/AASTHA AGARBATTI (LAVENDER).png',	NULL,	'2018-11-06 05:07:35',	'2018-11-06 05:07:35'),
(1240,	'AASTHA CONE DHOOP (SANDAL)',	NULL,	'all_product_pics/patanjali/AASTHA CONE DHOOP (SANDAL).jpg',	NULL,	'2018-11-06 05:07:35',	'2018-11-06 05:07:35'),
(1241,	'PATANJALI DRISHTI EYE DROP',	NULL,	'all_product_pics/patanjali/PATANJALI DRISHTI EYE DROP.jpg',	NULL,	'2018-11-06 05:07:35',	'2018-11-06 05:07:35'),
(1242,	'AASTHA DHOOP LOBAN',	NULL,	'all_product_pics/patanjali/AASTHA DHOOP LOBAN.jpg',	NULL,	'2018-11-06 05:07:35',	'2018-11-06 05:07:35'),
(1243,	'AUSHAD DARSHAN TELUGU',	NULL,	'all_product_pics/patanjali/AUSHAD DARSHAN TELUGU.jpg',	NULL,	'2018-11-06 05:07:35',	'2018-11-06 05:07:35'),
(1244,	'YOGA VIJNANAM- ENGLISH- BOOK',	NULL,	'all_product_pics/patanjali/YOGA VIJNANAM- ENGLISH- BOOK.jpg',	NULL,	'2018-11-06 05:07:35',	'2018-11-06 05:07:35'),
(1245,	'YOGA VIJNANAM- HINDI- BOOK',	NULL,	'all_product_pics/patanjali/YOGA VIJNANAM- HINDI- BOOK.jpg',	NULL,	'2018-11-06 05:07:35',	'2018-11-06 05:07:35'),
(1246,	'VED VARNIT VANASPATIYA',	NULL,	'all_product_pics/patanjali/VED VARNIT VANASPATIYA.jpg',	NULL,	'2018-11-06 05:07:35',	'2018-11-06 05:07:35'),
(1247,	'YOG VIGYAN - GUJARATI VCD',	NULL,	'all_product_pics/patanjali/YOG VIGYAN - GUJARATI VCD.jpg',	NULL,	'2018-11-06 05:07:35',	'2018-11-06 05:07:35'),
(1248,	'PATANJALI SHISHU CARE KIT',	NULL,	'all_product_pics/patanjali/PATANJALI SHISHU CARE KIT.jpg',	NULL,	'2018-11-06 05:07:35',	'2018-11-06 05:07:35'),
(1249,	'PATANJALI SHISHU CARE BODY CLEANSER',	NULL,	'all_product_pics/patanjali/PATANJALI SHISHU CARE BODY CLEANSER.jpg',	NULL,	'2018-11-06 05:07:35',	'2018-11-06 05:07:35'),
(1250,	'PATANJALI SHISHU CARE DIAPPER RASH',	NULL,	'all_product_pics/patanjali/PATANJALI SHISHU CARE DIAPPER RASH.jpg',	NULL,	'2018-11-06 05:07:35',	'2018-11-06 05:07:35'),
(1251,	'PATANJALI SHISHU CARE HAIR CLEANSER',	NULL,	'all_product_pics/patanjali/PATANJALI SHISHU CARE HAIR CLEANSER.jpg',	NULL,	'2018-11-06 05:07:35',	'2018-11-06 05:07:35'),
(1252,	'PATANJALI SHISHU CARE TALC POWDER',	NULL,	'all_product_pics/patanjali/PATANJALI SHISHU CARE TALC POWDER.jpg',	NULL,	'2018-11-06 05:07:35',	'2018-11-06 05:07:35'),
(1253,	'PATANJALI GLUCOSHAKTI REGULAR (200+50) ',	NULL,	'all_product_pics/patanjali/PATANJALI GLUCOSHAKTI REGULAR (200+50) gm.png',	NULL,	'2018-11-06 05:07:35',	'2018-11-06 05:07:35'),
(1254,	'SOYAVITA JALAPENO SOYA CHIPS 100',	NULL,	'all_product_pics/patanjali/SOYAVITA JALAPENO SOYA CHIPS 100.png',	NULL,	'2018-11-06 05:07:35',	'2018-11-06 05:07:35'),
(1255,	'GINGER CANDY',	NULL,	'all_product_pics/patanjali/GINGER CANDY.jpg',	NULL,	'2018-11-06 05:07:35',	'2018-11-06 05:07:35'),
(1256,	'ATTA NOODLES YUMMY MASALA',	NULL,	'all_product_pics/patanjali/ATTA NOODLES YUMMY MASALA.png',	NULL,	'2018-11-06 05:07:35',	'2018-11-06 05:07:35'),
(1257,	'ATTA NOODLES GREEN CHILLI',	NULL,	'all_product_pics/patanjali/ATTA NOODLES GREEN CHILLI.png',	NULL,	'2018-11-06 05:07:35',	'2018-11-06 05:07:35'),
(1258,	'VIRGIN COCONUT OIL',	NULL,	'all_product_pics/patanjali/VIRGIN COCONUT OIL.jpg',	NULL,	'2018-11-06 05:07:35',	'2018-11-06 05:07:35'),
(1259,	'MOSAMBI DRINK',	NULL,	'all_product_pics/patanjali/MOSAMBI DRINK.jpg',	NULL,	'2018-11-06 05:07:35',	'2018-11-06 05:07:35'),
(1260,	'SESAME(TIL) OIL',	NULL,	'all_product_pics/patanjali/SESAME(TIL) OIL.png',	NULL,	'2018-11-06 05:07:35',	'2018-11-06 05:07:35'),
(1261,	'CHOCOLIOUS-CHOCO FILL PILLOW',	NULL,	'all_product_pics/patanjali/CHOCOLIOUS-CHOCO FILL PILLOW.png',	NULL,	'2018-11-06 05:07:35',	'2018-11-06 05:07:35'),
(1262,	'SOOJI',	NULL,	'all_product_pics/patanjali/SOOJI.jpg',	NULL,	'2018-11-06 05:07:35',	'2018-11-06 05:07:35'),
(1263,	'AASTHA - COMBO ',	NULL,	'all_product_pics/patanjali/AASTHA - COMBO (PACK OF.png',	NULL,	'2018-11-06 05:07:35',	'2018-11-06 05:07:35'),
(1264,	'PATANJALI COWS WHOLE MILK POWDER',	NULL,	'all_product_pics/patanjali/PATANJALI COWS WHOLE MILK POWDER.jpg',	NULL,	'2018-11-06 05:07:35',	'2018-11-06 05:07:35'),
(1265,	'AASTHA - COMBO',	NULL,	'all_product_pics/patanjali/AASTHA - COMBO (PACK OF.png',	NULL,	'2018-11-06 05:07:35',	'2018-11-06 05:07:35'),
(1266,	'PATANJALI COMBO (KHANE KE MASALE)',	NULL,	'all_product_pics/patanjali/PATANJALI COMBO (KHANE KE MASALE).png',	NULL,	'2018-11-06 05:07:35',	'2018-11-06 05:07:35'),
(1267,	'PATANJALI FRUIT BEVERAGES COMBO',	NULL,	'all_product_pics/patanjali/PATANJALI FRUIT BEVERAGES COMBO.png',	NULL,	'2018-11-06 05:07:35',	'2018-11-06 05:07:35'),
(1268,	'PATANJALI FRUIT BEVERAGES COMBO',	NULL,	'all_product_pics/patanjali/PATANJALI FRUIT BEVERAGES COMBO.png',	NULL,	'2018-11-06 05:07:35',	'2018-11-06 05:07:35'),
(1269,	'PATANJALI FRUIT BEVERAGES COMBO',	NULL,	'all_product_pics/patanjali/PATANJALI FRUIT BEVERAGES COMBO.png',	NULL,	'2018-11-06 05:07:35',	'2018-11-06 05:07:35'),
(1270,	'PATANJALI FRUIT BEVERAGES COMBO',	NULL,	'all_product_pics/patanjali/PATANJALI FRUIT BEVERAGES COMBO.png',	NULL,	'2018-11-06 05:07:35',	'2018-11-06 05:07:35'),
(1271,	'PATANJALI FRUIT BEVERAGES COMBO',	NULL,	'all_product_pics/patanjali/PATANJALI FRUIT BEVERAGES COMBO.png',	NULL,	'2018-11-06 05:07:35',	'2018-11-06 05:07:35'),
(1272,	'PATANJALI FRUIT BEVERAGES COMBO',	NULL,	'all_product_pics/patanjali/PATANJALI FRUIT BEVERAGES COMBO.png',	NULL,	'2018-11-06 05:07:35',	'2018-11-06 05:07:35'),
(1273,	'PATANJALI FRUIT BEVERAGES COMBO',	NULL,	'all_product_pics/patanjali/PATANJALI FRUIT BEVERAGES COMBO.png',	NULL,	'2018-11-06 05:07:35',	'2018-11-06 05:07:35'),
(1274,	'PATANJALI FRUIT BEVERAGES COMBO',	NULL,	'all_product_pics/patanjali/PATANJALI FRUIT BEVERAGES COMBO.png',	NULL,	'2018-11-06 05:07:35',	'2018-11-06 05:07:35'),
(1275,	'PATANJALI FRUIT BEVERAGES COMBO',	NULL,	'all_product_pics/patanjali/PATANJALI FRUIT BEVERAGES COMBO.png',	NULL,	'2018-11-06 05:07:35',	'2018-11-06 05:07:35'),
(1276,	'PATANJALI SOYAVITA- COMBO ( SOYA )',	NULL,	'all_product_pics/patanjali/PATANJALI SOYAVITA- COMBO ( SOYA.png',	NULL,	'2018-11-06 05:07:35',	'2018-11-06 05:07:35'),
(1277,	'PATANJALI SOYAVITA- COMBO ( ITALIAN )',	NULL,	'all_product_pics/patanjali/PATANJALI SOYAVITA- COMBO ( ITALIAN.png',	NULL,	'2018-11-06 05:07:35',	'2018-11-06 05:07:35'),
(1278,	'PATANJALI SOYAVITA- COMBO ( SOYA )',	NULL,	'all_product_pics/patanjali/PATANJALI SOYAVITA- COMBO ( SOYA.png',	NULL,	'2018-11-06 05:07:35',	'2018-11-06 05:07:35'),
(1279,	'PATANJALI SAUNDARYA SHOWER GEL',	NULL,	'all_product_pics/patanjali/PATANJALI SAUNDARYA SHOWER GEL.png',	NULL,	'2018-11-06 05:07:35',	'2018-11-06 05:07:35'),
(1280,	'PATANJALI SUPER DISHWASH BAR',	NULL,	'all_product_pics/patanjali/PATANJALI SUPER DISHWASH BAR.jpg',	NULL,	'2018-11-06 05:07:35',	'2018-11-06 05:07:35'),
(1281,	'SUPER SCRUB PAD PACK OF',	NULL,	'all_product_pics/patanjali/SUPER SCRUB PAD PACK OF.jpg',	NULL,	'2018-11-06 05:07:35',	'2018-11-06 05:07:35'),
(1282,	'HERBAL WASH DETERGENT POWDER',	NULL,	'all_product_pics/patanjali/HERBAL WASH DETERGENT POWDER.png',	NULL,	'2018-11-06 05:07:35',	'2018-11-06 05:07:35'),
(1283,	'PATANJALI AASTHA AIR FRESHNER -',	NULL,	'all_product_pics/patanjali/PATANJALI AASTHA AIR FRESHNER -.png',	NULL,	'2018-11-06 05:07:35',	'2018-11-06 05:07:35'),
(1302,	'Alu ',	NULL,	'all_product_pics/vegetables/new-potatoes.jpg',	NULL,	'2018-11-06 05:07:35',	'2018-11-06 05:07:35'),
(1303,	'Tamatar',	NULL,	'all_product_pics/vegetables/fresh-tomatoes-1lb.jpg',	NULL,	'2018-11-06 05:07:35',	'2018-11-06 05:07:35'),
(1304,	'Ful Gobi',	NULL,	'all_product_pics/vegetables/Cauliflower.jpg',	NULL,	'2018-11-06 05:07:35',	'2018-11-06 05:07:35'),
(1305,	'Patta Gobi',	NULL,	'all_product_pics/vegetables/cabbage.jpg',	NULL,	'2018-11-06 05:07:35',	'2018-11-06 05:07:35'),
(1306,	'Dhaniya Patti',	NULL,	'all_product_pics/vegetables/coriander-leaf.jpg',	NULL,	'2018-11-06 05:07:35',	'2018-11-06 05:07:35'),
(1307,	'Mirch',	NULL,	'all_product_pics/vegetables/hot green chili.jpg',	NULL,	'2018-11-06 05:07:35',	'2018-11-06 05:07:35'),
(1308,	'Palak',	NULL,	'all_product_pics/vegetables/palak.jpg',	NULL,	'2018-11-06 05:07:35',	'2018-11-06 05:07:35'),
(1309,	'Gol Baigan',	NULL,	'all_product_pics/vegetables/brinjal-round.jpg',	NULL,	'2018-11-06 05:07:35',	'2018-11-06 05:07:35'),
(1310,	'Matar',	NULL,	'all_product_pics/vegetables/Peas.jpg',	NULL,	'2018-11-06 05:07:35',	'2018-11-06 05:07:35'),
(1311,	'Shem',	NULL,	'all_product_pics/vegetables/SIm.jpg',	NULL,	'2018-11-06 05:07:35',	'2018-11-06 05:07:35'),
(1312,	'Beans',	NULL,	'all_product_pics/vegetables/beans.jpg',	NULL,	'2018-11-06 05:07:35',	'2018-11-06 05:07:35'),
(1313,	'Muli',	NULL,	'all_product_pics/vegetables/Radish.jpg',	NULL,	'2018-11-06 05:07:35',	'2018-11-06 05:07:35'),
(1314,	'Gajar',	NULL,	'all_product_pics/vegetables/Gajar.jpg',	NULL,	'2018-11-06 05:07:35',	'2018-11-06 05:07:35'),
(1315,	'Shimla mirch',	NULL,	'all_product_pics/vegetables/bell-pepper-shimla-mirch.jpg',	NULL,	'2018-11-06 05:07:35',	'2018-11-06 05:07:35'),
(1316,	'Pyaj',	NULL,	'all_product_pics/vegetables/onion.jpg',	NULL,	'2018-11-06 05:07:35',	'2018-11-06 05:07:35'),
(1317,	'Lasun',	NULL,	'all_product_pics/vegetables/garlic.jpg',	NULL,	'2018-11-06 05:07:35',	'2018-11-06 05:07:35'),
(1318,	'Karela',	NULL,	'all_product_pics/vegetables/BITTER-GARD-1.jpg',	NULL,	'2018-11-06 05:07:35',	'2018-11-06 05:07:35'),
(1319,	'Nimbu',	NULL,	'all_product_pics/vegetables/lemon-uses-0-1494115921.jpg',	NULL,	'2018-11-06 05:07:35',	'2018-11-06 05:07:35'),
(1320,	'Chana Saag',	NULL,	'all_product_pics/vegetables/Chana-Sag.jpg',	NULL,	'2018-11-06 05:07:35',	'2018-11-06 05:07:35'),
(1321,	'Kaddu',	NULL,	'all_product_pics/vegetables/DUDHI-BHOPLA.jpg',	NULL,	'2018-11-06 05:07:35',	'2018-11-06 05:07:35'),
(1322,	'Adrak',	NULL,	'all_product_pics/vegetables/ginger.jpg',	NULL,	'2018-11-06 05:07:35',	'2018-11-06 05:07:35'),
(1323,	'Khira',	NULL,	'all_product_pics/vegetables/Cucumber-Picolino.jpg',	NULL,	'2018-11-06 05:07:35',	'2018-11-06 05:07:35'),
(1324,	'Khosari Saag',	NULL,	'all_product_pics/vegetables/Keshari-Sag.jpg',	NULL,	'2018-11-06 05:07:35',	'2018-11-06 05:07:35'),
(1325,	'Matar',	NULL,	'all_product_pics/vegetables/Peas.jpg',	NULL,	'2018-11-06 05:07:35',	'2018-11-06 05:07:35'),
(1326,	'Parwal',	NULL,	'all_product_pics/vegetables/pointed-gourd.png',	NULL,	'2018-11-06 05:07:35',	'2018-11-06 05:07:35'),
(1327,	'Pudina',	NULL,	'all_product_pics/vegetables/mint1-3.jpg',	NULL,	'2018-11-06 05:07:35',	'2018-11-06 05:07:35'),
(1328,	'Bhindi',	NULL,	'all_product_pics/vegetables/LADY-FINGER-1.jpg',	NULL,	'2018-11-06 05:07:35',	'2018-11-06 05:07:35'),
(1329,	'Long Brinjal',	NULL,	'all_product_pics/vegetables/LONG-BRINJAL.jpg',	NULL,	'2018-11-06 05:07:35',	'2018-11-06 05:07:35'),
(1330,	'Round Brinjal Green',	NULL,	'all_product_pics/vegetables/brinjal56.jpg',	NULL,	'2018-11-06 05:07:35',	'2018-11-06 05:07:35'),
(1331,	'Long Brinjal Green',	NULL,	'all_product_pics/vegetables/green-brinjal.jpg',	NULL,	'2018-11-06 05:07:35',	'2018-11-06 05:07:35');

CREATE TABLE `gro_product_shop_tab` (
  `gro_product_shop_id` int(255) unsigned NOT NULL AUTO_INCREMENT,
  `gro_shop_info_id` int(255) unsigned NOT NULL,
  `gro_price` float NOT NULL,
  `offer` int(10) unsigned DEFAULT '0',
  `created_at` timestamp NULL DEFAULT CURRENT_TIMESTAMP,
  `updated_at` timestamp NULL DEFAULT NULL,
  `pic` longtext CHARACTER SET utf8 COLLATE utf8_unicode_ci,
  `gro_map_id` int(224) NOT NULL,
  `quantity` int(224) NOT NULL,
  `inStock` int(10) NOT NULL DEFAULT '1',
  `unit_id` int(10) NOT NULL,
  PRIMARY KEY (`gro_product_shop_id`),
  KEY `gro_map_id` (`gro_map_id`),
  CONSTRAINT `gro_product_shop_tab_ibfk_1` FOREIGN KEY (`gro_map_id`) REFERENCES `gro_map_tab` (`gro_map_id`)
) ENGINE=InnoDB AUTO_INCREMENT=985 DEFAULT CHARSET=utf8 COLLATE=utf8_unicode_ci;

INSERT INTO `gro_product_shop_tab` (`gro_product_shop_id`, `gro_shop_info_id`, `gro_price`, `offer`, `created_at`, `updated_at`, `pic`, `gro_map_id`, `quantity`, `inStock`, `unit_id`) VALUES
(116,	4,	85,	0,	'2019-01-14 02:52:06',	NULL,	NULL,	1,	750,	1,	4),
(117,	4,	99,	0,	'2019-01-14 02:52:09',	NULL,	NULL,	3,	750,	1,	4),
(118,	4,	85,	0,	'2019-01-14 02:52:10',	NULL,	NULL,	2,	750,	1,	4),
(119,	4,	334,	0,	'2019-01-14 02:52:12',	NULL,	NULL,	49,	1,	1,	6),
(120,	4,	334,	0,	'2019-01-14 02:52:16',	NULL,	NULL,	49,	1,	1,	6),
(121,	6,	850,	2,	'2019-01-14 03:00:43',	NULL,	NULL,	1,	750,	1,	4),
(122,	6,	85,	0,	'2019-01-16 17:49:21',	NULL,	NULL,	2,	750,	1,	4),
(125,	5,	351,	0,	'2019-01-23 05:29:04',	NULL,	NULL,	26,	54,	1,	7),
(132,	5,	25,	0,	'2019-01-25 06:18:11',	NULL,	NULL,	457,	90,	1,	3),
(133,	5,	35,	0,	'2019-01-25 06:18:15',	NULL,	NULL,	494,	22,	1,	3),
(135,	6,	52,	0,	'2019-01-28 02:18:05',	NULL,	NULL,	293,	1,	1,	1),
(136,	9,	74,	0,	'2019-01-28 12:57:39',	NULL,	NULL,	4,	200,	1,	3),
(137,	9,	74,	0,	'2019-01-28 12:57:39',	NULL,	NULL,	4,	200,	1,	3),
(138,	9,	115,	0,	'2019-01-28 12:57:39',	NULL,	NULL,	5,	300,	1,	3),
(139,	9,	115,	0,	'2019-01-28 12:57:39',	NULL,	NULL,	5,	300,	1,	3),
(140,	9,	72,	0,	'2019-01-28 12:57:39',	NULL,	NULL,	6,	150,	1,	3),
(141,	9,	72,	0,	'2019-01-28 12:57:39',	NULL,	NULL,	6,	150,	1,	3),
(142,	9,	88,	0,	'2019-01-28 12:57:39',	NULL,	NULL,	7,	140,	1,	3),
(143,	9,	88,	0,	'2019-01-28 12:57:39',	NULL,	NULL,	7,	140,	1,	3),
(144,	9,	85,	0,	'2019-01-28 12:57:39',	NULL,	NULL,	8,	150,	1,	3),
(145,	9,	85,	0,	'2019-01-28 12:57:39',	NULL,	NULL,	8,	150,	1,	3),
(146,	9,	173,	0,	'2019-01-28 12:57:39',	NULL,	NULL,	9,	140,	1,	3),
(147,	9,	173,	0,	'2019-01-28 12:57:39',	NULL,	NULL,	9,	140,	1,	3),
(148,	9,	80,	0,	'2019-01-28 12:57:39',	NULL,	NULL,	10,	200,	1,	3),
(149,	9,	80,	0,	'2019-01-28 12:57:39',	NULL,	NULL,	10,	200,	1,	3),
(150,	9,	174,	0,	'2019-01-28 12:57:39',	NULL,	NULL,	41,	250,	1,	4),
(151,	9,	174,	0,	'2019-01-28 12:57:39',	NULL,	NULL,	41,	250,	1,	4),
(152,	9,	167,	0,	'2019-01-28 12:57:39',	NULL,	NULL,	43,	900,	1,	4),
(153,	9,	167,	0,	'2019-01-28 12:57:39',	NULL,	NULL,	43,	900,	1,	4),
(154,	9,	43,	0,	'2019-01-28 12:57:39',	NULL,	NULL,	44,	125,	1,	3),
(155,	9,	43,	0,	'2019-01-28 12:57:39',	NULL,	NULL,	44,	125,	1,	3),
(156,	9,	50,	0,	'2019-01-28 12:57:39',	NULL,	NULL,	45,	125,	1,	3),
(157,	9,	50,	0,	'2019-01-28 12:57:39',	NULL,	NULL,	45,	125,	1,	3),
(158,	9,	24,	0,	'2019-01-28 12:57:39',	NULL,	NULL,	46,	150,	1,	3),
(159,	9,	113,	0,	'2019-01-28 12:57:39',	NULL,	NULL,	47,	100,	1,	3),
(160,	9,	24,	0,	'2019-01-28 12:57:39',	NULL,	NULL,	46,	150,	1,	3),
(161,	9,	113,	0,	'2019-01-28 12:57:39',	NULL,	NULL,	48,	100,	1,	3),
(162,	9,	113,	0,	'2019-01-28 12:57:39',	NULL,	NULL,	47,	100,	1,	3),
(163,	9,	170,	0,	'2019-01-28 12:57:39',	NULL,	NULL,	50,	1,	1,	6),
(164,	9,	113,	0,	'2019-01-28 12:57:39',	NULL,	NULL,	48,	100,	1,	3),
(165,	9,	149,	0,	'2019-01-28 12:57:39',	NULL,	NULL,	51,	1,	1,	6),
(166,	9,	170,	0,	'2019-01-28 12:57:39',	NULL,	NULL,	50,	1,	1,	6),
(167,	9,	96,	0,	'2019-01-28 12:57:39',	NULL,	NULL,	52,	1,	1,	6),
(168,	9,	149,	0,	'2019-01-28 12:57:39',	NULL,	NULL,	51,	1,	1,	6),
(169,	9,	340,	0,	'2019-01-28 12:57:39',	NULL,	NULL,	53,	1,	1,	6),
(170,	9,	340,	0,	'2019-01-28 12:57:39',	NULL,	NULL,	54,	1,	1,	6),
(171,	9,	96,	0,	'2019-01-28 12:57:39',	NULL,	NULL,	52,	1,	1,	6),
(172,	9,	104,	0,	'2019-01-28 12:57:39',	NULL,	NULL,	143,	1,	1,	2),
(173,	9,	340,	0,	'2019-01-28 12:57:39',	NULL,	NULL,	53,	1,	1,	6),
(174,	9,	525,	0,	'2019-01-28 12:57:39',	NULL,	NULL,	144,	5,	1,	2),
(175,	9,	340,	0,	'2019-01-28 12:57:39',	NULL,	NULL,	54,	1,	1,	6),
(176,	9,	91,	0,	'2019-01-28 12:57:39',	NULL,	NULL,	146,	1,	1,	2),
(177,	9,	104,	0,	'2019-01-28 12:57:39',	NULL,	NULL,	143,	1,	1,	2),
(178,	9,	99,	0,	'2019-01-28 12:57:39',	NULL,	NULL,	147,	1,	1,	2),
(179,	9,	525,	0,	'2019-01-28 12:57:39',	NULL,	NULL,	144,	5,	1,	2),
(180,	9,	527,	0,	'2019-01-28 12:57:39',	NULL,	NULL,	148,	5,	1,	2),
(181,	9,	91,	0,	'2019-01-28 12:57:39',	NULL,	NULL,	146,	1,	1,	2),
(182,	9,	1249,	0,	'2019-01-28 12:57:39',	NULL,	NULL,	149,	5,	1,	2),
(183,	9,	99,	0,	'2019-01-28 12:57:39',	NULL,	NULL,	147,	1,	1,	2),
(184,	9,	1189,	0,	'2019-01-28 12:57:39',	NULL,	NULL,	156,	2,	1,	2),
(185,	9,	527,	0,	'2019-01-28 12:57:39',	NULL,	NULL,	148,	5,	1,	2),
(186,	9,	3111,	0,	'2019-01-28 12:57:39',	NULL,	NULL,	157,	5,	1,	2),
(187,	9,	1249,	0,	'2019-01-28 12:57:39',	NULL,	NULL,	149,	5,	1,	2),
(188,	9,	825,	0,	'2019-01-28 12:57:39',	NULL,	NULL,	158,	1,	1,	2),
(189,	9,	1189,	0,	'2019-01-28 12:57:39',	NULL,	NULL,	156,	2,	1,	2),
(190,	9,	749,	0,	'2019-01-28 12:57:39',	NULL,	NULL,	159,	1,	1,	2),
(191,	9,	3111,	0,	'2019-01-28 12:57:39',	NULL,	NULL,	157,	5,	1,	2),
(192,	9,	1149,	0,	'2019-01-28 12:57:39',	NULL,	NULL,	160,	2,	1,	2),
(193,	9,	825,	0,	'2019-01-28 12:57:39',	NULL,	NULL,	158,	1,	1,	2),
(194,	9,	1849,	0,	'2019-01-28 12:57:39',	NULL,	NULL,	161,	5,	1,	2),
(195,	9,	749,	0,	'2019-01-28 12:57:39',	NULL,	NULL,	159,	1,	1,	2),
(196,	9,	32,	0,	'2019-01-28 12:57:39',	NULL,	NULL,	262,	1,	1,	1),
(197,	9,	1149,	0,	'2019-01-28 12:57:39',	NULL,	NULL,	160,	2,	1,	2),
(198,	9,	45,	0,	'2019-01-28 12:57:39',	NULL,	NULL,	263,	1,	1,	1),
(199,	9,	1849,	0,	'2019-01-28 12:57:39',	NULL,	NULL,	161,	5,	1,	2),
(200,	9,	40,	0,	'2019-01-28 12:57:39',	NULL,	NULL,	264,	1,	1,	1),
(201,	9,	32,	0,	'2019-01-28 12:57:39',	NULL,	NULL,	262,	1,	1,	1),
(202,	9,	45,	0,	'2019-01-28 12:57:39',	NULL,	NULL,	265,	1,	1,	1),
(203,	9,	60,	0,	'2019-01-28 12:57:39',	NULL,	NULL,	266,	1,	1,	1),
(204,	9,	45,	0,	'2019-01-28 12:57:39',	NULL,	NULL,	263,	1,	1,	1),
(205,	9,	80,	0,	'2019-01-28 12:57:39',	NULL,	NULL,	267,	1,	1,	1),
(206,	9,	40,	0,	'2019-01-28 12:57:39',	NULL,	NULL,	264,	1,	1,	1),
(207,	9,	80,	0,	'2019-01-28 12:57:39',	NULL,	NULL,	268,	1,	1,	1),
(208,	9,	45,	0,	'2019-01-28 12:57:39',	NULL,	NULL,	265,	1,	1,	1),
(209,	9,	120,	0,	'2019-01-28 12:57:39',	NULL,	NULL,	269,	1,	1,	1),
(210,	9,	60,	0,	'2019-01-28 12:57:39',	NULL,	NULL,	266,	1,	1,	1),
(211,	9,	110,	0,	'2019-01-28 12:57:39',	NULL,	NULL,	270,	1,	1,	1),
(212,	9,	80,	0,	'2019-01-28 12:57:39',	NULL,	NULL,	267,	1,	1,	1),
(213,	9,	26,	0,	'2019-01-28 12:57:39',	NULL,	NULL,	292,	1,	1,	1),
(214,	9,	80,	0,	'2019-01-28 12:57:39',	NULL,	NULL,	268,	1,	1,	1),
(215,	9,	52,	0,	'2019-01-28 12:57:39',	NULL,	NULL,	293,	1,	1,	1),
(216,	9,	120,	0,	'2019-01-28 12:57:39',	NULL,	NULL,	269,	1,	1,	1),
(217,	9,	24,	0,	'2019-01-28 12:57:39',	NULL,	NULL,	294,	1,	1,	1),
(218,	9,	180,	0,	'2019-01-28 12:57:39',	NULL,	NULL,	295,	5,	1,	1),
(219,	9,	110,	0,	'2019-01-28 12:57:39',	NULL,	NULL,	270,	1,	1,	1),
(220,	9,	180,	0,	'2019-01-28 12:57:39',	NULL,	NULL,	296,	5,	1,	1),
(221,	9,	26,	0,	'2019-01-28 12:57:39',	NULL,	NULL,	292,	1,	1,	1),
(222,	9,	28,	0,	'2019-01-28 12:57:39',	NULL,	NULL,	320,	1,	1,	6),
(223,	9,	52,	0,	'2019-01-28 12:57:39',	NULL,	NULL,	293,	1,	1,	1),
(224,	9,	28,	0,	'2019-01-28 12:57:39',	NULL,	NULL,	321,	1,	1,	6),
(225,	9,	24,	0,	'2019-01-28 12:57:39',	NULL,	NULL,	294,	1,	1,	1),
(226,	9,	25,	0,	'2019-01-28 12:57:39',	NULL,	NULL,	322,	1,	1,	6),
(227,	9,	180,	0,	'2019-01-28 12:57:39',	NULL,	NULL,	295,	5,	1,	1),
(228,	9,	46,	0,	'2019-01-28 12:57:39',	NULL,	NULL,	331,	80,	1,	3),
(229,	9,	180,	0,	'2019-01-28 12:57:39',	NULL,	NULL,	296,	5,	1,	1),
(230,	9,	88,	0,	'2019-01-28 12:57:39',	NULL,	NULL,	332,	150,	1,	3),
(231,	9,	28,	0,	'2019-01-28 12:57:39',	NULL,	NULL,	320,	1,	1,	6),
(232,	9,	90,	0,	'2019-01-28 12:57:39',	NULL,	NULL,	333,	150,	1,	3),
(233,	9,	28,	0,	'2019-01-28 12:57:39',	NULL,	NULL,	321,	1,	1,	6),
(234,	9,	34,	0,	'2019-01-28 12:57:39',	NULL,	NULL,	334,	1,	1,	1),
(235,	9,	25,	0,	'2019-01-28 12:57:39',	NULL,	NULL,	322,	1,	1,	6),
(236,	9,	64,	0,	'2019-01-28 12:57:39',	NULL,	NULL,	335,	1,	1,	1),
(237,	9,	159,	0,	'2019-01-28 12:57:39',	NULL,	NULL,	339,	1,	1,	2),
(238,	9,	46,	0,	'2019-01-28 12:57:39',	NULL,	NULL,	331,	80,	1,	3),
(239,	9,	125,	0,	'2019-01-28 12:57:39',	NULL,	NULL,	340,	1,	1,	2),
(240,	9,	88,	0,	'2019-01-28 12:57:39',	NULL,	NULL,	332,	150,	1,	3),
(241,	9,	142,	0,	'2019-01-28 12:57:39',	NULL,	NULL,	341,	1,	1,	2),
(242,	9,	90,	0,	'2019-01-28 12:57:39',	NULL,	NULL,	333,	150,	1,	3),
(243,	9,	40,	0,	'2019-01-28 12:57:39',	NULL,	NULL,	350,	1,	1,	6),
(244,	9,	34,	0,	'2019-01-28 12:57:39',	NULL,	NULL,	334,	1,	1,	1),
(245,	9,	49,	0,	'2019-01-28 12:57:39',	NULL,	NULL,	351,	1,	1,	6),
(246,	9,	64,	0,	'2019-01-28 12:57:39',	NULL,	NULL,	335,	1,	1,	1),
(247,	9,	100,	0,	'2019-01-28 12:57:39',	NULL,	NULL,	360,	1,	1,	1),
(248,	9,	120,	0,	'2019-01-28 12:57:39',	NULL,	NULL,	361,	1,	1,	1),
(249,	9,	159,	0,	'2019-01-28 12:57:39',	NULL,	NULL,	339,	1,	1,	2),
(250,	9,	100,	0,	'2019-01-28 12:57:39',	NULL,	NULL,	362,	1,	1,	1),
(251,	9,	125,	0,	'2019-01-28 12:57:39',	NULL,	NULL,	340,	1,	1,	2),
(252,	9,	25,	0,	'2019-01-28 12:57:39',	NULL,	NULL,	388,	200,	1,	3),
(253,	9,	142,	0,	'2019-01-28 12:57:39',	NULL,	NULL,	341,	1,	1,	2),
(254,	9,	110,	0,	'2019-01-28 12:57:39',	NULL,	NULL,	392,	250,	1,	3),
(255,	9,	40,	0,	'2019-01-28 12:57:39',	NULL,	NULL,	350,	1,	1,	6),
(256,	9,	25,	0,	'2019-01-28 12:57:39',	NULL,	NULL,	457,	90,	1,	3),
(257,	9,	49,	0,	'2019-01-28 12:57:39',	NULL,	NULL,	351,	1,	1,	6),
(258,	9,	15,	0,	'2019-01-28 12:57:39',	NULL,	NULL,	466,	50,	1,	3),
(259,	9,	100,	0,	'2019-01-28 12:57:39',	NULL,	NULL,	360,	1,	1,	1),
(260,	9,	260,	0,	'2019-01-28 12:57:39',	NULL,	NULL,	471,	500,	1,	3),
(261,	9,	120,	0,	'2019-01-28 12:57:39',	NULL,	NULL,	361,	1,	1,	1),
(262,	9,	35,	0,	'2019-01-28 12:57:39',	NULL,	NULL,	494,	22,	1,	3),
(263,	9,	100,	0,	'2019-01-28 12:57:39',	NULL,	NULL,	362,	1,	1,	1),
(264,	9,	105,	0,	'2019-01-28 12:57:39',	NULL,	NULL,	505,	1,	1,	1),
(265,	9,	25,	0,	'2019-01-28 12:57:39',	NULL,	NULL,	388,	200,	1,	3),
(266,	9,	500,	0,	'2019-01-28 12:57:39',	NULL,	NULL,	510,	1,	1,	2),
(267,	9,	110,	0,	'2019-01-28 12:57:39',	NULL,	NULL,	392,	250,	1,	3),
(268,	9,	150,	0,	'2019-01-28 12:57:39',	NULL,	NULL,	512,	1,	1,	1),
(269,	9,	25,	0,	'2019-01-28 12:57:39',	NULL,	NULL,	457,	90,	1,	3),
(270,	9,	50,	0,	'2019-01-28 12:57:39',	NULL,	NULL,	517,	100,	1,	4),
(271,	9,	15,	0,	'2019-01-28 12:57:39',	NULL,	NULL,	466,	50,	1,	3),
(272,	9,	20,	0,	'2019-01-28 12:57:39',	NULL,	NULL,	518,	70,	1,	3),
(273,	9,	260,	0,	'2019-01-28 12:57:39',	NULL,	NULL,	471,	500,	1,	3),
(274,	9,	40,	0,	'2019-01-28 12:57:39',	NULL,	NULL,	531,	100,	1,	3),
(275,	9,	35,	0,	'2019-01-28 12:57:39',	NULL,	NULL,	494,	22,	1,	3),
(276,	9,	85,	0,	'2019-01-28 12:57:39',	NULL,	NULL,	562,	100,	1,	4),
(277,	9,	105,	0,	'2019-01-28 12:57:39',	NULL,	NULL,	505,	1,	1,	1),
(278,	9,	45,	0,	'2019-01-28 12:57:39',	NULL,	NULL,	607,	80,	1,	3),
(279,	9,	500,	0,	'2019-01-28 12:57:39',	NULL,	NULL,	510,	1,	1,	2),
(280,	9,	110,	0,	'2019-01-28 12:57:39',	NULL,	NULL,	655,	1,	1,	1),
(281,	9,	150,	0,	'2019-01-28 12:57:39',	NULL,	NULL,	512,	1,	1,	1),
(282,	9,	175,	0,	'2019-01-28 12:57:39',	NULL,	NULL,	657,	100,	1,	4),
(283,	9,	40,	0,	'2019-01-28 12:57:39',	NULL,	NULL,	676,	100,	1,	4),
(284,	9,	50,	0,	'2019-01-28 12:57:39',	NULL,	NULL,	517,	100,	1,	4),
(285,	9,	150,	0,	'2019-01-28 12:57:39',	NULL,	NULL,	683,	100,	1,	4),
(286,	9,	20,	0,	'2019-01-28 12:57:39',	NULL,	NULL,	518,	70,	1,	3),
(287,	9,	125,	0,	'2019-01-28 12:57:39',	NULL,	NULL,	692,	1,	1,	1),
(288,	9,	40,	0,	'2019-01-28 12:57:39',	NULL,	NULL,	531,	100,	1,	3),
(289,	9,	45,	0,	'2019-01-28 12:57:39',	NULL,	NULL,	718,	100,	1,	3),
(290,	9,	85,	0,	'2019-01-28 12:57:39',	NULL,	NULL,	562,	100,	1,	4),
(291,	9,	15,	0,	'2019-01-28 12:57:39',	NULL,	NULL,	721,	20,	1,	3),
(292,	9,	45,	0,	'2019-01-28 12:57:39',	NULL,	NULL,	607,	80,	1,	3),
(293,	9,	110,	0,	'2019-01-28 12:57:39',	NULL,	NULL,	655,	1,	1,	1),
(294,	9,	250,	0,	'2019-01-28 12:57:39',	NULL,	NULL,	733,	300,	1,	4),
(295,	9,	175,	0,	'2019-01-28 12:57:39',	NULL,	NULL,	657,	100,	1,	4),
(296,	9,	150,	0,	'2019-01-28 12:57:39',	NULL,	NULL,	766,	1,	1,	1),
(297,	9,	40,	0,	'2019-01-28 12:57:39',	NULL,	NULL,	676,	100,	1,	4),
(298,	9,	125,	0,	'2019-01-28 12:57:39',	NULL,	NULL,	773,	1,	1,	2),
(299,	9,	150,	0,	'2019-01-28 12:57:39',	NULL,	NULL,	683,	100,	1,	4),
(300,	9,	112,	0,	'2019-01-28 12:57:39',	NULL,	NULL,	774,	300,	1,	3),
(301,	9,	125,	0,	'2019-01-28 12:57:39',	NULL,	NULL,	692,	1,	1,	1),
(302,	9,	30,	0,	'2019-01-28 12:57:39',	NULL,	NULL,	780,	200,	1,	4),
(303,	9,	45,	0,	'2019-01-28 12:57:39',	NULL,	NULL,	718,	100,	1,	3),
(304,	9,	112,	0,	'2019-01-28 12:57:39',	NULL,	NULL,	839,	300,	1,	3),
(305,	9,	65,	0,	'2019-01-28 12:57:39',	NULL,	NULL,	842,	100,	1,	3),
(306,	9,	15,	0,	'2019-01-28 12:57:39',	NULL,	NULL,	721,	20,	1,	3),
(307,	9,	125,	0,	'2019-01-28 12:57:39',	NULL,	NULL,	868,	200,	1,	4),
(308,	9,	250,	0,	'2019-01-28 12:57:39',	NULL,	NULL,	733,	300,	1,	4),
(309,	9,	50,	0,	'2019-01-28 12:57:39',	NULL,	NULL,	896,	80,	1,	3),
(310,	9,	150,	0,	'2019-01-28 12:57:39',	NULL,	NULL,	766,	1,	1,	1),
(311,	9,	2475,	0,	'2019-01-28 12:57:39',	NULL,	NULL,	942,	5,	1,	2),
(312,	9,	125,	0,	'2019-01-28 12:57:39',	NULL,	NULL,	773,	1,	1,	2),
(313,	9,	35,	0,	'2019-01-28 12:57:39',	NULL,	NULL,	946,	100,	1,	3),
(314,	9,	112,	0,	'2019-01-28 12:57:39',	NULL,	NULL,	774,	300,	1,	3),
(315,	9,	50,	0,	'2019-01-28 12:57:39',	NULL,	NULL,	950,	120,	1,	3),
(316,	9,	30,	0,	'2019-01-28 12:57:39',	NULL,	NULL,	780,	200,	1,	4),
(317,	9,	75,	0,	'2019-01-28 12:57:39',	NULL,	NULL,	974,	200,	1,	4),
(318,	9,	112,	0,	'2019-01-28 12:57:39',	NULL,	NULL,	839,	300,	1,	3),
(319,	9,	85,	0,	'2019-01-28 12:57:39',	NULL,	NULL,	1107,	1,	1,	1),
(320,	9,	65,	0,	'2019-01-28 12:57:39',	NULL,	NULL,	842,	100,	1,	3),
(321,	9,	110,	0,	'2019-01-28 12:57:39',	NULL,	NULL,	1108,	127,	1,	3),
(322,	9,	125,	0,	'2019-01-28 12:57:39',	NULL,	NULL,	868,	200,	1,	4),
(323,	9,	30,	0,	'2019-01-28 12:57:39',	NULL,	NULL,	1119,	25,	1,	3),
(324,	9,	50,	0,	'2019-01-28 12:57:39',	NULL,	NULL,	896,	80,	1,	3),
(325,	9,	140,	0,	'2019-01-28 12:57:39',	NULL,	NULL,	1120,	2,	1,	1),
(326,	9,	2475,	0,	'2019-01-28 12:57:39',	NULL,	NULL,	942,	5,	1,	2),
(327,	9,	310,	0,	'2019-01-28 12:57:39',	NULL,	NULL,	1304,	500,	1,	4),
(328,	9,	35,	0,	'2019-01-28 12:57:39',	NULL,	NULL,	946,	100,	1,	3),
(329,	9,	190,	0,	'2019-01-28 12:57:39',	NULL,	NULL,	1306,	1,	1,	2),
(330,	9,	50,	0,	'2019-01-28 12:57:39',	NULL,	NULL,	950,	120,	1,	3),
(331,	9,	75,	0,	'2019-01-28 12:57:39',	NULL,	NULL,	974,	200,	1,	4),
(332,	9,	85,	0,	'2019-01-28 12:57:39',	NULL,	NULL,	1107,	1,	1,	1),
(333,	9,	110,	0,	'2019-01-28 12:57:39',	NULL,	NULL,	1108,	127,	1,	3),
(334,	9,	30,	0,	'2019-01-28 12:57:39',	NULL,	NULL,	1119,	25,	1,	3),
(335,	9,	140,	0,	'2019-01-28 12:57:39',	NULL,	NULL,	1120,	2,	1,	1),
(336,	9,	310,	0,	'2019-01-28 12:57:39',	NULL,	NULL,	1304,	500,	1,	4),
(337,	9,	190,	0,	'2019-01-28 12:57:39',	NULL,	NULL,	1306,	1,	1,	2),
(338,	5,	279,	0,	'2019-01-28 13:32:41',	NULL,	NULL,	11,	675,	1,	4),
(339,	5,	242,	0,	'2019-01-28 13:32:44',	NULL,	NULL,	13,	340,	1,	4),
(340,	5,	279,	0,	'2019-01-28 13:32:47',	NULL,	NULL,	12,	675,	1,	4),
(341,	5,	152,	0,	'2019-01-28 13:32:49',	NULL,	NULL,	34,	250,	1,	4),
(342,	5,	194,	0,	'2019-01-28 13:32:52',	NULL,	NULL,	14,	340,	1,	4),
(343,	5,	158,	0,	'2019-01-28 13:32:55',	NULL,	NULL,	36,	250,	1,	4),
(344,	10,	60,	0,	'2019-01-29 04:30:48',	NULL,	NULL,	584,	100,	1,	3),
(345,	10,	60,	0,	'2019-01-29 04:30:48',	NULL,	NULL,	653,	100,	1,	3),
(346,	10,	75,	0,	'2019-01-29 04:30:48',	NULL,	NULL,	654,	200,	1,	3),
(347,	10,	60,	0,	'2019-01-29 04:30:48',	NULL,	NULL,	675,	100,	1,	3),
(348,	10,	75,	0,	'2019-01-29 04:30:48',	NULL,	NULL,	685,	200,	1,	3),
(349,	10,	149,	0,	'2019-01-29 04:30:48',	NULL,	NULL,	720,	200,	1,	3),
(350,	10,	60,	0,	'2019-01-29 04:30:48',	NULL,	NULL,	754,	200,	1,	3),
(351,	10,	39,	0,	'2019-01-29 04:30:48',	NULL,	NULL,	755,	100,	1,	3),
(352,	10,	60,	0,	'2019-01-29 04:30:48',	NULL,	NULL,	756,	100,	1,	3),
(353,	10,	39,	0,	'2019-01-29 04:30:48',	NULL,	NULL,	768,	100,	1,	3),
(354,	10,	69,	0,	'2019-01-29 04:30:48',	NULL,	NULL,	777,	100,	1,	3),
(355,	10,	60,	0,	'2019-01-29 04:30:48',	NULL,	NULL,	778,	100,	1,	3),
(356,	10,	175,	0,	'2019-01-29 04:30:48',	NULL,	NULL,	782,	500,	1,	3),
(357,	10,	60,	0,	'2019-01-29 04:30:48',	NULL,	NULL,	783,	100,	1,	3),
(358,	10,	99,	0,	'2019-01-29 04:30:48',	NULL,	NULL,	786,	160,	1,	3),
(359,	10,	125,	0,	'2019-01-29 04:30:48',	NULL,	NULL,	787,	350,	1,	3),
(360,	10,	40,	0,	'2019-01-29 04:30:48',	NULL,	NULL,	794,	70,	1,	3),
(361,	10,	75,	0,	'2019-01-29 04:30:48',	NULL,	NULL,	800,	140,	1,	3),
(362,	10,	49,	0,	'2019-01-29 04:30:48',	NULL,	NULL,	805,	100,	1,	3),
(363,	10,	49,	0,	'2019-01-29 04:30:48',	NULL,	NULL,	806,	100,	1,	3),
(364,	10,	60,	0,	'2019-01-29 04:30:48',	NULL,	NULL,	807,	100,	1,	3),
(365,	10,	75,	0,	'2019-01-29 04:30:48',	NULL,	NULL,	808,	200,	1,	3),
(366,	10,	49,	0,	'2019-01-29 04:30:48',	NULL,	NULL,	815,	100,	1,	3),
(367,	10,	60,	0,	'2019-01-29 04:30:48',	NULL,	NULL,	816,	100,	1,	3),
(368,	10,	65,	0,	'2019-01-29 04:30:48',	NULL,	NULL,	822,	250,	1,	3),
(369,	10,	39,	0,	'2019-01-29 04:30:48',	NULL,	NULL,	823,	100,	1,	3),
(370,	10,	69,	0,	'2019-01-29 04:30:48',	NULL,	NULL,	824,	100,	1,	3),
(371,	10,	60,	0,	'2019-01-29 04:30:48',	NULL,	NULL,	825,	100,	1,	3),
(372,	10,	69,	0,	'2019-01-29 04:30:48',	NULL,	NULL,	830,	100,	1,	3),
(373,	10,	79,	0,	'2019-01-29 04:30:48',	NULL,	NULL,	836,	100,	1,	3),
(374,	10,	60,	0,	'2019-01-29 04:30:48',	NULL,	NULL,	844,	100,	1,	3),
(375,	10,	75,	0,	'2019-01-29 04:30:48',	NULL,	NULL,	845,	200,	1,	3),
(376,	10,	18,	0,	'2019-01-29 04:30:48',	NULL,	NULL,	851,	120,	1,	3),
(377,	10,	39,	0,	'2019-01-29 04:30:48',	NULL,	NULL,	852,	100,	1,	3),
(378,	10,	39,	0,	'2019-01-29 04:30:48',	NULL,	NULL,	865,	100,	1,	3),
(379,	10,	49,	0,	'2019-01-29 04:30:48',	NULL,	NULL,	866,	100,	1,	3),
(380,	10,	39,	0,	'2019-01-29 04:30:48',	NULL,	NULL,	873,	100,	1,	3),
(381,	10,	49,	0,	'2019-01-29 04:30:48',	NULL,	NULL,	874,	100,	1,	3),
(382,	10,	49,	0,	'2019-01-29 04:30:48',	NULL,	NULL,	875,	50,	1,	3),
(383,	10,	98,	0,	'2019-01-29 04:30:48',	NULL,	NULL,	876,	1,	1,	1),
(384,	10,	70,	0,	'2019-01-29 04:30:48',	NULL,	NULL,	879,	156,	1,	3),
(385,	10,	18,	0,	'2019-01-29 04:30:48',	NULL,	NULL,	880,	120,	1,	3),
(386,	10,	199,	0,	'2019-01-29 04:30:48',	NULL,	NULL,	881,	275,	1,	3),
(387,	10,	125,	0,	'2019-01-29 04:30:48',	NULL,	NULL,	882,	350,	1,	3),
(388,	10,	49,	0,	'2019-01-29 04:30:48',	NULL,	NULL,	883,	100,	1,	3),
(389,	10,	39,	0,	'2019-01-29 04:30:48',	NULL,	NULL,	890,	100,	1,	3),
(390,	10,	79,	0,	'2019-01-29 04:30:48',	NULL,	NULL,	891,	100,	1,	3),
(391,	10,	49,	0,	'2019-01-29 04:30:48',	NULL,	NULL,	892,	60,	1,	3),
(392,	10,	60,	0,	'2019-01-29 04:30:48',	NULL,	NULL,	893,	100,	1,	3),
(393,	10,	107,	0,	'2019-01-29 04:30:48',	NULL,	NULL,	899,	250,	1,	3),
(394,	10,	49,	0,	'2019-01-29 04:30:48',	NULL,	NULL,	900,	100,	1,	3),
(395,	10,	49,	0,	'2019-01-29 04:30:48',	NULL,	NULL,	901,	100,	1,	3),
(396,	10,	69,	0,	'2019-01-29 04:30:48',	NULL,	NULL,	902,	100,	1,	3),
(397,	10,	65,	0,	'2019-01-29 04:30:48',	NULL,	NULL,	905,	250,	1,	3),
(398,	10,	60,	0,	'2019-01-29 04:30:48',	NULL,	NULL,	906,	100,	1,	3),
(399,	10,	60,	0,	'2019-01-29 04:30:48',	NULL,	NULL,	907,	100,	1,	3),
(400,	10,	60,	0,	'2019-01-29 04:30:48',	NULL,	NULL,	908,	100,	1,	3),
(401,	10,	60,	0,	'2019-01-29 04:30:48',	NULL,	NULL,	914,	100,	1,	3),
(402,	10,	30,	0,	'2019-01-29 04:30:48',	NULL,	NULL,	920,	200,	1,	3),
(403,	10,	55,	0,	'2019-01-29 04:30:48',	NULL,	NULL,	921,	140,	1,	3),
(404,	10,	157,	0,	'2019-01-29 04:30:48',	NULL,	NULL,	922,	350,	1,	3),
(405,	10,	60,	0,	'2019-01-29 04:30:48',	NULL,	NULL,	923,	100,	1,	3),
(406,	10,	49,	0,	'2019-01-29 04:30:48',	NULL,	NULL,	934,	100,	1,	3),
(407,	10,	65,	0,	'2019-01-29 04:30:48',	NULL,	NULL,	936,	200,	1,	3),
(408,	10,	75,	0,	'2019-01-29 04:30:48',	NULL,	NULL,	937,	160,	1,	3),
(409,	10,	49,	0,	'2019-01-29 04:30:48',	NULL,	NULL,	938,	100,	1,	3),
(410,	10,	79,	0,	'2019-01-29 04:30:48',	NULL,	NULL,	939,	100,	1,	3),
(411,	10,	75,	0,	'2019-01-29 04:30:48',	NULL,	NULL,	940,	200,	1,	3),
(412,	10,	99,	0,	'2019-01-29 04:30:48',	NULL,	NULL,	945,	200,	1,	3),
(413,	10,	50,	0,	'2019-01-29 04:30:48',	NULL,	NULL,	951,	200,	1,	3),
(414,	10,	60,	0,	'2019-01-29 04:30:48',	NULL,	NULL,	952,	100,	1,	3),
(415,	10,	60,	0,	'2019-01-29 04:30:48',	NULL,	NULL,	953,	100,	1,	3),
(416,	10,	49,	0,	'2019-01-29 04:30:48',	NULL,	NULL,	954,	100,	1,	3),
(417,	10,	75,	0,	'2019-01-29 04:30:48',	NULL,	NULL,	955,	200,	1,	3),
(418,	10,	299,	0,	'2019-01-29 04:30:48',	NULL,	NULL,	956,	200,	1,	3),
(419,	10,	50,	0,	'2019-01-29 04:30:48',	NULL,	NULL,	965,	180,	1,	3),
(420,	10,	15,	0,	'2019-01-29 04:30:48',	NULL,	NULL,	966,	60,	1,	3),
(421,	10,	200,	0,	'2019-01-29 04:30:48',	NULL,	NULL,	970,	400,	1,	3),
(422,	10,	110,	0,	'2019-01-29 04:30:48',	NULL,	NULL,	971,	200,	1,	3),
(423,	10,	200,	0,	'2019-01-29 04:30:48',	NULL,	NULL,	972,	600,	1,	3),
(424,	10,	69,	0,	'2019-01-29 04:30:48',	NULL,	NULL,	973,	100,	1,	3),
(425,	10,	49,	0,	'2019-01-29 04:30:48',	NULL,	NULL,	976,	100,	1,	3),
(426,	10,	69,	0,	'2019-01-29 04:30:48',	NULL,	NULL,	977,	100,	1,	3),
(427,	10,	67,	0,	'2019-01-29 04:30:48',	NULL,	NULL,	982,	200,	1,	3),
(428,	10,	157,	0,	'2019-01-29 04:30:48',	NULL,	NULL,	983,	350,	1,	3),
(429,	10,	60,	0,	'2019-01-29 04:30:48',	NULL,	NULL,	984,	100,	1,	3),
(430,	10,	60,	0,	'2019-01-29 04:30:48',	NULL,	NULL,	985,	100,	1,	3),
(431,	10,	75,	0,	'2019-01-29 04:30:48',	NULL,	NULL,	986,	200,	1,	3),
(432,	10,	150,	0,	'2019-01-29 04:30:48',	NULL,	NULL,	991,	400,	1,	3),
(433,	10,	60,	0,	'2019-01-29 04:30:48',	NULL,	NULL,	992,	200,	1,	3),
(434,	10,	199,	0,	'2019-01-29 04:30:48',	NULL,	NULL,	993,	200,	1,	3),
(435,	10,	65,	0,	'2019-01-29 04:30:48',	NULL,	NULL,	1003,	200,	1,	3),
(436,	10,	65,	0,	'2019-01-29 04:30:48',	NULL,	NULL,	1004,	250,	1,	3),
(437,	10,	69,	0,	'2019-01-29 04:30:48',	NULL,	NULL,	1005,	100,	1,	3),
(438,	10,	199,	0,	'2019-01-29 04:30:48',	NULL,	NULL,	1006,	160,	1,	3),
(439,	10,	60,	0,	'2019-01-29 04:30:48',	NULL,	NULL,	1007,	100,	1,	3),
(440,	10,	70,	0,	'2019-01-29 04:30:48',	NULL,	NULL,	1010,	250,	1,	3),
(441,	10,	450,	0,	'2019-01-29 04:30:48',	NULL,	NULL,	1011,	600,	1,	3),
(442,	10,	200,	0,	'2019-01-29 04:30:48',	NULL,	NULL,	1012,	600,	1,	3),
(443,	10,	60,	0,	'2019-01-29 04:30:48',	NULL,	NULL,	1013,	100,	1,	3),
(444,	10,	111,	0,	'2019-01-29 04:30:48',	NULL,	NULL,	1017,	182,	1,	3),
(445,	10,	60,	0,	'2019-01-29 04:30:48',	NULL,	NULL,	1018,	200,	1,	3),
(446,	10,	15,	0,	'2019-01-29 04:30:48',	NULL,	NULL,	1020,	120,	1,	3),
(447,	10,	67,	0,	'2019-01-29 04:30:48',	NULL,	NULL,	1021,	200,	1,	3),
(448,	10,	49,	0,	'2019-01-29 04:30:48',	NULL,	NULL,	1022,	100,	1,	3),
(449,	10,	65,	0,	'2019-01-29 04:30:48',	NULL,	NULL,	1026,	250,	1,	3),
(450,	10,	70,	0,	'2019-01-29 04:30:48',	NULL,	NULL,	1030,	140,	1,	3),
(451,	10,	55,	0,	'2019-01-29 04:30:48',	NULL,	NULL,	1031,	140,	1,	3),
(452,	10,	200,	0,	'2019-01-29 04:30:48',	NULL,	NULL,	1032,	532,	1,	3),
(453,	10,	60,	0,	'2019-01-29 04:30:48',	NULL,	NULL,	1033,	100,	1,	3),
(454,	10,	75,	0,	'2019-01-29 04:30:48',	NULL,	NULL,	1034,	200,	1,	3),
(455,	10,	111,	0,	'2019-01-29 04:30:48',	NULL,	NULL,	1040,	250,	1,	3),
(456,	10,	15,	0,	'2019-01-29 04:30:48',	NULL,	NULL,	1041,	120,	1,	3),
(457,	10,	49,	0,	'2019-01-29 04:30:48',	NULL,	NULL,	1042,	100,	1,	3),
(458,	10,	199,	0,	'2019-01-29 04:30:49',	NULL,	NULL,	1043,	200,	1,	3),
(459,	10,	49,	0,	'2019-01-29 04:30:49',	NULL,	NULL,	1044,	100,	1,	3),
(460,	10,	60,	0,	'2019-01-29 04:30:49',	NULL,	NULL,	1045,	100,	1,	3),
(461,	10,	65,	0,	'2019-01-29 04:30:49',	NULL,	NULL,	1049,	25,	1,	3),
(462,	10,	60,	0,	'2019-01-29 04:30:49',	NULL,	NULL,	1052,	200,	1,	3),
(463,	10,	125,	0,	'2019-01-29 04:30:49',	NULL,	NULL,	1053,	250,	1,	3),
(464,	10,	50,	0,	'2019-01-29 04:30:49',	NULL,	NULL,	1054,	200,	1,	3),
(465,	10,	39,	0,	'2019-01-29 04:30:49',	NULL,	NULL,	1055,	100,	1,	3),
(466,	10,	60,	0,	'2019-01-29 04:30:49',	NULL,	NULL,	1056,	100,	1,	3),
(467,	10,	60,	0,	'2019-01-29 04:30:49',	NULL,	NULL,	1057,	100,	1,	3),
(468,	10,	65,	0,	'2019-01-29 04:30:49',	NULL,	NULL,	1060,	200,	1,	3),
(469,	10,	15,	0,	'2019-01-29 04:30:49',	NULL,	NULL,	1061,	120,	1,	3),
(470,	10,	157,	0,	'2019-01-29 04:30:49',	NULL,	NULL,	1062,	350,	1,	3),
(471,	10,	99,	0,	'2019-01-29 04:30:49',	NULL,	NULL,	1063,	74,	1,	3),
(472,	10,	107,	0,	'2019-01-29 04:30:49',	NULL,	NULL,	1066,	250,	1,	3),
(473,	10,	50,	0,	'2019-01-29 04:30:49',	NULL,	NULL,	1067,	200,	1,	3),
(474,	10,	60,	0,	'2019-01-29 04:30:49',	NULL,	NULL,	1068,	100,	1,	3),
(475,	10,	199,	0,	'2019-01-29 04:30:49',	NULL,	NULL,	1069,	200,	1,	3),
(476,	10,	60,	0,	'2019-01-29 04:30:49',	NULL,	NULL,	1070,	100,	1,	3),
(477,	10,	75,	0,	'2019-01-29 04:30:49',	NULL,	NULL,	1071,	200,	1,	3),
(478,	10,	68,	0,	'2019-01-29 04:30:49',	NULL,	NULL,	1072,	1,	1,	1),
(479,	10,	53,	0,	'2019-01-29 04:30:49',	NULL,	NULL,	1073,	500,	1,	3),
(480,	10,	75,	0,	'2019-01-29 04:30:49',	NULL,	NULL,	1074,	160,	1,	3),
(481,	10,	60,	0,	'2019-01-29 04:30:49',	NULL,	NULL,	1075,	100,	1,	3),
(482,	10,	95,	0,	'2019-01-29 04:30:49',	NULL,	NULL,	1077,	200,	1,	3),
(483,	10,	300,	0,	'2019-01-29 04:30:49',	NULL,	NULL,	1078,	350,	1,	3),
(484,	10,	60,	0,	'2019-01-29 04:30:49',	NULL,	NULL,	1079,	100,	1,	3),
(485,	10,	75,	0,	'2019-01-29 04:30:49',	NULL,	NULL,	1080,	200,	1,	3),
(486,	10,	125,	0,	'2019-01-29 04:30:49',	NULL,	NULL,	1082,	75,	1,	3),
(487,	10,	111,	0,	'2019-01-29 04:30:49',	NULL,	NULL,	1083,	250,	1,	3),
(488,	10,	450,	0,	'2019-01-29 04:30:49',	NULL,	NULL,	1084,	862,	1,	3),
(489,	10,	49,	0,	'2019-01-29 04:30:49',	NULL,	NULL,	1085,	100,	1,	3),
(490,	10,	60,	0,	'2019-01-29 04:30:49',	NULL,	NULL,	1086,	100,	1,	3),
(491,	10,	69,	0,	'2019-01-29 04:30:49',	NULL,	NULL,	1087,	100,	1,	3),
(492,	10,	60,	0,	'2019-01-29 04:30:49',	NULL,	NULL,	1088,	100,	1,	3),
(493,	10,	55,	0,	'2019-01-29 04:30:49',	NULL,	NULL,	1090,	140,	1,	3),
(494,	10,	49,	0,	'2019-01-29 04:30:49',	NULL,	NULL,	1091,	100,	1,	3),
(495,	10,	60,	0,	'2019-01-29 04:30:49',	NULL,	NULL,	1092,	100,	1,	3),
(496,	10,	75,	0,	'2019-01-29 04:30:49',	NULL,	NULL,	1093,	200,	1,	3),
(497,	10,	400,	0,	'2019-01-29 04:30:49',	NULL,	NULL,	1095,	930,	1,	3),
(498,	10,	39,	0,	'2019-01-29 04:30:49',	NULL,	NULL,	1096,	100,	1,	3),
(499,	10,	49,	0,	'2019-01-29 04:30:49',	NULL,	NULL,	1097,	100,	1,	3),
(500,	10,	49,	0,	'2019-01-29 04:30:49',	NULL,	NULL,	1098,	100,	1,	3),
(501,	10,	49,	0,	'2019-01-29 04:30:49',	NULL,	NULL,	1099,	100,	1,	3),
(502,	10,	60,	0,	'2019-01-29 04:30:49',	NULL,	NULL,	1105,	100,	1,	3),
(503,	10,	79,	0,	'2019-01-29 04:30:49',	NULL,	NULL,	1106,	100,	1,	3),
(504,	10,	70,	0,	'2019-01-29 04:30:49',	NULL,	NULL,	1111,	250,	1,	3),
(505,	10,	105,	0,	'2019-01-29 04:30:49',	NULL,	NULL,	1112,	250,	1,	3),
(506,	10,	50,	0,	'2019-01-29 04:30:49',	NULL,	NULL,	1113,	200,	1,	3),
(507,	10,	157,	0,	'2019-01-29 04:30:49',	NULL,	NULL,	1114,	350,	1,	3),
(508,	10,	199,	0,	'2019-01-29 04:30:49',	NULL,	NULL,	1115,	200,	1,	3),
(509,	10,	49,	0,	'2019-01-29 04:30:49',	NULL,	NULL,	1116,	100,	1,	3),
(510,	10,	60,	0,	'2019-01-29 04:30:49',	NULL,	NULL,	1117,	100,	1,	3),
(511,	10,	60,	0,	'2019-01-29 04:30:49',	NULL,	NULL,	1118,	100,	1,	3),
(512,	10,	115,	0,	'2019-01-29 04:30:49',	NULL,	NULL,	1121,	250,	1,	3),
(513,	10,	250,	0,	'2019-01-29 04:30:49',	NULL,	NULL,	1122,	532,	1,	3),
(514,	10,	15,	0,	'2019-01-29 04:30:49',	NULL,	NULL,	1123,	120,	1,	3),
(515,	10,	67,	0,	'2019-01-29 04:30:49',	NULL,	NULL,	1124,	200,	1,	3),
(516,	10,	600,	0,	'2019-01-29 04:30:49',	NULL,	NULL,	1125,	1498,	1,	3),
(517,	10,	199,	0,	'2019-01-29 04:30:49',	NULL,	NULL,	1126,	200,	1,	3),
(518,	10,	79,	0,	'2019-01-29 04:30:49',	NULL,	NULL,	1127,	50,	1,	3),
(519,	10,	70,	0,	'2019-01-29 04:30:49',	NULL,	NULL,	1129,	250,	1,	3),
(520,	10,	15,	0,	'2019-01-29 04:30:49',	NULL,	NULL,	1130,	120,	1,	3),
(521,	10,	125,	0,	'2019-01-29 04:30:49',	NULL,	NULL,	1131,	350,	1,	3),
(522,	10,	60,	0,	'2019-01-29 04:30:49',	NULL,	NULL,	1132,	100,	1,	3),
(523,	10,	75,	0,	'2019-01-29 04:30:49',	NULL,	NULL,	1133,	200,	1,	3),
(524,	10,	95,	0,	'2019-01-29 04:30:49',	NULL,	NULL,	1139,	200,	1,	3),
(525,	10,	500,	0,	'2019-01-29 04:30:49',	NULL,	NULL,	1140,	1698,	1,	3),
(526,	10,	300,	0,	'2019-01-29 04:30:49',	NULL,	NULL,	1141,	800,	1,	3),
(527,	10,	157,	0,	'2019-01-29 04:30:49',	NULL,	NULL,	1142,	200,	1,	3),
(528,	10,	157,	0,	'2019-01-29 04:30:49',	NULL,	NULL,	1143,	350,	1,	3),
(529,	10,	300,	0,	'2019-01-29 04:30:49',	NULL,	NULL,	1144,	100,	1,	3),
(530,	10,	49,	0,	'2019-01-29 04:30:49',	NULL,	NULL,	1145,	100,	1,	3),
(531,	10,	49,	0,	'2019-01-29 04:30:49',	NULL,	NULL,	1146,	100,	1,	3),
(532,	10,	69,	0,	'2019-01-29 04:30:49',	NULL,	NULL,	1147,	100,	1,	3),
(533,	10,	69,	0,	'2019-01-29 04:30:49',	NULL,	NULL,	1148,	100,	1,	3),
(534,	10,	75,	0,	'2019-01-29 04:30:49',	NULL,	NULL,	1149,	200,	1,	3),
(535,	10,	105,	0,	'2019-01-29 04:30:49',	NULL,	NULL,	1152,	200,	1,	3),
(536,	10,	70,	0,	'2019-01-29 04:30:49',	NULL,	NULL,	1153,	250,	1,	3),
(537,	10,	157,	0,	'2019-01-29 04:30:49',	NULL,	NULL,	1154,	350,	1,	3),
(538,	10,	50,	0,	'2019-01-29 04:30:49',	NULL,	NULL,	1155,	150,	1,	3),
(539,	10,	69,	0,	'2019-01-29 04:30:49',	NULL,	NULL,	1156,	100,	1,	3),
(540,	10,	200,	0,	'2019-01-29 04:30:49',	NULL,	NULL,	1163,	350,	1,	3),
(541,	10,	65,	0,	'2019-01-29 04:30:49',	NULL,	NULL,	1164,	200,	1,	3),
(542,	10,	65,	0,	'2019-01-29 04:30:49',	NULL,	NULL,	1165,	200,	1,	3),
(543,	10,	70,	0,	'2019-01-29 04:30:49',	NULL,	NULL,	1166,	250,	1,	3),
(544,	10,	65,	0,	'2019-01-29 04:30:49',	NULL,	NULL,	1167,	250,	1,	3),
(545,	10,	170,	0,	'2019-01-29 04:30:49',	NULL,	NULL,	1168,	400,	1,	3),
(546,	10,	200,	0,	'2019-01-29 04:30:49',	NULL,	NULL,	1169,	528,	1,	3),
(547,	10,	250,	0,	'2019-01-29 04:30:49',	NULL,	NULL,	1170,	400,	1,	3),
(548,	10,	60,	0,	'2019-01-29 04:30:49',	NULL,	NULL,	1171,	200,	1,	3),
(549,	10,	60,	0,	'2019-01-29 04:30:49',	NULL,	NULL,	1172,	200,	1,	3),
(550,	10,	60,	0,	'2019-01-29 04:30:49',	NULL,	NULL,	1173,	200,	1,	3),
(551,	10,	60,	0,	'2019-01-29 04:30:49',	NULL,	NULL,	1174,	200,	1,	3),
(552,	10,	60,	0,	'2019-01-29 04:30:49',	NULL,	NULL,	1175,	200,	1,	3),
(553,	10,	60,	0,	'2019-01-29 04:30:49',	NULL,	NULL,	1176,	200,	1,	3),
(554,	10,	250,	0,	'2019-01-29 04:30:49',	NULL,	NULL,	1177,	600,	1,	3),
(555,	10,	399,	0,	'2019-01-29 04:30:49',	NULL,	NULL,	1178,	700,	1,	3),
(556,	10,	100,	0,	'2019-01-29 04:30:49',	NULL,	NULL,	1179,	110,	1,	3),
(557,	10,	111,	0,	'2019-01-29 04:30:49',	NULL,	NULL,	1180,	110,	1,	3),
(558,	10,	15,	0,	'2019-01-29 04:30:49',	NULL,	NULL,	1181,	120,	1,	3),
(559,	10,	55,	0,	'2019-01-29 04:30:49',	NULL,	NULL,	1182,	140,	1,	3),
(560,	10,	55,	0,	'2019-01-29 04:30:49',	NULL,	NULL,	1183,	140,	1,	3),
(561,	10,	55,	0,	'2019-01-29 04:30:49',	NULL,	NULL,	1184,	140,	1,	3),
(562,	10,	150,	0,	'2019-01-29 04:30:49',	NULL,	NULL,	1185,	500,	1,	3),
(563,	10,	50,	0,	'2019-01-29 04:30:49',	NULL,	NULL,	1186,	162,	1,	3),
(564,	10,	150,	0,	'2019-01-29 04:30:49',	NULL,	NULL,	1187,	350,	1,	3),
(565,	10,	150,	0,	'2019-01-29 04:30:49',	NULL,	NULL,	1188,	350,	1,	3),
(566,	10,	400,	0,	'2019-01-29 04:30:49',	NULL,	NULL,	1189,	600,	1,	3),
(567,	10,	130,	0,	'2019-01-29 04:30:49',	NULL,	NULL,	1190,	500,	1,	3),
(568,	10,	250,	0,	'2019-01-29 04:30:49',	NULL,	NULL,	1191,	500,	1,	3),
(569,	10,	67,	0,	'2019-01-29 04:30:49',	NULL,	NULL,	1192,	200,	1,	3),
(570,	10,	67,	0,	'2019-01-29 04:30:49',	NULL,	NULL,	1193,	200,	1,	3),
(571,	10,	67,	0,	'2019-01-29 04:30:49',	NULL,	NULL,	1194,	200,	1,	3),
(572,	10,	67,	0,	'2019-01-29 04:30:49',	NULL,	NULL,	1195,	200,	1,	3),
(573,	10,	50,	0,	'2019-01-29 04:30:49',	NULL,	NULL,	1196,	200,	1,	3),
(574,	10,	67,	0,	'2019-01-29 04:30:49',	NULL,	NULL,	1197,	200,	1,	3),
(575,	10,	100,	0,	'2019-01-29 04:30:49',	NULL,	NULL,	1198,	250,	1,	3),
(576,	10,	500,	0,	'2019-01-29 04:30:49',	NULL,	NULL,	1199,	2,	1,	1),
(577,	10,	350,	0,	'2019-01-29 04:30:49',	NULL,	NULL,	1200,	550,	1,	3),
(578,	10,	100,	0,	'2019-01-29 04:30:49',	NULL,	NULL,	1201,	198,	1,	3),
(579,	10,	25,	0,	'2019-01-29 04:30:49',	NULL,	NULL,	1202,	100,	1,	3),
(580,	10,	300,	0,	'2019-01-29 04:30:49',	NULL,	NULL,	1203,	800,	1,	3),
(581,	10,	50,	0,	'2019-01-29 04:30:49',	NULL,	NULL,	1204,	200,	1,	3),
(582,	10,	50,	0,	'2019-01-29 04:30:49',	NULL,	NULL,	1205,	200,	1,	3),
(583,	10,	157,	0,	'2019-01-29 04:30:49',	NULL,	NULL,	1206,	350,	1,	3),
(584,	10,	157,	0,	'2019-01-29 04:30:49',	NULL,	NULL,	1207,	350,	1,	3),
(585,	10,	400,	0,	'2019-01-29 04:30:49',	NULL,	NULL,	1208,	350,	1,	3),
(586,	10,	157,	0,	'2019-01-29 04:30:49',	NULL,	NULL,	1209,	350,	1,	3),
(587,	10,	50,	0,	'2019-01-29 04:30:49',	NULL,	NULL,	1210,	150,	1,	3),
(588,	10,	30,	0,	'2019-01-29 04:30:49',	NULL,	NULL,	1211,	220,	1,	3),
(589,	10,	50,	0,	'2019-01-29 04:30:49',	NULL,	NULL,	1212,	150,	1,	3),
(590,	10,	60,	0,	'2019-01-29 04:30:49',	NULL,	NULL,	1213,	100,	1,	3),
(591,	10,	60,	0,	'2019-01-29 04:30:49',	NULL,	NULL,	1214,	100,	1,	3),
(592,	10,	60,	0,	'2019-01-29 04:30:49',	NULL,	NULL,	1215,	100,	1,	3),
(593,	10,	49,	0,	'2019-01-29 04:30:49',	NULL,	NULL,	1216,	100,	1,	3),
(594,	10,	60,	0,	'2019-01-29 04:30:49',	NULL,	NULL,	1217,	100,	1,	3),
(595,	10,	60,	0,	'2019-01-29 04:30:49',	NULL,	NULL,	1218,	100,	1,	3),
(596,	10,	49,	0,	'2019-01-29 04:30:49',	NULL,	NULL,	1219,	100,	1,	3),
(597,	10,	60,	0,	'2019-01-29 04:30:49',	NULL,	NULL,	1220,	100,	1,	3),
(598,	10,	60,	0,	'2019-01-29 04:30:49',	NULL,	NULL,	1221,	100,	1,	3),
(599,	10,	60,	0,	'2019-01-29 04:30:49',	NULL,	NULL,	1222,	100,	1,	3),
(600,	10,	125,	0,	'2019-01-29 04:30:49',	NULL,	NULL,	1223,	200,	1,	3),
(601,	10,	75,	0,	'2019-01-29 04:30:49',	NULL,	NULL,	1224,	200,	1,	3),
(602,	10,	75,	0,	'2019-01-29 04:30:49',	NULL,	NULL,	1225,	200,	1,	3),
(603,	10,	125,	0,	'2019-01-29 04:30:49',	NULL,	NULL,	1226,	200,	1,	3),
(604,	10,	75,	0,	'2019-01-29 04:30:49',	NULL,	NULL,	1227,	200,	1,	3),
(605,	10,	125,	0,	'2019-01-29 04:30:49',	NULL,	NULL,	1228,	200,	1,	3),
(606,	10,	75,	0,	'2019-01-29 04:30:49',	NULL,	NULL,	1229,	200,	1,	3),
(607,	10,	125,	0,	'2019-01-29 04:30:49',	NULL,	NULL,	1230,	200,	1,	3),
(608,	10,	75,	0,	'2019-01-29 04:30:49',	NULL,	NULL,	1231,	200,	1,	3),
(609,	10,	75,	0,	'2019-01-29 04:30:49',	NULL,	NULL,	1232,	200,	1,	3),
(610,	10,	75,	0,	'2019-01-29 04:30:49',	NULL,	NULL,	1233,	200,	1,	3),
(611,	10,	60,	0,	'2019-01-29 04:30:49',	NULL,	NULL,	1234,	200,	1,	3),
(612,	10,	251,	0,	'2019-01-29 04:30:49',	NULL,	NULL,	1282,	332,	1,	3),
(613,	10,	350,	0,	'2019-01-29 04:30:49',	NULL,	NULL,	1283,	1100,	1,	3),
(614,	10,	60,	0,	'2019-01-29 04:30:49',	NULL,	NULL,	1289,	200,	1,	3),
(615,	10,	600,	0,	'2019-01-29 04:30:49',	NULL,	NULL,	1290,	540,	1,	3),
(616,	10,	500,	0,	'2019-01-29 04:30:49',	NULL,	NULL,	1291,	468,	1,	3),
(617,	10,	69,	0,	'2019-01-29 04:30:49',	NULL,	NULL,	1293,	50,	1,	3),
(618,	10,	20,	0,	'2019-01-29 04:30:49',	NULL,	NULL,	1348,	1,	1,	1),
(619,	10,	0,	0,	'2019-01-29 04:30:49',	NULL,	NULL,	1349,	1,	1,	1),
(620,	10,	0,	0,	'2019-01-29 04:30:49',	NULL,	NULL,	1350,	1,	1,	1),
(621,	10,	0,	0,	'2019-01-29 04:30:49',	NULL,	NULL,	1351,	1,	1,	1),
(622,	10,	0,	0,	'2019-01-29 04:30:49',	NULL,	NULL,	1352,	1,	1,	1),
(623,	10,	0,	0,	'2019-01-29 04:30:49',	NULL,	NULL,	1353,	1,	1,	1),
(624,	10,	0,	0,	'2019-01-29 04:30:49',	NULL,	NULL,	1354,	1,	1,	1),
(625,	10,	20,	0,	'2019-01-29 04:30:49',	NULL,	NULL,	1355,	1,	1,	1),
(626,	10,	0,	0,	'2019-01-29 04:30:49',	NULL,	NULL,	1356,	1,	1,	1),
(627,	10,	0,	0,	'2019-01-29 04:30:49',	NULL,	NULL,	1357,	1,	1,	1),
(628,	10,	0,	0,	'2019-01-29 04:30:49',	NULL,	NULL,	1358,	1,	1,	1),
(629,	10,	0,	0,	'2019-01-29 04:30:49',	NULL,	NULL,	1359,	1,	1,	1),
(630,	10,	0,	0,	'2019-01-29 04:30:49',	NULL,	NULL,	1360,	1,	1,	1),
(631,	10,	0,	0,	'2019-01-29 04:30:49',	NULL,	NULL,	1361,	1,	1,	1),
(632,	10,	0,	0,	'2019-01-29 04:30:49',	NULL,	NULL,	1362,	1,	1,	1),
(633,	10,	0,	0,	'2019-01-29 04:30:49',	NULL,	NULL,	1363,	1,	1,	1),
(634,	10,	0,	0,	'2019-01-29 04:30:49',	NULL,	NULL,	1364,	1,	1,	1),
(635,	10,	0,	0,	'2019-01-29 04:30:49',	NULL,	NULL,	1365,	1,	1,	1),
(636,	10,	0,	0,	'2019-01-29 04:30:49',	NULL,	NULL,	1366,	1,	1,	1),
(637,	10,	0,	0,	'2019-01-29 04:30:49',	NULL,	NULL,	1367,	1,	1,	1),
(638,	10,	0,	0,	'2019-01-29 04:30:49',	NULL,	NULL,	1368,	1,	1,	1),
(639,	10,	0,	0,	'2019-01-29 04:30:49',	NULL,	NULL,	1369,	1,	1,	1),
(640,	10,	0,	0,	'2019-01-29 04:30:49',	NULL,	NULL,	1370,	1,	1,	1),
(641,	10,	0,	0,	'2019-01-29 04:30:49',	NULL,	NULL,	1371,	1,	1,	1),
(642,	10,	0,	0,	'2019-01-29 04:30:49',	NULL,	NULL,	1372,	1,	1,	1),
(643,	10,	0,	0,	'2019-01-29 04:30:49',	NULL,	NULL,	1373,	1,	1,	1),
(644,	10,	0,	0,	'2019-01-29 04:30:49',	NULL,	NULL,	1374,	1,	1,	1),
(645,	10,	0,	0,	'2019-01-29 04:30:49',	NULL,	NULL,	1375,	1,	1,	1),
(646,	10,	0,	0,	'2019-01-29 04:30:49',	NULL,	NULL,	1376,	1,	1,	1),
(647,	10,	0,	0,	'2019-01-29 04:30:49',	NULL,	NULL,	1377,	1,	1,	1),
(648,	10,	60,	0,	'2019-01-29 04:30:49',	NULL,	NULL,	584,	100,	1,	3),
(649,	10,	60,	0,	'2019-01-29 04:30:49',	NULL,	NULL,	653,	100,	1,	3),
(650,	10,	75,	0,	'2019-01-29 04:30:49',	NULL,	NULL,	654,	200,	1,	3),
(651,	10,	60,	0,	'2019-01-29 04:30:49',	NULL,	NULL,	675,	100,	1,	3),
(652,	10,	75,	0,	'2019-01-29 04:30:49',	NULL,	NULL,	685,	200,	1,	3),
(653,	10,	149,	0,	'2019-01-29 04:30:49',	NULL,	NULL,	720,	200,	1,	3),
(654,	10,	60,	0,	'2019-01-29 04:30:49',	NULL,	NULL,	754,	200,	1,	3),
(655,	10,	39,	0,	'2019-01-29 04:30:49',	NULL,	NULL,	755,	100,	1,	3),
(656,	10,	60,	0,	'2019-01-29 04:30:49',	NULL,	NULL,	756,	100,	1,	3),
(657,	10,	39,	0,	'2019-01-29 04:30:49',	NULL,	NULL,	768,	100,	1,	3),
(658,	10,	69,	0,	'2019-01-29 04:30:49',	NULL,	NULL,	777,	100,	1,	3),
(659,	10,	60,	0,	'2019-01-29 04:30:49',	NULL,	NULL,	778,	100,	1,	3),
(660,	10,	175,	0,	'2019-01-29 04:30:49',	NULL,	NULL,	782,	500,	1,	3),
(661,	10,	60,	0,	'2019-01-29 04:30:49',	NULL,	NULL,	783,	100,	1,	3),
(662,	10,	99,	0,	'2019-01-29 04:30:49',	NULL,	NULL,	786,	160,	1,	3),
(663,	10,	125,	0,	'2019-01-29 04:30:49',	NULL,	NULL,	787,	350,	1,	3),
(664,	10,	40,	0,	'2019-01-29 04:30:49',	NULL,	NULL,	794,	70,	1,	3),
(665,	10,	75,	0,	'2019-01-29 04:30:49',	NULL,	NULL,	800,	140,	1,	3),
(666,	10,	49,	0,	'2019-01-29 04:30:49',	NULL,	NULL,	805,	100,	1,	3),
(667,	10,	49,	0,	'2019-01-29 04:30:49',	NULL,	NULL,	806,	100,	1,	3),
(668,	10,	60,	0,	'2019-01-29 04:30:49',	NULL,	NULL,	807,	100,	1,	3),
(669,	10,	75,	0,	'2019-01-29 04:30:49',	NULL,	NULL,	808,	200,	1,	3),
(670,	10,	49,	0,	'2019-01-29 04:30:49',	NULL,	NULL,	815,	100,	1,	3),
(671,	10,	60,	0,	'2019-01-29 04:30:49',	NULL,	NULL,	816,	100,	1,	3),
(672,	10,	65,	0,	'2019-01-29 04:30:49',	NULL,	NULL,	822,	250,	1,	3),
(673,	10,	39,	0,	'2019-01-29 04:30:49',	NULL,	NULL,	823,	100,	1,	3),
(674,	10,	69,	0,	'2019-01-29 04:30:49',	NULL,	NULL,	824,	100,	1,	3),
(675,	10,	60,	0,	'2019-01-29 04:30:49',	NULL,	NULL,	825,	100,	1,	3),
(676,	10,	69,	0,	'2019-01-29 04:30:49',	NULL,	NULL,	830,	100,	1,	3),
(677,	10,	79,	0,	'2019-01-29 04:30:49',	NULL,	NULL,	836,	100,	1,	3),
(678,	10,	60,	0,	'2019-01-29 04:30:49',	NULL,	NULL,	844,	100,	1,	3),
(679,	10,	75,	0,	'2019-01-29 04:30:49',	NULL,	NULL,	845,	200,	1,	3),
(680,	10,	18,	0,	'2019-01-29 04:30:49',	NULL,	NULL,	851,	120,	1,	3),
(681,	10,	39,	0,	'2019-01-29 04:30:49',	NULL,	NULL,	852,	100,	1,	3),
(682,	10,	39,	0,	'2019-01-29 04:30:49',	NULL,	NULL,	865,	100,	1,	3),
(683,	10,	49,	0,	'2019-01-29 04:30:49',	NULL,	NULL,	866,	100,	1,	3),
(684,	10,	39,	0,	'2019-01-29 04:30:49',	NULL,	NULL,	873,	100,	1,	3),
(685,	10,	49,	0,	'2019-01-29 04:30:49',	NULL,	NULL,	874,	100,	1,	3),
(686,	10,	49,	0,	'2019-01-29 04:30:49',	NULL,	NULL,	875,	50,	1,	3),
(687,	10,	98,	0,	'2019-01-29 04:30:49',	NULL,	NULL,	876,	1,	1,	1),
(688,	10,	70,	0,	'2019-01-29 04:30:49',	NULL,	NULL,	879,	156,	1,	3),
(689,	10,	18,	0,	'2019-01-29 04:30:49',	NULL,	NULL,	880,	120,	1,	3),
(690,	10,	199,	0,	'2019-01-29 04:30:49',	NULL,	NULL,	881,	275,	1,	3),
(691,	10,	125,	0,	'2019-01-29 04:30:49',	NULL,	NULL,	882,	350,	1,	3),
(692,	10,	49,	0,	'2019-01-29 04:30:49',	NULL,	NULL,	883,	100,	1,	3),
(693,	10,	39,	0,	'2019-01-29 04:30:49',	NULL,	NULL,	890,	100,	1,	3),
(694,	10,	79,	0,	'2019-01-29 04:30:49',	NULL,	NULL,	891,	100,	1,	3),
(695,	10,	49,	0,	'2019-01-29 04:30:49',	NULL,	NULL,	892,	60,	1,	3),
(696,	10,	60,	0,	'2019-01-29 04:30:49',	NULL,	NULL,	893,	100,	1,	3),
(697,	10,	107,	0,	'2019-01-29 04:30:49',	NULL,	NULL,	899,	250,	1,	3),
(698,	10,	49,	0,	'2019-01-29 04:30:49',	NULL,	NULL,	900,	100,	1,	3),
(699,	10,	49,	0,	'2019-01-29 04:30:49',	NULL,	NULL,	901,	100,	1,	3),
(700,	10,	69,	0,	'2019-01-29 04:30:49',	NULL,	NULL,	902,	100,	1,	3),
(701,	10,	65,	0,	'2019-01-29 04:30:49',	NULL,	NULL,	905,	250,	1,	3),
(702,	10,	60,	0,	'2019-01-29 04:30:49',	NULL,	NULL,	906,	100,	1,	3),
(703,	10,	60,	0,	'2019-01-29 04:30:49',	NULL,	NULL,	907,	100,	1,	3),
(704,	10,	60,	0,	'2019-01-29 04:30:49',	NULL,	NULL,	908,	100,	1,	3),
(705,	10,	60,	0,	'2019-01-29 04:30:49',	NULL,	NULL,	914,	100,	1,	3),
(706,	10,	30,	0,	'2019-01-29 04:30:49',	NULL,	NULL,	920,	200,	1,	3),
(707,	10,	55,	0,	'2019-01-29 04:30:49',	NULL,	NULL,	921,	140,	1,	3),
(708,	10,	157,	0,	'2019-01-29 04:30:49',	NULL,	NULL,	922,	350,	1,	3),
(709,	10,	60,	0,	'2019-01-29 04:30:49',	NULL,	NULL,	923,	100,	1,	3),
(710,	10,	49,	0,	'2019-01-29 04:30:49',	NULL,	NULL,	934,	100,	1,	3),
(711,	10,	65,	0,	'2019-01-29 04:30:49',	NULL,	NULL,	936,	200,	1,	3),
(712,	10,	75,	0,	'2019-01-29 04:30:49',	NULL,	NULL,	937,	160,	1,	3),
(713,	10,	49,	0,	'2019-01-29 04:30:49',	NULL,	NULL,	938,	100,	1,	3),
(714,	10,	79,	0,	'2019-01-29 04:30:49',	NULL,	NULL,	939,	100,	1,	3),
(715,	10,	75,	0,	'2019-01-29 04:30:49',	NULL,	NULL,	940,	200,	1,	3),
(716,	10,	99,	0,	'2019-01-29 04:30:49',	NULL,	NULL,	945,	200,	1,	3),
(717,	10,	50,	0,	'2019-01-29 04:30:49',	NULL,	NULL,	951,	200,	1,	3),
(718,	10,	60,	0,	'2019-01-29 04:30:49',	NULL,	NULL,	952,	100,	1,	3),
(719,	10,	60,	0,	'2019-01-29 04:30:49',	NULL,	NULL,	953,	100,	1,	3),
(720,	10,	49,	0,	'2019-01-29 04:30:49',	NULL,	NULL,	954,	100,	1,	3),
(721,	10,	75,	0,	'2019-01-29 04:30:49',	NULL,	NULL,	955,	200,	1,	3),
(722,	10,	299,	0,	'2019-01-29 04:30:49',	NULL,	NULL,	956,	200,	1,	3),
(723,	10,	50,	0,	'2019-01-29 04:30:49',	NULL,	NULL,	965,	180,	1,	3),
(724,	10,	15,	0,	'2019-01-29 04:30:49',	NULL,	NULL,	966,	60,	1,	3),
(725,	10,	200,	0,	'2019-01-29 04:30:49',	NULL,	NULL,	970,	400,	1,	3),
(726,	10,	110,	0,	'2019-01-29 04:30:49',	NULL,	NULL,	971,	200,	1,	3),
(727,	10,	200,	0,	'2019-01-29 04:30:49',	NULL,	NULL,	972,	600,	1,	3),
(728,	10,	69,	0,	'2019-01-29 04:30:49',	NULL,	NULL,	973,	100,	1,	3),
(729,	10,	49,	0,	'2019-01-29 04:30:49',	NULL,	NULL,	976,	100,	1,	3),
(730,	10,	69,	0,	'2019-01-29 04:30:49',	NULL,	NULL,	977,	100,	1,	3),
(731,	10,	67,	0,	'2019-01-29 04:30:49',	NULL,	NULL,	982,	200,	1,	3),
(732,	10,	157,	0,	'2019-01-29 04:30:49',	NULL,	NULL,	983,	350,	1,	3),
(733,	10,	60,	0,	'2019-01-29 04:30:49',	NULL,	NULL,	984,	100,	1,	3),
(734,	10,	60,	0,	'2019-01-29 04:30:49',	NULL,	NULL,	985,	100,	1,	3),
(735,	10,	75,	0,	'2019-01-29 04:30:49',	NULL,	NULL,	986,	200,	1,	3),
(736,	10,	150,	0,	'2019-01-29 04:30:49',	NULL,	NULL,	991,	400,	1,	3),
(737,	10,	60,	0,	'2019-01-29 04:30:49',	NULL,	NULL,	992,	200,	1,	3),
(738,	10,	199,	0,	'2019-01-29 04:30:49',	NULL,	NULL,	993,	200,	1,	3),
(739,	10,	65,	0,	'2019-01-29 04:30:49',	NULL,	NULL,	1003,	200,	1,	3),
(740,	10,	65,	0,	'2019-01-29 04:30:49',	NULL,	NULL,	1004,	250,	1,	3),
(741,	10,	69,	0,	'2019-01-29 04:30:49',	NULL,	NULL,	1005,	100,	1,	3),
(742,	10,	199,	0,	'2019-01-29 04:30:49',	NULL,	NULL,	1006,	160,	1,	3),
(743,	10,	60,	0,	'2019-01-29 04:30:49',	NULL,	NULL,	1007,	100,	1,	3),
(744,	10,	70,	0,	'2019-01-29 04:30:49',	NULL,	NULL,	1010,	250,	1,	3),
(745,	10,	450,	0,	'2019-01-29 04:30:49',	NULL,	NULL,	1011,	600,	1,	3),
(746,	10,	200,	0,	'2019-01-29 04:30:49',	NULL,	NULL,	1012,	600,	1,	3),
(747,	10,	60,	0,	'2019-01-29 04:30:49',	NULL,	NULL,	1013,	100,	1,	3),
(748,	10,	111,	0,	'2019-01-29 04:30:49',	NULL,	NULL,	1017,	182,	1,	3),
(749,	10,	60,	0,	'2019-01-29 04:30:49',	NULL,	NULL,	1018,	200,	1,	3),
(750,	10,	15,	0,	'2019-01-29 04:30:49',	NULL,	NULL,	1020,	120,	1,	3),
(751,	10,	67,	0,	'2019-01-29 04:30:49',	NULL,	NULL,	1021,	200,	1,	3),
(752,	10,	49,	0,	'2019-01-29 04:30:49',	NULL,	NULL,	1022,	100,	1,	3),
(753,	10,	65,	0,	'2019-01-29 04:30:49',	NULL,	NULL,	1026,	250,	1,	3),
(754,	10,	70,	0,	'2019-01-29 04:30:49',	NULL,	NULL,	1030,	140,	1,	3),
(755,	10,	55,	0,	'2019-01-29 04:30:49',	NULL,	NULL,	1031,	140,	1,	3),
(756,	10,	200,	0,	'2019-01-29 04:30:49',	NULL,	NULL,	1032,	532,	1,	3),
(757,	10,	60,	0,	'2019-01-29 04:30:49',	NULL,	NULL,	1033,	100,	1,	3),
(758,	10,	75,	0,	'2019-01-29 04:30:49',	NULL,	NULL,	1034,	200,	1,	3),
(759,	10,	111,	0,	'2019-01-29 04:30:49',	NULL,	NULL,	1040,	250,	1,	3),
(760,	10,	15,	0,	'2019-01-29 04:30:49',	NULL,	NULL,	1041,	120,	1,	3),
(761,	10,	49,	0,	'2019-01-29 04:30:49',	NULL,	NULL,	1042,	100,	1,	3),
(762,	10,	199,	0,	'2019-01-29 04:30:49',	NULL,	NULL,	1043,	200,	1,	3),
(763,	10,	49,	0,	'2019-01-29 04:30:49',	NULL,	NULL,	1044,	100,	1,	3),
(764,	10,	60,	0,	'2019-01-29 04:30:49',	NULL,	NULL,	1045,	100,	1,	3),
(765,	10,	65,	0,	'2019-01-29 04:30:49',	NULL,	NULL,	1049,	25,	1,	3),
(766,	10,	60,	0,	'2019-01-29 04:30:49',	NULL,	NULL,	1052,	200,	1,	3),
(767,	10,	125,	0,	'2019-01-29 04:30:49',	NULL,	NULL,	1053,	250,	1,	3),
(768,	10,	50,	0,	'2019-01-29 04:30:49',	NULL,	NULL,	1054,	200,	1,	3),
(769,	10,	39,	0,	'2019-01-29 04:30:49',	NULL,	NULL,	1055,	100,	1,	3),
(770,	10,	60,	0,	'2019-01-29 04:30:49',	NULL,	NULL,	1056,	100,	1,	3),
(771,	10,	60,	0,	'2019-01-29 04:30:49',	NULL,	NULL,	1057,	100,	1,	3),
(772,	10,	65,	0,	'2019-01-29 04:30:49',	NULL,	NULL,	1060,	200,	1,	3),
(773,	10,	15,	0,	'2019-01-29 04:30:49',	NULL,	NULL,	1061,	120,	1,	3),
(774,	10,	157,	0,	'2019-01-29 04:30:49',	NULL,	NULL,	1062,	350,	1,	3),
(775,	10,	99,	0,	'2019-01-29 04:30:49',	NULL,	NULL,	1063,	74,	1,	3),
(776,	10,	107,	0,	'2019-01-29 04:30:49',	NULL,	NULL,	1066,	250,	1,	3),
(777,	10,	50,	0,	'2019-01-29 04:30:49',	NULL,	NULL,	1067,	200,	1,	3),
(778,	10,	60,	0,	'2019-01-29 04:30:49',	NULL,	NULL,	1068,	100,	1,	3),
(779,	10,	199,	0,	'2019-01-29 04:30:49',	NULL,	NULL,	1069,	200,	1,	3),
(780,	10,	60,	0,	'2019-01-29 04:30:49',	NULL,	NULL,	1070,	100,	1,	3),
(781,	10,	75,	0,	'2019-01-29 04:30:49',	NULL,	NULL,	1071,	200,	1,	3),
(782,	10,	68,	0,	'2019-01-29 04:30:49',	NULL,	NULL,	1072,	1,	1,	1),
(783,	10,	53,	0,	'2019-01-29 04:30:49',	NULL,	NULL,	1073,	500,	1,	3),
(784,	10,	75,	0,	'2019-01-29 04:30:49',	NULL,	NULL,	1074,	160,	1,	3),
(785,	10,	60,	0,	'2019-01-29 04:30:49',	NULL,	NULL,	1075,	100,	1,	3),
(786,	10,	95,	0,	'2019-01-29 04:30:49',	NULL,	NULL,	1077,	200,	1,	3),
(787,	10,	300,	0,	'2019-01-29 04:30:49',	NULL,	NULL,	1078,	350,	1,	3),
(788,	10,	60,	0,	'2019-01-29 04:30:49',	NULL,	NULL,	1079,	100,	1,	3),
(789,	10,	75,	0,	'2019-01-29 04:30:49',	NULL,	NULL,	1080,	200,	1,	3),
(790,	10,	125,	0,	'2019-01-29 04:30:49',	NULL,	NULL,	1082,	75,	1,	3),
(791,	10,	111,	0,	'2019-01-29 04:30:49',	NULL,	NULL,	1083,	250,	1,	3),
(792,	10,	450,	0,	'2019-01-29 04:30:49',	NULL,	NULL,	1084,	862,	1,	3),
(793,	10,	49,	0,	'2019-01-29 04:30:49',	NULL,	NULL,	1085,	100,	1,	3),
(794,	10,	60,	0,	'2019-01-29 04:30:49',	NULL,	NULL,	1086,	100,	1,	3),
(795,	10,	69,	0,	'2019-01-29 04:30:49',	NULL,	NULL,	1087,	100,	1,	3),
(796,	10,	60,	0,	'2019-01-29 04:30:49',	NULL,	NULL,	1088,	100,	1,	3),
(797,	10,	55,	0,	'2019-01-29 04:30:49',	NULL,	NULL,	1090,	140,	1,	3),
(798,	10,	49,	0,	'2019-01-29 04:30:49',	NULL,	NULL,	1091,	100,	1,	3),
(799,	10,	60,	0,	'2019-01-29 04:30:49',	NULL,	NULL,	1092,	100,	1,	3),
(800,	10,	75,	0,	'2019-01-29 04:30:49',	NULL,	NULL,	1093,	200,	1,	3),
(801,	10,	400,	0,	'2019-01-29 04:30:49',	NULL,	NULL,	1095,	930,	1,	3),
(802,	10,	39,	0,	'2019-01-29 04:30:49',	NULL,	NULL,	1096,	100,	1,	3),
(803,	10,	49,	0,	'2019-01-29 04:30:49',	NULL,	NULL,	1097,	100,	1,	3),
(804,	10,	49,	0,	'2019-01-29 04:30:49',	NULL,	NULL,	1098,	100,	1,	3),
(805,	10,	49,	0,	'2019-01-29 04:30:49',	NULL,	NULL,	1099,	100,	1,	3),
(806,	10,	60,	0,	'2019-01-29 04:30:49',	NULL,	NULL,	1105,	100,	1,	3),
(807,	10,	79,	0,	'2019-01-29 04:30:49',	NULL,	NULL,	1106,	100,	1,	3),
(808,	10,	70,	0,	'2019-01-29 04:30:49',	NULL,	NULL,	1111,	250,	1,	3),
(809,	10,	105,	0,	'2019-01-29 04:30:49',	NULL,	NULL,	1112,	250,	1,	3),
(810,	10,	50,	0,	'2019-01-29 04:30:49',	NULL,	NULL,	1113,	200,	1,	3),
(811,	10,	157,	0,	'2019-01-29 04:30:49',	NULL,	NULL,	1114,	350,	1,	3),
(812,	10,	199,	0,	'2019-01-29 04:30:49',	NULL,	NULL,	1115,	200,	1,	3),
(813,	10,	49,	0,	'2019-01-29 04:30:49',	NULL,	NULL,	1116,	100,	1,	3),
(814,	10,	60,	0,	'2019-01-29 04:30:49',	NULL,	NULL,	1117,	100,	1,	3),
(815,	10,	60,	0,	'2019-01-29 04:30:49',	NULL,	NULL,	1118,	100,	1,	3),
(816,	10,	115,	0,	'2019-01-29 04:30:49',	NULL,	NULL,	1121,	250,	1,	3),
(817,	10,	250,	0,	'2019-01-29 04:30:49',	NULL,	NULL,	1122,	532,	1,	3),
(818,	10,	15,	0,	'2019-01-29 04:30:50',	NULL,	NULL,	1123,	120,	1,	3),
(819,	10,	67,	0,	'2019-01-29 04:30:50',	NULL,	NULL,	1124,	200,	1,	3),
(820,	10,	600,	0,	'2019-01-29 04:30:50',	NULL,	NULL,	1125,	1498,	1,	3),
(821,	10,	199,	0,	'2019-01-29 04:30:50',	NULL,	NULL,	1126,	200,	1,	3),
(822,	10,	79,	0,	'2019-01-29 04:30:50',	NULL,	NULL,	1127,	50,	1,	3),
(823,	10,	70,	0,	'2019-01-29 04:30:50',	NULL,	NULL,	1129,	250,	1,	3),
(824,	10,	15,	0,	'2019-01-29 04:30:50',	NULL,	NULL,	1130,	120,	1,	3),
(825,	10,	125,	0,	'2019-01-29 04:30:50',	NULL,	NULL,	1131,	350,	1,	3),
(826,	10,	60,	0,	'2019-01-29 04:30:50',	NULL,	NULL,	1132,	100,	1,	3),
(827,	10,	75,	0,	'2019-01-29 04:30:50',	NULL,	NULL,	1133,	200,	1,	3),
(828,	10,	95,	0,	'2019-01-29 04:30:50',	NULL,	NULL,	1139,	200,	1,	3),
(829,	10,	500,	0,	'2019-01-29 04:30:50',	NULL,	NULL,	1140,	1698,	1,	3),
(830,	10,	300,	0,	'2019-01-29 04:30:50',	NULL,	NULL,	1141,	800,	1,	3),
(831,	10,	157,	0,	'2019-01-29 04:30:50',	NULL,	NULL,	1142,	200,	1,	3),
(832,	10,	157,	0,	'2019-01-29 04:30:50',	NULL,	NULL,	1143,	350,	1,	3),
(833,	10,	300,	0,	'2019-01-29 04:30:50',	NULL,	NULL,	1144,	100,	1,	3),
(834,	10,	49,	0,	'2019-01-29 04:30:50',	NULL,	NULL,	1145,	100,	1,	3),
(835,	10,	49,	0,	'2019-01-29 04:30:50',	NULL,	NULL,	1146,	100,	1,	3),
(836,	10,	69,	0,	'2019-01-29 04:30:50',	NULL,	NULL,	1147,	100,	1,	3),
(837,	10,	69,	0,	'2019-01-29 04:30:50',	NULL,	NULL,	1148,	100,	1,	3),
(838,	10,	75,	0,	'2019-01-29 04:30:50',	NULL,	NULL,	1149,	200,	1,	3),
(839,	10,	105,	0,	'2019-01-29 04:30:50',	NULL,	NULL,	1152,	200,	1,	3),
(840,	10,	70,	0,	'2019-01-29 04:30:50',	NULL,	NULL,	1153,	250,	1,	3),
(841,	10,	157,	0,	'2019-01-29 04:30:50',	NULL,	NULL,	1154,	350,	1,	3),
(842,	10,	50,	0,	'2019-01-29 04:30:50',	NULL,	NULL,	1155,	150,	1,	3),
(843,	10,	69,	0,	'2019-01-29 04:30:50',	NULL,	NULL,	1156,	100,	1,	3),
(844,	10,	200,	0,	'2019-01-29 04:30:50',	NULL,	NULL,	1163,	350,	1,	3),
(845,	10,	65,	0,	'2019-01-29 04:30:50',	NULL,	NULL,	1164,	200,	1,	3),
(846,	10,	65,	0,	'2019-01-29 04:30:50',	NULL,	NULL,	1165,	200,	1,	3),
(847,	10,	70,	0,	'2019-01-29 04:30:50',	NULL,	NULL,	1166,	250,	1,	3),
(848,	10,	65,	0,	'2019-01-29 04:30:50',	NULL,	NULL,	1167,	250,	1,	3),
(849,	10,	170,	0,	'2019-01-29 04:30:50',	NULL,	NULL,	1168,	400,	1,	3),
(850,	10,	200,	0,	'2019-01-29 04:30:50',	NULL,	NULL,	1169,	528,	1,	3),
(851,	10,	250,	0,	'2019-01-29 04:30:50',	NULL,	NULL,	1170,	400,	1,	3),
(852,	10,	60,	0,	'2019-01-29 04:30:50',	NULL,	NULL,	1171,	200,	1,	3),
(853,	10,	60,	0,	'2019-01-29 04:30:50',	NULL,	NULL,	1172,	200,	1,	3),
(854,	10,	60,	0,	'2019-01-29 04:30:50',	NULL,	NULL,	1173,	200,	1,	3),
(855,	10,	60,	0,	'2019-01-29 04:30:50',	NULL,	NULL,	1174,	200,	1,	3),
(856,	10,	60,	0,	'2019-01-29 04:30:50',	NULL,	NULL,	1175,	200,	1,	3),
(857,	10,	60,	0,	'2019-01-29 04:30:50',	NULL,	NULL,	1176,	200,	1,	3),
(858,	10,	250,	0,	'2019-01-29 04:30:50',	NULL,	NULL,	1177,	600,	1,	3),
(859,	10,	399,	0,	'2019-01-29 04:30:50',	NULL,	NULL,	1178,	700,	1,	3),
(860,	10,	100,	0,	'2019-01-29 04:30:50',	NULL,	NULL,	1179,	110,	1,	3),
(861,	10,	111,	0,	'2019-01-29 04:30:50',	NULL,	NULL,	1180,	110,	1,	3),
(862,	10,	15,	0,	'2019-01-29 04:30:50',	NULL,	NULL,	1181,	120,	1,	3),
(863,	10,	55,	0,	'2019-01-29 04:30:50',	NULL,	NULL,	1182,	140,	1,	3),
(864,	10,	55,	0,	'2019-01-29 04:30:50',	NULL,	NULL,	1183,	140,	1,	3),
(865,	10,	55,	0,	'2019-01-29 04:30:50',	NULL,	NULL,	1184,	140,	1,	3),
(866,	10,	150,	0,	'2019-01-29 04:30:50',	NULL,	NULL,	1185,	500,	1,	3),
(867,	10,	50,	0,	'2019-01-29 04:30:50',	NULL,	NULL,	1186,	162,	1,	3),
(868,	10,	150,	0,	'2019-01-29 04:30:50',	NULL,	NULL,	1187,	350,	1,	3),
(869,	10,	150,	0,	'2019-01-29 04:30:50',	NULL,	NULL,	1188,	350,	1,	3),
(870,	10,	400,	0,	'2019-01-29 04:30:50',	NULL,	NULL,	1189,	600,	1,	3),
(871,	10,	130,	0,	'2019-01-29 04:30:50',	NULL,	NULL,	1190,	500,	1,	3),
(872,	10,	250,	0,	'2019-01-29 04:30:50',	NULL,	NULL,	1191,	500,	1,	3),
(873,	10,	67,	0,	'2019-01-29 04:30:50',	NULL,	NULL,	1192,	200,	1,	3),
(874,	10,	67,	0,	'2019-01-29 04:30:50',	NULL,	NULL,	1193,	200,	1,	3),
(875,	10,	67,	0,	'2019-01-29 04:30:50',	NULL,	NULL,	1194,	200,	1,	3),
(876,	10,	67,	0,	'2019-01-29 04:30:50',	NULL,	NULL,	1195,	200,	1,	3),
(877,	10,	50,	0,	'2019-01-29 04:30:50',	NULL,	NULL,	1196,	200,	1,	3),
(878,	10,	67,	0,	'2019-01-29 04:30:50',	NULL,	NULL,	1197,	200,	1,	3),
(879,	10,	100,	0,	'2019-01-29 04:30:50',	NULL,	NULL,	1198,	250,	1,	3),
(880,	10,	500,	0,	'2019-01-29 04:30:50',	NULL,	NULL,	1199,	2,	1,	1),
(881,	10,	350,	0,	'2019-01-29 04:30:50',	NULL,	NULL,	1200,	550,	1,	3),
(882,	10,	100,	0,	'2019-01-29 04:30:50',	NULL,	NULL,	1201,	198,	1,	3),
(883,	10,	25,	0,	'2019-01-29 04:30:50',	NULL,	NULL,	1202,	100,	1,	3),
(884,	10,	300,	0,	'2019-01-29 04:30:50',	NULL,	NULL,	1203,	800,	1,	3),
(885,	10,	50,	0,	'2019-01-29 04:30:50',	NULL,	NULL,	1204,	200,	1,	3),
(886,	10,	50,	0,	'2019-01-29 04:30:50',	NULL,	NULL,	1205,	200,	1,	3),
(887,	10,	157,	0,	'2019-01-29 04:30:50',	NULL,	NULL,	1206,	350,	1,	3),
(888,	10,	157,	0,	'2019-01-29 04:30:50',	NULL,	NULL,	1207,	350,	1,	3),
(889,	10,	400,	0,	'2019-01-29 04:30:50',	NULL,	NULL,	1208,	350,	1,	3),
(890,	10,	157,	0,	'2019-01-29 04:30:50',	NULL,	NULL,	1209,	350,	1,	3),
(891,	10,	50,	0,	'2019-01-29 04:30:50',	NULL,	NULL,	1210,	150,	1,	3),
(892,	10,	30,	0,	'2019-01-29 04:30:50',	NULL,	NULL,	1211,	220,	1,	3),
(893,	10,	50,	0,	'2019-01-29 04:30:50',	NULL,	NULL,	1212,	150,	1,	3),
(894,	10,	60,	0,	'2019-01-29 04:30:50',	NULL,	NULL,	1213,	100,	1,	3),
(895,	10,	60,	0,	'2019-01-29 04:30:50',	NULL,	NULL,	1214,	100,	1,	3),
(896,	10,	60,	0,	'2019-01-29 04:30:50',	NULL,	NULL,	1215,	100,	1,	3),
(897,	10,	49,	0,	'2019-01-29 04:30:50',	NULL,	NULL,	1216,	100,	1,	3),
(898,	10,	60,	0,	'2019-01-29 04:30:50',	NULL,	NULL,	1217,	100,	1,	3),
(899,	10,	60,	0,	'2019-01-29 04:30:50',	NULL,	NULL,	1218,	100,	1,	3),
(900,	10,	49,	0,	'2019-01-29 04:30:50',	NULL,	NULL,	1219,	100,	1,	3),
(901,	10,	60,	0,	'2019-01-29 04:30:50',	NULL,	NULL,	1220,	100,	1,	3),
(902,	10,	60,	0,	'2019-01-29 04:30:50',	NULL,	NULL,	1221,	100,	1,	3),
(903,	10,	60,	0,	'2019-01-29 04:30:50',	NULL,	NULL,	1222,	100,	1,	3),
(904,	10,	125,	0,	'2019-01-29 04:30:50',	NULL,	NULL,	1223,	200,	1,	3),
(905,	10,	75,	0,	'2019-01-29 04:30:50',	NULL,	NULL,	1224,	200,	1,	3),
(906,	10,	75,	0,	'2019-01-29 04:30:50',	NULL,	NULL,	1225,	200,	1,	3),
(907,	10,	125,	0,	'2019-01-29 04:30:50',	NULL,	NULL,	1226,	200,	1,	3),
(908,	10,	75,	0,	'2019-01-29 04:30:50',	NULL,	NULL,	1227,	200,	1,	3),
(909,	10,	125,	0,	'2019-01-29 04:30:50',	NULL,	NULL,	1228,	200,	1,	3),
(910,	10,	75,	0,	'2019-01-29 04:30:50',	NULL,	NULL,	1229,	200,	1,	3),
(911,	10,	125,	0,	'2019-01-29 04:30:50',	NULL,	NULL,	1230,	200,	1,	3),
(912,	10,	75,	0,	'2019-01-29 04:30:50',	NULL,	NULL,	1231,	200,	1,	3),
(913,	10,	75,	0,	'2019-01-29 04:30:50',	NULL,	NULL,	1232,	200,	1,	3),
(914,	10,	75,	0,	'2019-01-29 04:30:50',	NULL,	NULL,	1233,	200,	1,	3),
(915,	10,	60,	0,	'2019-01-29 04:30:50',	NULL,	NULL,	1234,	200,	1,	3),
(916,	10,	251,	0,	'2019-01-29 04:30:50',	NULL,	NULL,	1282,	332,	1,	3),
(917,	10,	350,	0,	'2019-01-29 04:30:50',	NULL,	NULL,	1283,	1100,	1,	3),
(918,	10,	60,	0,	'2019-01-29 04:30:50',	NULL,	NULL,	1289,	200,	1,	3),
(919,	10,	600,	0,	'2019-01-29 04:30:50',	NULL,	NULL,	1290,	540,	1,	3),
(920,	10,	500,	0,	'2019-01-29 04:30:50',	NULL,	NULL,	1291,	468,	1,	3),
(921,	10,	69,	0,	'2019-01-29 04:30:50',	NULL,	NULL,	1293,	50,	1,	3),
(922,	10,	20,	0,	'2019-01-29 04:30:50',	NULL,	NULL,	1348,	1,	1,	1),
(923,	10,	0,	0,	'2019-01-29 04:30:50',	NULL,	NULL,	1349,	1,	1,	1),
(924,	10,	0,	0,	'2019-01-29 04:30:50',	NULL,	NULL,	1350,	1,	1,	1),
(925,	10,	0,	0,	'2019-01-29 04:30:50',	NULL,	NULL,	1351,	1,	1,	1),
(926,	10,	0,	0,	'2019-01-29 04:30:50',	NULL,	NULL,	1352,	1,	1,	1),
(927,	10,	0,	0,	'2019-01-29 04:30:50',	NULL,	NULL,	1353,	1,	1,	1),
(928,	10,	0,	0,	'2019-01-29 04:30:50',	NULL,	NULL,	1354,	1,	1,	1),
(929,	10,	20,	0,	'2019-01-29 04:30:50',	NULL,	NULL,	1355,	1,	1,	1),
(930,	10,	0,	0,	'2019-01-29 04:30:50',	NULL,	NULL,	1356,	1,	1,	1),
(931,	10,	0,	0,	'2019-01-29 04:30:50',	NULL,	NULL,	1357,	1,	1,	1),
(932,	10,	0,	0,	'2019-01-29 04:30:50',	NULL,	NULL,	1358,	1,	1,	1),
(933,	10,	0,	0,	'2019-01-29 04:30:50',	NULL,	NULL,	1359,	1,	1,	1),
(934,	10,	0,	0,	'2019-01-29 04:30:50',	NULL,	NULL,	1360,	1,	1,	1),
(935,	10,	0,	0,	'2019-01-29 04:30:50',	NULL,	NULL,	1361,	1,	1,	1),
(936,	10,	0,	0,	'2019-01-29 04:30:50',	NULL,	NULL,	1362,	1,	1,	1),
(937,	10,	0,	0,	'2019-01-29 04:30:50',	NULL,	NULL,	1363,	1,	1,	1),
(938,	10,	0,	0,	'2019-01-29 04:30:50',	NULL,	NULL,	1364,	1,	1,	1),
(939,	10,	0,	0,	'2019-01-29 04:30:50',	NULL,	NULL,	1365,	1,	1,	1),
(940,	10,	0,	0,	'2019-01-29 04:30:50',	NULL,	NULL,	1366,	1,	1,	1),
(941,	10,	0,	0,	'2019-01-29 04:30:50',	NULL,	NULL,	1367,	1,	1,	1),
(942,	10,	0,	0,	'2019-01-29 04:30:50',	NULL,	NULL,	1368,	1,	1,	1),
(943,	10,	0,	0,	'2019-01-29 04:30:50',	NULL,	NULL,	1369,	1,	1,	1),
(944,	10,	0,	0,	'2019-01-29 04:30:50',	NULL,	NULL,	1370,	1,	1,	1),
(945,	10,	0,	0,	'2019-01-29 04:30:50',	NULL,	NULL,	1371,	1,	1,	1),
(946,	10,	0,	0,	'2019-01-29 04:30:50',	NULL,	NULL,	1372,	1,	1,	1),
(947,	10,	0,	0,	'2019-01-29 04:30:50',	NULL,	NULL,	1373,	1,	1,	1),
(948,	10,	0,	0,	'2019-01-29 04:30:50',	NULL,	NULL,	1374,	1,	1,	1),
(949,	10,	0,	0,	'2019-01-29 04:30:50',	NULL,	NULL,	1375,	1,	1,	1),
(950,	10,	0,	0,	'2019-01-29 04:30:50',	NULL,	NULL,	1376,	1,	1,	1),
(951,	10,	0,	0,	'2019-01-29 04:30:50',	NULL,	NULL,	1377,	1,	1,	1),
(952,	6,	0,	0,	'2019-01-29 14:48:54',	NULL,	NULL,	1362,	1,	1,	1),
(953,	5,	10,	0,	'2019-01-29 19:33:18',	NULL,	NULL,	1349,	1,	1,	18),
(954,	5,	20,	0,	'2019-01-29 19:33:20',	NULL,	NULL,	1348,	1,	1,	1),
(955,	5,	15,	0,	'2019-01-29 19:33:22',	NULL,	NULL,	1354,	1,	1,	1),
(956,	5,	15,	0,	'2019-01-29 19:33:24',	NULL,	NULL,	1350,	1,	1,	18),
(957,	5,	12,	0,	'2019-01-29 19:33:25',	NULL,	NULL,	1358,	1,	1,	1),
(958,	5,	15,	0,	'2019-01-29 19:33:27',	NULL,	NULL,	1357,	1,	1,	1),
(959,	5,	2,	0,	'2019-01-29 19:33:31',	NULL,	NULL,	1364,	1,	1,	18),
(960,	5,	20,	0,	'2019-01-29 19:33:32',	NULL,	NULL,	1361,	1,	1,	1),
(961,	5,	15,	0,	'2019-01-29 19:33:34',	NULL,	NULL,	1370,	1,	1,	1),
(962,	5,	15,	0,	'2019-01-29 19:33:36',	NULL,	NULL,	1366,	1,	1,	18),
(963,	5,	20,	0,	'2019-01-29 19:33:37',	NULL,	NULL,	1374,	1,	1,	1),
(966,	5,	5,	0,	'2019-01-29 19:35:04',	NULL,	NULL,	1372,	50,	1,	3),
(967,	5,	10,	0,	'2019-01-29 19:35:37',	NULL,	NULL,	1351,	250,	1,	3),
(969,	5,	10,	0,	'2019-01-29 19:35:41',	NULL,	NULL,	1352,	1,	1,	3),
(970,	5,	15,	0,	'2019-01-29 19:35:43',	NULL,	NULL,	1359,	1,	1,	1),
(971,	5,	20,	0,	'2019-01-29 19:35:44',	NULL,	NULL,	1356,	1,	1,	1),
(972,	5,	10,	0,	'2019-01-29 19:35:46',	NULL,	NULL,	1367,	100,	1,	3),
(973,	5,	100,	0,	'2019-01-29 19:35:47',	NULL,	NULL,	1360,	1,	1,	1),
(974,	5,	20,	0,	'2019-01-29 19:35:51',	NULL,	NULL,	1371,	1,	1,	1),
(975,	5,	30,	0,	'2019-01-29 19:35:53',	NULL,	NULL,	1369,	1,	1,	1),
(976,	5,	30,	0,	'2019-01-29 19:35:55',	NULL,	NULL,	1376,	1,	1,	1),
(977,	5,	25,	0,	'2019-01-29 19:35:57',	NULL,	NULL,	1375,	1,	1,	1),
(978,	5,	20,	0,	'2019-01-29 19:36:18',	NULL,	NULL,	1353,	1,	1,	1),
(979,	5,	25,	0,	'2019-01-29 19:36:20',	NULL,	NULL,	1363,	1,	1,	1),
(980,	5,	80,	0,	'2019-01-29 19:36:21',	NULL,	NULL,	1362,	1,	1,	1),
(981,	5,	30,	0,	'2019-01-29 19:36:23',	NULL,	NULL,	1368,	1,	1,	1),
(982,	5,	60,	0,	'2019-01-29 19:36:24',	NULL,	NULL,	1365,	1,	1,	1),
(983,	5,	20,	0,	'2019-01-29 19:36:26',	NULL,	NULL,	1373,	1,	1,	1),
(984,	5,	20,	0,	'2019-01-29 19:36:26',	NULL,	NULL,	1373,	1,	1,	2);

CREATE TABLE `gro_shop_info_tab` (
  `gro_shop_info_id` int(255) unsigned NOT NULL AUTO_INCREMENT,
  `name` varchar(500) CHARACTER SET utf8 COLLATE utf8_unicode_ci NOT NULL,
  `state` varchar(150) CHARACTER SET utf8 COLLATE utf8_unicode_ci NOT NULL,
  `city` varchar(150) CHARACTER SET utf8 COLLATE utf8_unicode_ci NOT NULL,
  `address` varchar(500) CHARACTER SET utf8 COLLATE utf8_unicode_ci DEFAULT NULL,
  `rating` double DEFAULT NULL,
  `created_at` timestamp NOT NULL DEFAULT CURRENT_TIMESTAMP,
  `updated_at` timestamp NULL DEFAULT NULL,
  `location` mediumtext CHARACTER SET utf8 COLLATE utf8_unicode_ci NOT NULL,
  `user_id` int(10) NOT NULL,
  `mobile1` varchar(13) COLLATE utf8_unicode_ci DEFAULT NULL,
  `mobile2` varchar(13) COLLATE utf8_unicode_ci DEFAULT NULL,
  `visiblilty` int(10) DEFAULT '0',
  `DCharge` int(10) DEFAULT '0',
  `IsDelivery` int(10) DEFAULT '0',
  `pic` varchar(500) CHARACTER SET utf8 COLLATE utf8_unicode_ci DEFAULT '""',
  `Pin_Code` varchar(500) CHARACTER SET utf8 COLLATE utf8_unicode_ci DEFAULT '0',
  PRIMARY KEY (`gro_shop_info_id`)
) ENGINE=InnoDB AUTO_INCREMENT=11 DEFAULT CHARSET=utf8 COLLATE=utf8_unicode_ci;

INSERT INTO `gro_shop_info_tab` (`gro_shop_info_id`, `name`, `state`, `city`, `address`, `rating`, `created_at`, `updated_at`, `location`, `user_id`, `mobile1`, `mobile2`, `visiblilty`, `DCharge`, `IsDelivery`, `pic`, `Pin_Code`) VALUES
(5,	'beeru',	'Bihar',	'bhagalpur',	'At - Urdau Bazar, Bhagalpur (Bihar)',	4,	'2019-01-13 13:41:05',	'2019-01-30 05:11:23',	'bgp',	37,	'1234567880',	'9635287410',	1,	10,	0,	'http://gomarket.ourgts.com/storage/app/public/Profie/Shop_id_5/5c507d2b82a9b1548778795.jpg',	'812002'),
(6,	'Thomos',	'Bihar',	'Bhagalpur',	'At- KhangarPur, Bhagalpur (Bihar)',	5,	'2019-01-13 13:49:35',	NULL,	'bnvf',	57,	NULL,	NULL,	0,	0,	1,	'https://www.christmastreeshops.com/resources/images/defaultStoreImage.jpg',	'812007'),
(7,	'Shop',	'',	'',	'',	NULL,	'2019-01-28 07:16:58',	NULL,	'',	105,	'3623653985',	NULL,	1,	0,	0,	'http://gomarket.ourgts.com/storage/app/public/offer/ImageNotFound.png',	'0'),
(9,	'Sushil Shop Demo',	'',	'',	'',	NULL,	'2019-01-28 12:57:17',	NULL,	'',	109,	'7396543218',	NULL,	1,	0,	0,	'http://gomarket.ourgts.com/storage/app/public/offer/ImageNotFound.png',	'0'),
(10,	'Shop 247',	'Bihar',	'Bhagalpur',	'At-urdubzar,bhagalpur',	NULL,	'2019-01-29 04:30:11',	'2019-01-29 04:33:19',	'',	110,	'9323523869',	'5689064688',	1,	0,	0,	'http://gomarket.ourgts.com/storage/app/public/Profie/Shop_id_10/Shop 247.jpg',	'812009');

CREATE TABLE `gro_subcat_tab` (
  `gro_cat_id` int(11) NOT NULL,
  `gro_subcat_id` int(255) unsigned NOT NULL AUTO_INCREMENT,
  `subcat_name` varchar(5000) CHARACTER SET utf8 COLLATE utf8_unicode_ci NOT NULL,
  `pic` varchar(5000) CHARACTER SET utf8 COLLATE utf8_unicode_ci DEFAULT NULL,
  `created_at` timestamp NOT NULL DEFAULT CURRENT_TIMESTAMP,
  `updated_at` timestamp NOT NULL DEFAULT '0000-00-00 00:00:00',
  PRIMARY KEY (`gro_subcat_id`)
) ENGINE=InnoDB AUTO_INCREMENT=75 DEFAULT CHARSET=utf8 COLLATE=utf8_unicode_ci;

INSERT INTO `gro_subcat_tab` (`gro_cat_id`, `gro_subcat_id`, `subcat_name`, `pic`, `created_at`, `updated_at`) VALUES
(2,	1,	'Oils',	'',	'2018-09-12 05:56:49',	'2018-11-26 02:51:26'),
(2,	2,	'GHEE',	'',	'2018-09-12 05:56:49',	'2018-11-26 02:51:26'),
(2,	3,	'FLOURS & RICE',	'https://3day.000webhostapp.com/shop/shop/1-IMG_2816.jpg',	'2018-09-12 05:56:50',	'2018-11-26 02:51:26'),
(2,	4,	'SALT, SUGAR & SPICES',	'',	'2018-09-12 05:56:50',	'2018-11-26 02:51:26'),
(2,	5,	'PULSES',	'',	'2018-09-12 05:56:50',	'2018-11-26 02:51:26'),
(2,	6,	'DRY FRUITS',	'',	'2018-09-12 05:56:50',	'2018-11-26 02:51:26'),
(2,	7,	'TEA & COFFEE',	'',	'2018-09-12 05:56:50',	'2018-11-26 02:51:26'),
(2,	8,	'SOUASHES AND SYRUPS',	'',	'2018-09-12 05:56:50',	'2018-11-26 02:51:26'),
(2,	9,	'JUICES & DRINKS',	'',	'2018-09-12 05:56:50',	'2018-11-26 02:51:26'),
(2,	10,	'NOODLES & MORE',	'',	'2018-09-12 05:56:50',	'2018-11-26 02:51:26'),
(2,	11,	'BREAKFAST FOOD',	'',	'2018-09-12 05:56:50',	'2018-11-26 02:51:26'),
(2,	12,	'READY MIXES & MEALS',	'',	'2018-09-12 05:56:50',	'2018-11-26 02:51:26'),
(2,	13,	'NAMKEENS & BISCUITS',	'',	'2018-09-12 05:56:50',	'2018-11-26 02:51:26'),
(2,	14,	'SWEETS & GIFT PACKS',	'',	'2018-09-12 05:56:50',	'2018-11-26 02:51:26'),
(2,	15,	'SAUCES & PICKLES',	'',	'2018-09-12 05:56:51',	'2018-11-26 02:51:26'),
(2,	16,	'DAIRY PRODUCTS',	'',	'2018-09-12 05:56:51',	'2018-11-26 02:51:26'),
(3,	17,	'ORAL CARE RANGE',	'https://encrypted-tbn0.gstatic.com/images?q=tbn:ANd9GcSbzOoe6n89iwECw46uzSvyIhZ56lw_DCHeQEAah6Xi8IWCSkEq',	'2018-09-12 05:56:51',	'2018-11-26 02:51:26'),
(3,	18,	'BATHING SOAPS',	'',	'2018-09-12 05:56:51',	'2018-11-26 02:51:26'),
(3,	19,	'DEODORANTS & TALCS',	'',	'2018-09-12 05:56:51',	'2018-11-26 02:51:26'),
(3,	20,	'SHAMPOOS & MORE',	'',	'2018-09-12 05:56:52',	'2018-11-26 02:51:26'),
(3,	21,	'HAIR OILS',	'',	'2018-09-12 05:56:52',	'2018-11-26 02:51:26'),
(3,	22,	'FACE WASH & SCRUBS',	'',	'2018-09-12 05:56:52',	'2018-11-26 02:51:26'),
(3,	23,	'HAND WASH & MORE',	'',	'2018-09-12 05:56:52',	'2018-11-26 02:51:26'),
(3,	24,	'SANITARY PADS & MORE',	'',	'2018-09-12 05:56:52',	'2018-11-26 02:51:26'),
(3,	25,	'BODY LOTIONS',	'',	'2018-09-12 05:56:52',	'2018-11-26 02:51:26'),
(3,	26,	'HAIR COLOURS',	'',	'2018-09-12 05:56:52',	'2018-11-26 02:51:26'),
(3,	27,	'RAZORS & CARTRIDGES',	'',	'2018-09-12 05:56:52',	'2018-11-26 02:51:26'),
(3,	28,	'MOISTURISERS & MORE',	'',	'2018-09-12 05:56:52',	'2018-11-26 02:51:26'),
(3,	29,	'LIPSTICKS & MORE',	'',	'2018-09-12 05:56:52',	'2018-11-26 02:51:26'),
(3,	30,	'HAIR REMOVERS',	'',	'2018-09-12 05:56:53',	'2018-11-26 02:51:26'),
(3,	31,	'FOUNDATIONS & MORE',	'',	'2018-09-12 05:56:53',	'2018-11-26 02:51:26'),
(3,	32,	'SHAVING NEEDS',	'',	'2018-09-12 05:56:53',	'2018-11-26 02:51:26'),
(3,	33,	'SHOWER GELS',	'',	'2018-09-12 05:56:53',	'2018-11-26 02:51:26'),
(3,	34,	'EYE MAKEUP PRODUCTS',	'',	'2018-09-12 05:56:53',	'2018-11-26 02:51:26'),
(4,	35,	'AYURVEDIC PRODUCTS',	'',	'2018-09-12 05:56:53',	'2018-11-26 02:51:26'),
(4,	36,	'MILK SUPPLEMENTS',	'',	'2018-09-12 05:56:53',	'2018-11-26 02:51:26'),
(4,	37,	'SEXUAL WELLNESS',	'',	'2018-09-12 05:56:53',	'2018-11-26 02:51:26'),
(4,	38,	'VITAMINS & SUPPLEMENTS',	'',	'2018-09-12 05:56:53',	'2018-11-26 02:51:26'),
(4,	39,	'ENERGY DRINKS',	'',	'2018-09-12 05:56:53',	'2018-11-26 02:51:26'),
(4,	40,	'PAIN RELIEF',	'',	'2018-09-12 05:56:53',	'2018-11-26 02:51:26'),
(4,	41,	'DIABETIC CARE',	'',	'2018-09-12 05:56:53',	'2018-11-26 02:51:26'),
(5,	42,	'WIPES',	'',	'2018-09-12 05:56:53',	'2018-11-26 02:51:26'),
(5,	43,	'DIAPERS',	'',	'2018-09-12 05:56:53',	'2018-11-26 02:51:26'),
(5,	44,	'BABY GROOMING',	'',	'2018-09-12 05:56:53',	'2018-11-26 02:51:26'),
(5,	45,	'BABY FOOD',	'',	'2018-09-12 05:56:53',	'2018-11-26 02:51:26'),
(5,	46,	'FEEDING ESSENTIALS',	'',	'2018-09-12 05:56:53',	'2018-11-26 02:51:26'),
(5,	47,	'BABY FEEDING',	'',	'2018-09-12 05:56:53',	'2018-11-26 02:51:26'),
(5,	48,	'POTTY TRAINING',	'',	'2018-09-12 05:56:53',	'2018-11-26 02:51:26'),
(5,	49,	'MOM & MATERNITY',	'',	'2018-09-12 05:56:53',	'2018-11-26 02:51:26'),
(5,	50,	'BABY ACCESSORIES',	'',	'2018-09-12 05:56:53',	'2018-11-26 02:51:26'),
(6,	51,	'GAINERS',	'',	'2018-09-12 05:56:53',	'2018-11-26 02:51:26'),
(6,	52,	'BCAA & AMINO ACIDS',	'',	'2018-09-12 05:56:53',	'2018-11-26 02:51:26'),
(6,	53,	'CREATINE & MORE',	'',	'2018-09-12 05:56:53',	'2018-11-26 02:51:26'),
(6,	54,	'PROTIENS',	'',	'2018-09-12 05:56:53',	'2018-11-26 02:51:26'),
(6,	55,	'PROTIEN BARS',	'',	'2018-09-12 05:56:53',	'2018-11-26 02:51:26'),
(6,	56,	'SOFT DRINKS',	'',	'2018-09-12 05:56:53',	'2018-11-26 02:51:26'),
(6,	57,	'FAT BURNERS',	'',	'2018-09-12 05:56:53',	'2018-11-26 02:51:26'),
(6,	58,	'FISH OILS',	'',	'2018-09-12 05:56:53',	'2018-11-26 02:51:26'),
(7,	59,	'DOG FOOD',	'',	'2018-09-12 05:56:53',	'2018-11-26 02:51:26'),
(7,	60,	'CAT FOOD',	'',	'2018-09-12 05:56:53',	'2018-11-26 02:51:26'),
(7,	61,	'PET GROMMMING',	'',	'2018-09-12 05:56:53',	'2018-11-26 02:51:26'),
(7,	62,	'PET TREATS',	'',	'2018-09-12 05:56:53',	'2018-11-26 02:51:26'),
(8,	63,	'DETERGENTS',	NULL,	'2018-11-10 12:06:39',	'2018-11-26 02:51:26'),
(8,	64,	'CLEANERS',	NULL,	'2018-11-10 12:11:24',	'2018-11-26 02:51:26'),
(8,	65,	'FRESHNERS',	NULL,	'2018-11-10 12:13:09',	'2018-11-26 02:51:26'),
(8,	66,	'INSECT & RODENT REPELLENTS',	NULL,	'2018-11-10 12:14:57',	'2018-11-26 02:51:26'),
(8,	67,	'TISSUES & NAPKINS',	NULL,	'2018-11-10 12:18:29',	'2018-11-26 02:51:26'),
(8,	68,	'INCENSE',	NULL,	'2018-11-10 12:22:38',	'2018-11-26 02:51:26'),
(9,	69,	'MEDECINES',	NULL,	'2018-11-10 12:30:47',	'2018-11-26 02:51:26'),
(9,	70,	'BOOKS',	NULL,	'2018-11-10 12:31:00',	'2018-11-26 02:51:26'),
(9,	71,	'MISCELLENEOUS',	NULL,	'2018-11-10 12:31:26',	'2018-11-26 02:51:26'),
(10,	72,	'GREEN VEGETABLES',	NULL,	'2019-01-28 02:51:11',	'2019-01-27 00:00:00'),
(10,	73,	'NON-GREEN VEGETABLES',	NULL,	'2019-01-28 02:51:11',	'2019-01-27 00:00:00'),
(10,	74,	'SPICES',	NULL,	'2019-01-28 02:51:55',	'2019-01-27 00:00:00');

SET NAMES utf8mb4;

CREATE TABLE `migrations` (
  `id` int(10) unsigned NOT NULL AUTO_INCREMENT,
  `migration` varchar(255) CHARACTER SET utf8mb4 COLLATE utf8mb4_unicode_ci NOT NULL,
  `batch` int(11) NOT NULL,
  PRIMARY KEY (`id`)
) ENGINE=InnoDB AUTO_INCREMENT=8 DEFAULT CHARSET=utf8mb4 COLLATE=utf8mb4_unicode_ci;

INSERT INTO `migrations` (`id`, `migration`, `batch`) VALUES
(1,	'2014_10_12_000000_create_users_table',	1),
(2,	'2014_10_12_100000_create_password_resets_table',	1),
(3,	'2016_06_01_000001_create_oauth_auth_codes_table',	1),
(4,	'2016_06_01_000002_create_oauth_access_tokens_table',	1),
(5,	'2016_06_01_000003_create_oauth_refresh_tokens_table',	1),
(6,	'2016_06_01_000004_create_oauth_clients_table',	1),
(7,	'2016_06_01_000005_create_oauth_personal_access_clients_table',	1);

CREATE TABLE `oauth_access_tokens` (
  `id` varchar(100) CHARACTER SET utf8mb4 COLLATE utf8mb4_unicode_ci NOT NULL,
  `user_id` int(11) DEFAULT NULL,
  `client_id` int(11) NOT NULL,
  `name` varchar(255) CHARACTER SET utf8mb4 COLLATE utf8mb4_unicode_ci DEFAULT NULL,
  `scopes` text CHARACTER SET utf8mb4 COLLATE utf8mb4_unicode_ci,
  `revoked` tinyint(1) NOT NULL,
  `created_at` timestamp NULL DEFAULT NULL,
  `updated_at` timestamp NULL DEFAULT NULL,
  `expires_at` datetime DEFAULT NULL,
  PRIMARY KEY (`id`),
  KEY `oauth_access_tokens_user_id_index` (`user_id`)
) ENGINE=InnoDB DEFAULT CHARSET=utf8mb4 COLLATE=utf8mb4_unicode_ci;

INSERT INTO `oauth_access_tokens` (`id`, `user_id`, `client_id`, `name`, `scopes`, `revoked`, `created_at`, `updated_at`, `expires_at`) VALUES
('015e5b974b4d8401a2fba6080a9c9b18ea199fee8d842913037f39891ec091a60118714098789f7a',	59,	1,	'MyApp',	'[]',	0,	'2019-01-11 12:47:39',	'2019-01-11 12:47:39',	'2020-01-11 12:47:39'),
('01a0fb95fa97d57ba8c8c4ad886cd6122875bc7d62d2ef95cae7fe45abb49e0efbfce7e154e2e743',	49,	1,	'MyApp',	'[]',	0,	'2018-12-11 16:33:48',	'2018-12-11 16:33:48',	'2019-12-11 17:33:48'),
('02448e2f6b812bba65544978fa34e51904ba34873540d628dcaad2e935d0392132dde85add235422',	34,	1,	'MyApp',	'[]',	0,	'2018-11-19 09:40:33',	'2018-11-19 09:40:33',	'2019-11-19 10:40:33'),
('02466424f50ff36c5461525b966b1e6f9db55c6d200eb4a8a58ab7f6128849d6cb6a8faf699c46a0',	69,	1,	'MyApp',	'[]',	0,	'2019-01-18 00:33:12',	'2019-01-18 00:33:12',	'2020-01-18 00:33:12'),
('0501197e1d836a256ab05db0207276f9262d90e2ed444b4698b5e29cd8dbf40203acef5ade495540',	48,	1,	'MyApp',	'[]',	0,	'2018-12-04 02:47:08',	'2018-12-04 02:47:08',	'2019-12-04 03:47:08'),
('06b9719558f749a5da7ba50966107f4241d4799c0432500a23bee478768f23e43fc3f48d16a9bafb',	12,	1,	'MyApp',	'[]',	0,	'2018-11-11 11:22:43',	'2018-11-11 11:22:43',	'2019-11-11 12:22:43'),
('07db31f5d80e08e5743003612fc416e843f844037004f9f1c1ab2c2be6047d614e42637f75cb484a',	37,	1,	'MyApp',	'[]',	0,	'2019-01-30 07:19:50',	'2019-01-30 07:19:50',	'2020-01-30 07:19:50'),
('081cc2539abe343da9ca7743fdf496312a17f5e7c3a4e91d2f4c98e213bb0a1f297f14c2b1f7aa26',	61,	1,	'MyApp',	'[]',	0,	'2019-01-11 13:07:33',	'2019-01-11 13:07:33',	'2020-01-11 13:07:33'),
('0b8347f52261595843721a813fd250c95c418dc966548c23a4446ab9fd794fce90f428053c7d1a72',	39,	1,	'MyApp',	'[]',	0,	'2018-11-18 08:00:15',	'2018-11-18 08:00:15',	'2019-11-18 09:00:15'),
('0c1d614b2b517c92d41d2820ae88c01239271f2185c32a4280be3912a12b5d35b6118fd7feb41bbc',	27,	1,	'MyApp',	'[]',	0,	'2018-11-15 22:05:50',	'2018-11-15 22:05:50',	'2019-11-15 23:05:50'),
('0c2c69087a3bb23f0e2bc23976c135d8fdb54bcc7afe0c2d833364f82d2e3a6e7144f4808396876c',	85,	1,	'MyApp',	'[]',	0,	'2019-01-21 11:15:59',	'2019-01-21 11:15:59',	'2020-01-21 11:15:59'),
('0cabcd7af9ea66f10311ea1700e87e51d7d77f16c86ed2f6bcafb7ba05379ce20e0597d499a04d1a',	37,	1,	'MyApp',	'[]',	0,	'2019-01-25 03:19:21',	'2019-01-25 03:19:21',	'2020-01-25 03:19:21'),
('0defd84e0dbc968d17c57f7a4190c1821724ab6199c44006098fcc384f07aab1fca41beaf0f95b9e',	37,	1,	'MyApp',	'[]',	0,	'2019-01-09 02:37:21',	'2019-01-09 02:37:21',	'2020-01-09 02:37:21'),
('0eb59fa111674da900e1938513f91e35c0137c7f31c2cdb62dbb46f988050c9bdc8f9f551e616798',	63,	1,	'MyApp',	'[]',	0,	'2019-01-25 18:04:01',	'2019-01-25 18:04:01',	'2020-01-25 18:04:01'),
('0ebb167618186bfc345a0c6fdc9cb5e2712344ad5ed5854824d89e8b97b0112a7de491eec30b53ae',	89,	1,	'MyApp',	'[]',	0,	'2019-01-25 17:39:16',	'2019-01-25 17:39:16',	'2020-01-25 17:39:16'),
('0efdd397f97ff55749560a54a84691cfbbb079b1bcab796b9ebc886f3a445dd3e04922d49933036e',	3,	1,	'MyApp',	'[]',	0,	'2018-11-05 16:28:59',	'2018-11-05 16:28:59',	'2019-11-05 17:28:59'),
('0ffd417333e9de13e7ec05daeb65919d6ccc5ad0ae5707fa7d88d4c54b01d20011fe2b506809be0f',	99,	1,	'MyApp',	'[]',	0,	'2019-01-25 18:09:31',	'2019-01-25 18:09:31',	'2020-01-25 18:09:31'),
('12406954707c86189d3abbb0bcff308c48a9b4a5c71aaf0c9ea1d457b80cc1844a976c52c6caba99',	37,	1,	'MyApp',	'[]',	0,	'2019-01-13 13:46:00',	'2019-01-13 13:46:00',	'2020-01-13 13:46:00'),
('151e9a64bf3fd293b275cf415c9b86a19792e25d56b144a61390a0f58a3f45478665b57d5b1720f1',	37,	1,	'MyApp',	'[]',	0,	'2019-01-21 15:54:51',	'2019-01-21 15:54:51',	'2020-01-21 15:54:51'),
('15b573c77ff1757a2adbd95c4b2be778830286401e99d417901008c4dd50fb4d7e0e986c1191ed6b',	63,	1,	'MyApp',	'[]',	0,	'2019-01-13 16:53:35',	'2019-01-13 16:53:35',	'2020-01-13 16:53:35'),
('15d81f9a876bba360d44f215d9ed97042b112a0a0115615e2d82a0cf209368ebdf0e8fda7c3340fa',	3,	1,	'MyApp',	'[]',	0,	'2018-11-09 15:06:02',	'2018-11-09 15:06:02',	'2019-11-09 16:06:02'),
('17f2a814a6fd12d3fd44b592c6f321a3a712b19b2c25b6668a2cc1456437efdc24638199c9cab40b',	104,	1,	'MyApp',	'[]',	0,	'2019-01-25 23:33:07',	'2019-01-25 23:33:07',	'2020-01-25 23:33:07'),
('19faea6d25bccd6fb9feba1879827b6a4027efd789bceeb3e9e6c81919ef5ef1c634e82e737f55ff',	3,	1,	'MyApp',	'[]',	0,	'2018-11-05 14:50:30',	'2018-11-05 14:50:30',	'2019-11-05 15:50:30'),
('1a84c7de7c58352c01f583022323f77580b1023c36aa7afab6d1c1d37d696e7bb1b52c18b13c71c0',	93,	1,	'MyApp',	'[]',	0,	'2019-01-25 17:54:16',	'2019-01-25 17:54:16',	'2020-01-25 17:54:16'),
('1b6fa459e5e7eb00c812c8c17f36daf007e49d3c81fefcea4aa0ddf47df4069325b9e76f079777b1',	34,	1,	'MyApp',	'[]',	0,	'2018-11-18 07:53:06',	'2018-11-18 07:53:06',	'2019-11-18 08:53:06'),
('1b730adce8ae0b58e9bc4228e438face7b597cbf436c6fe78e258a30ffb3ac1c0f884406e0463893',	63,	1,	'MyApp',	'[]',	0,	'2019-01-28 10:34:02',	'2019-01-28 10:34:02',	'2020-01-28 10:34:02'),
('1bf9ba58609e638262f35064bfaeb38b77cd3915d7c1d0c9d44afcabab25bbc94749db780c30904e',	37,	1,	'MyApp',	'[]',	0,	'2019-01-18 03:48:29',	'2019-01-18 03:48:29',	'2020-01-18 03:48:29'),
('1cffc2682905047fe5f52a24e8fa868a00ef2c4b07eb2f88d085eaf74c11a6313099f0cc84102d91',	45,	1,	'MyApp',	'[]',	0,	'2018-11-18 08:51:59',	'2018-11-18 08:51:59',	'2019-11-18 09:51:59'),
('1d36594f357d5040aaf59bf85b3128d126617a6423302d69f100a5987ea8ad2d4c8f730cc383c42e',	3,	1,	'MyApp',	'[]',	0,	'2018-11-14 07:56:19',	'2018-11-14 07:56:19',	'2019-11-14 08:56:19'),
('1dca1ee73bad047422bd3cd933fdf748a8c1cf35f67252fbaa8a4ef473ec24d17c6a60eafc9b66f2',	51,	1,	'MyApp',	'[]',	0,	'2018-12-29 16:50:53',	'2018-12-29 16:50:53',	'2019-12-29 16:50:53'),
('1e85f9bd434dba54a5ffcaed02b652407595a9262603d1390107a26b789247d12a77447a7569711b',	51,	1,	'MyApp',	'[]',	0,	'2019-01-22 16:35:05',	'2019-01-22 16:35:05',	'2020-01-22 16:35:05'),
('1f1dff6a32f2306ba42297505d355d7eed933d6c9cc4492d531aeea1ff751540e9afcc9d5efb563e',	24,	1,	'MyApp',	'[]',	0,	'2018-11-15 18:56:10',	'2018-11-15 18:56:10',	'2019-11-15 19:56:10'),
('1f378c7c4be04e6e553384e98615a56a60252c76e6b77193040a20608cd0c030fca96adf5e032006',	34,	1,	'MyApp',	'[]',	0,	'2018-11-16 08:26:33',	'2018-11-16 08:26:33',	'2019-11-16 09:26:33'),
('1fac04785d47a074c5309d930f54f42d166eec12929c886c7e26b0ef6f1adc10874fb6b21e3906c0',	44,	1,	'MyApp',	'[]',	0,	'2018-11-18 08:18:09',	'2018-11-18 08:18:09',	'2019-11-18 09:18:09'),
('1fdd3c3c7883d8668a1dd1d85a6099871e1c3dcb972a2babd3cd4c702cf427a6a01d8f478b00367d',	71,	1,	'MyApp',	'[]',	0,	'2019-01-13 10:26:12',	'2019-01-13 10:26:12',	'2020-01-13 10:26:12'),
('22b0511119a18631696af8c92e22b52cc77c14c3116401b17199c52fb9aae0ef4974e3a4de5933ca',	37,	1,	'MyApp',	'[]',	0,	'2019-01-25 05:24:20',	'2019-01-25 05:24:20',	'2020-01-25 05:24:20'),
('22b52e4cb0e268165ea4cd9bf8eacc5ffbb4684566f4c3b8673fc47f3e65c12d40cd9ce4b57c93e2',	48,	1,	'MyApp',	'[]',	0,	'2018-12-04 02:43:24',	'2018-12-04 02:43:24',	'2019-12-04 03:43:24'),
('241ea77bc410ddd5d6f69f0f528a6c7583f4473e085cac4851cc9511f1303c3df2b60ba0dad5a6c5',	60,	1,	'MyApp',	'[]',	0,	'2019-01-11 13:05:52',	'2019-01-11 13:05:52',	'2020-01-11 13:05:52'),
('2507ae58f1130dce592ce34aa5beb06670b2ed3ceec0bc2944dfeaeb51449ea2ae67224d18cf3d88',	37,	1,	'MyApp',	'[]',	0,	'2019-01-20 03:53:35',	'2019-01-20 03:53:35',	'2020-01-20 03:53:35'),
('250c5c9fe3eaa75e9f29e676a6bdfacc21bf7f304b98c31230a05750077c24c6ea7e12defb0af126',	37,	1,	'MyApp',	'[]',	0,	'2019-01-25 03:13:19',	'2019-01-25 03:13:19',	'2020-01-25 03:13:19'),
('258e9d4c4946e7b775fd35087f617dbed9339793a6fbb4ffa84e2a213af24a0934369700dfbb85ec',	3,	1,	'MyApp',	'[]',	0,	'2018-11-01 11:51:32',	'2018-11-01 11:51:32',	'2019-11-01 17:21:32'),
('268b4d6f29b8a9c7aa5a410497624ec2cfc17a0d2292a5fc105aead881786b681a1d6b4f7951e5fe',	33,	1,	'MyApp',	'[]',	0,	'2018-11-16 03:25:49',	'2018-11-16 03:25:49',	'2019-11-16 04:25:49'),
('27f51823caf144330c38a22f0e0535ceb5fde6fedce5af9041cfc7c4bef6be9c0c3466b07bcfa3d3',	69,	1,	'MyApp',	'[]',	0,	'2019-01-13 09:01:13',	'2019-01-13 09:01:13',	'2020-01-13 09:01:13'),
('27f52276224afe2658803144897af95c4e6b20bce5ab37d61edd5a067a0d21706d526a1de0a67865',	3,	1,	'MyApp',	'[]',	0,	'2018-11-15 13:42:53',	'2018-11-15 13:42:53',	'2019-11-15 14:42:53'),
('285f83c79e49e9d52e79f53bb0ef2f41c00899d932127f5ee866d28c1c8bac5dacea96089c2d1741',	37,	1,	'MyApp',	'[]',	0,	'2019-01-09 02:35:52',	'2019-01-09 02:35:52',	'2020-01-09 02:35:52'),
('2886d982a75a14f6834d161a89b7bb380c13205940c01fc28792dd99cdf008883cc57df36f5c035a',	37,	1,	'MyApp',	'[]',	0,	'2019-01-25 03:14:41',	'2019-01-25 03:14:41',	'2020-01-25 03:14:41'),
('296422ae07657ef8c5af74caced858919ddb1a5a95c4abbf5f0efcc1e8bd99cfa071de282f9afada',	6,	1,	'MyApp',	'[]',	0,	'2018-11-02 16:35:51',	'2018-11-02 16:35:51',	'2019-11-02 17:35:51'),
('2c99c9db1d21d9ea8469037cecc7c5f3f19d2ad4a66817e38e5c162019239c7b6c997a4ccf8f1127',	85,	1,	'MyApp',	'[]',	0,	'2019-01-25 05:38:01',	'2019-01-25 05:38:01',	'2020-01-25 05:38:01'),
('2d3f843a44de5b3755c50bdc3f60959bee91731373046a8fa5bb0c9bff089b240c1f6a816db31c05',	37,	1,	'MyApp',	'[]',	0,	'2018-11-16 14:16:51',	'2018-11-16 14:16:51',	'2019-11-16 15:16:51'),
('2f073ed5e986b374aaf571b3c0a0494eab5ed05188e45a9d1ef66a239f8b008ef96a141006395157',	3,	1,	'MyApp',	'[]',	0,	'2018-11-11 16:10:40',	'2018-11-11 16:10:40',	'2019-11-11 17:10:40'),
('2f5b1ab3dffc5ed231f5443d140f8dc4215b04959e28cbf867ece4c4bb279c3cad63ab9100c80389',	37,	1,	'MyApp',	'[]',	0,	'2019-01-24 16:38:48',	'2019-01-24 16:38:48',	'2020-01-24 16:38:48'),
('2fa1c3edd18d3415c6bc5e341162c8918dbc6a61eb73272aeb6a989c0d50198dd20b90e514b02dbb',	101,	1,	'MyApp',	'[]',	0,	'2019-01-25 18:23:09',	'2019-01-25 18:23:09',	'2020-01-25 18:23:09'),
('30cedb2df006dae06408945bc504d0cf608da21f2d8fcd6714eec4df200150f7ad1d185783b980f6',	70,	1,	'MyApp',	'[]',	0,	'2019-01-13 10:21:49',	'2019-01-13 10:21:49',	'2020-01-13 10:21:49'),
('321c9c1dcd6c35c06f8e681d47ed078f7db5f34dd2a69dad5a5daaf38aa6ddb5d330b12fcab9c30e',	72,	1,	'MyApp',	'[]',	0,	'2019-01-13 10:34:09',	'2019-01-13 10:34:09',	'2020-01-13 10:34:09'),
('32345ca0b5392fb2d8775360a1ffe652c049572106be43bbeea4eb39b7107589881f1d7cead55367',	38,	1,	'MyApp',	'[]',	0,	'2018-11-16 14:21:59',	'2018-11-16 14:21:59',	'2019-11-16 15:21:59'),
('3281cddfc229503997f34c7080ae45e4e4ba875e8c3b5eb26328590a1d72e55860beb41828b7a1e5',	24,	1,	'MyApp',	'[]',	0,	'2018-11-15 18:55:30',	'2018-11-15 18:55:30',	'2019-11-15 19:55:30'),
('32901c7f66710da796c51d61c029594fafee2b5cb1e5b6ba039a7729bf64167ec7b67e65d9882d5e',	25,	1,	'MyApp',	'[]',	0,	'2018-11-15 19:18:12',	'2018-11-15 19:18:12',	'2019-11-15 20:18:12'),
('330640f07826434f66d7729998625819283c41d720542d8ece5b65e0fbb562b969765329685e2830',	14,	1,	'MyApp',	'[]',	0,	'2018-11-15 18:22:00',	'2018-11-15 18:22:00',	'2019-11-15 19:22:00'),
('34cfe7732e729fa5f6de6d93ca0434ba879fc3c35622d7d17e92a315fdfc96fd03fde1c003be18b9',	37,	1,	'MyApp',	'[]',	0,	'2018-11-16 14:12:47',	'2018-11-16 14:12:47',	'2019-11-16 15:12:47'),
('3551f7f588e2d96e7de56afa5c43b57928a1f47684f445479cd533bb71c31e2b7cfc35109e6ee60f',	37,	1,	'MyApp',	'[]',	0,	'2019-01-25 03:16:52',	'2019-01-25 03:16:52',	'2020-01-25 03:16:52'),
('35636492b173d4cc700e2bb3d475925f439dce9093fd312f9cca634331dc42fae263be89cc665eae',	44,	1,	'MyApp',	'[]',	0,	'2018-11-18 08:58:17',	'2018-11-18 08:58:17',	'2019-11-18 09:58:17'),
('356ccb5b5a6991df4e4322f941cf5d62d258d175fb1b9420aa493dad09b435ee544ee578810c4547',	37,	1,	'MyApp',	'[]',	0,	'2019-01-10 08:17:30',	'2019-01-10 08:17:30',	'2020-01-10 08:17:30'),
('372462484bf2a82eaca2b5a59fb7ea74091b5d4dd97bedf9297f3d00cdca0374ec5ff2131127a7d2',	37,	1,	'MyApp',	'[]',	0,	'2018-11-17 18:21:59',	'2018-11-17 18:21:59',	'2019-11-17 19:21:59'),
('380c3682bf48f7b586da5fef750262f06f89e513be73805fead4b8f34f5f69984adc1e54a914d735',	30,	1,	'MyApp',	'[]',	0,	'2018-11-15 22:18:25',	'2018-11-15 22:18:25',	'2019-11-15 23:18:25'),
('38767c3c1cdf915b6c03ffaed8d4a6332bd3137f3a402283ca5189b9fff26e0d46517456f0c14f53',	97,	1,	'MyApp',	'[]',	0,	'2019-01-25 18:02:32',	'2019-01-25 18:02:32',	'2020-01-25 18:02:32'),
('39713cae59831e76193ce8e87fbfa1a2ee5cca732b0e298b0013c42cdfbff207646f18f391fd622d',	69,	1,	'MyApp',	'[]',	0,	'2019-01-13 08:46:30',	'2019-01-13 08:46:30',	'2020-01-13 08:46:30'),
('3a553d91386de028cbd65e517349997351e95c25e502fec46ffc48f532b79d333bb9f49cd06dd17b',	34,	1,	'MyApp',	'[]',	0,	'2018-11-19 15:42:34',	'2018-11-19 15:42:34',	'2019-11-19 16:42:34'),
('3a87b5a8ed73f60c7d584b404bfd30bd829491f4b3edd5bb0b59052650dfa1a9a237870bb5f281fa',	38,	1,	'MyApp',	'[]',	0,	'2018-11-19 10:03:07',	'2018-11-19 10:03:07',	'2019-11-19 11:03:07'),
('3b571a309c0965e228853d3ca9f3194b8a16c1c1a053f26381588758f62b147cd36f3930e6c3a6e0',	37,	1,	'MyApp',	'[]',	0,	'2019-01-29 08:03:43',	'2019-01-29 08:03:43',	'2020-01-29 08:03:43'),
('3c146126e42789ac10f2d05b71bb78858ce84cccd40768ddd30f4ea002261643300c8722153ae71b',	109,	1,	'MyApp',	'[]',	0,	'2019-01-28 12:57:17',	'2019-01-28 12:57:17',	'2020-01-28 12:57:17'),
('3c4f2720b6e5f3d12eb5f7f7a4ecae0685ee7f133304b21b0a3ab4a32dda4a06339bb6950b3463da',	48,	1,	'MyApp',	'[]',	0,	'2018-12-04 02:46:47',	'2018-12-04 02:46:47',	'2019-12-04 03:46:47'),
('3c5c5157a30ee8d52073e6b4b93d684d47ff58fbe04bea8fc2798a483f4dfbd8832efd2d2e2ea886',	56,	1,	'MyApp',	'[]',	0,	'2019-01-10 07:08:23',	'2019-01-10 07:08:23',	'2020-01-10 07:08:23'),
('3c6f0626fa2f55cbd88eed2b4937382a7a19711b0cd98a49228a95d1cf23daa18d16429c81e1d3d3',	98,	1,	'MyApp',	'[]',	0,	'2019-01-25 18:07:57',	'2019-01-25 18:07:57',	'2020-01-25 18:07:57'),
('3e371a53f4c27db732252424e265168fcebaf8eb358a13b073811d9d7b26ccb3760161693ce16e91',	69,	1,	'MyApp',	'[]',	0,	'2019-01-18 02:50:59',	'2019-01-18 02:50:59',	'2020-01-18 02:50:59'),
('4119d21a3896c42953e28f2b048764a6da6b71c11fb9641ff230d572fc252b16a5bf3748ce625768',	63,	1,	'MyApp',	'[]',	0,	'2019-01-13 06:37:42',	'2019-01-13 06:37:42',	'2020-01-13 06:37:42'),
('438ce9849f2402c64058ff2cf9ba6f0c0facea475de3cab97d5ef0722f0d830e9cd9a2145069c544',	37,	1,	'MyApp',	'[]',	0,	'2018-11-19 04:46:32',	'2018-11-19 04:46:32',	'2019-11-19 05:46:32'),
('43e74598570bc842952885741587c849bfdb0be5174a890bd94018f7394e06bfff48034de9f13c38',	69,	1,	'MyApp',	'[]',	0,	'2019-01-13 08:40:15',	'2019-01-13 08:40:15',	'2020-01-13 08:40:15'),
('443696f694ae7253555b6ea52df66763cadb0f0be7d30fa5d8c39ae8fba344c987df72323ff1b036',	83,	1,	'MyApp',	'[]',	0,	'2019-01-15 03:32:44',	'2019-01-15 03:32:44',	'2020-01-15 03:32:44'),
('44a778bc79dc5bfd3a445642e8c1216dc5336601854669ecc0efd81184753895e58f1dd22674a082',	37,	1,	'MyApp',	'[]',	0,	'2019-01-11 06:31:24',	'2019-01-11 06:31:24',	'2020-01-11 06:31:24'),
('451250479a4b0a2403bb2650d9c4bcb07034ffec5c273e58f4a78bc849c0e06121d45ed7666e2f38',	38,	1,	'MyApp',	'[]',	0,	'2018-11-16 14:53:33',	'2018-11-16 14:53:33',	'2019-11-16 15:53:33'),
('45769507b1c29e358affb440018094099de0491ea92e9a24a5a2eca4e8369cc429d6653791d55d5b',	3,	1,	'MyApp',	'[]',	0,	'2018-11-09 16:06:18',	'2018-11-09 16:06:18',	'2019-11-09 17:06:18'),
('45cf3f8599e0ea33c5c7d47330bd7ff55fd5516c7d0e9ddd29a7d786ba69454e222a378dff99482e',	37,	1,	'MyApp',	'[]',	0,	'2019-01-25 05:33:17',	'2019-01-25 05:33:17',	'2020-01-25 05:33:17'),
('47ba68be33933ba89ce2e4e2517223427352b27791c545a5c6db637af03b387a27ce1122440766f6',	3,	1,	'MyApp',	'[]',	0,	'2018-11-11 05:16:37',	'2018-11-11 05:16:37',	'2019-11-11 06:16:37'),
('482027e326fc73024efbb6a0825a035e3514e8cc8e59fd67e553617966bf9e4d729a54e25d1b55ac',	49,	1,	'MyApp',	'[]',	0,	'2018-12-11 16:54:43',	'2018-12-11 16:54:43',	'2019-12-11 17:54:43'),
('486a885b242156067684709a2431bbd12518c0cc414af74987904b0e6b0ef2ab1b5c45a140c1b520',	86,	1,	'MyApp',	'[]',	0,	'2019-01-24 17:20:09',	'2019-01-24 17:20:09',	'2020-01-24 17:20:09'),
('48b8615a4cac703773f654599efeb0e2ffba270b0e3fc1183968caedc49cf95b1fce8856f771ecb8',	40,	1,	'MyApp',	'[]',	0,	'2018-11-18 08:09:49',	'2018-11-18 08:09:49',	'2019-11-18 09:09:49'),
('4a229f5ae8eb69f65015de62086599f7ebf1a8726529a83e6c3f8cc6f7533e0e686b98d724a099fe',	63,	1,	'MyApp',	'[]',	0,	'2019-01-25 06:05:37',	'2019-01-25 06:05:37',	'2020-01-25 06:05:37'),
('4aba4a97119635af96f7640fa9023f10afbf7b57776cb407584b8bbcc4a611991f622f814b8d86e6',	37,	1,	'MyApp',	'[]',	0,	'2019-01-29 07:32:20',	'2019-01-29 07:32:20',	'2020-01-29 07:32:20'),
('4c036b5a41fca38432702b9ed26e763505877b0c826c07059b68c0fd38eb6cff66be06ea6057033b',	69,	1,	'MyApp',	'[]',	0,	'2019-01-13 09:05:28',	'2019-01-13 09:05:28',	'2020-01-13 09:05:28'),
('4ca025aa21d01db3fc701a1982103d547349c0b4163f61c8b9a9b29d18752f6a4049b737ca2ea1eb',	38,	1,	'MyApp',	'[]',	0,	'2018-11-16 14:23:55',	'2018-11-16 14:23:55',	'2019-11-16 15:23:55'),
('4caf624509f62278d4fdaad0f82cfd719e8f972277c9ca654a0afc17ae49cd52f82e335f31989528',	37,	1,	'MyApp',	'[]',	0,	'2019-01-10 11:07:16',	'2019-01-10 11:07:16',	'2020-01-10 11:07:16'),
('4cf2beeb8997dfe0c36b602e8f257a3b21ecf0a994dfc368712c951c949a11e52ae91ee8eea12e37',	37,	1,	'MyApp',	'[]',	0,	'2018-11-21 11:50:24',	'2018-11-21 11:50:24',	'2019-11-21 12:50:24'),
('4d5d8ee62756217a411dc989abf9abca226b945acd6f67a65b588c2c3dab1e8792df0de671eda51b',	37,	1,	'MyApp',	'[]',	0,	'2019-01-28 02:56:54',	'2019-01-28 02:56:54',	'2020-01-28 02:56:54'),
('4eed844dddc5d42d20a6234058a9ef20c2445b40b1075e02249c5a41d3c179e6bd9e1cdc0e20a98f',	3,	1,	'MyApp',	'[]',	0,	'2018-11-01 12:25:01',	'2018-11-01 12:25:01',	'2019-11-01 17:55:01'),
('5097850e061ffb00fa76507ea2b9aeb9c0e9f4606d82e886f7aba425218654d24e495106242979a6',	37,	1,	'MyApp',	'[]',	0,	'2019-01-10 08:28:54',	'2019-01-10 08:28:54',	'2020-01-10 08:28:54'),
('50ad44dad4aeacdfda35c147ccd850950a502e53bac805a6ff45d7dec0e0c0136fc296c6998dd1c2',	48,	1,	'MyApp',	'[]',	0,	'2018-12-04 03:19:40',	'2018-12-04 03:19:40',	'2019-12-04 04:19:40'),
('50e530f6db5065c6574241b4b330764c8600e02c22e8f9392c9d98cf2b9c1f9c110d38a90a206506',	37,	1,	'MyApp',	'[]',	0,	'2019-01-25 03:38:37',	'2019-01-25 03:38:37',	'2020-01-25 03:38:37'),
('53e385a8457185f83fa6d7bf3253081aeb96685acbb895e5009e1a293030ffe776559086d6a6682b',	86,	1,	'MyApp',	'[]',	0,	'2019-01-23 18:09:11',	'2019-01-23 18:09:11',	'2020-01-23 18:09:11'),
('545d40907cb44167226f579f21e490c94cd5cf6caa1aa8a24d2325e1fc9610644058355452458830',	67,	1,	'MyApp',	'[]',	0,	'2019-01-13 08:33:10',	'2019-01-13 08:33:10',	'2020-01-13 08:33:10'),
('547b9843300d533b0115260aa3a42887d14b64714b26e433e024b5db558681c148e155285cd792b6',	63,	1,	'MyApp',	'[]',	0,	'2019-01-20 04:51:02',	'2019-01-20 04:51:02',	'2020-01-20 04:51:02'),
('54d1dff194a68278586059dc248e3abe1fa704f486147a931d057ff71cdf50abbedba657114ef6d5',	63,	1,	'MyApp',	'[]',	0,	'2019-01-28 10:46:11',	'2019-01-28 10:46:11',	'2020-01-28 10:46:11'),
('5680e422b3b5e0f9b5183d9b1dbff55472a703f439ae95640970336408aea66e0853968c1cbff7d8',	37,	1,	'MyApp',	'[]',	0,	'2018-11-21 08:24:54',	'2018-11-21 08:24:54',	'2019-11-21 09:24:54'),
('56c7f89f37d1c064cdd9a13536a023b3f063c6443c68f5655dfda85e6e4ce31c26c82d349628234f',	11,	1,	'MyApp',	'[]',	0,	'2018-11-11 11:00:13',	'2018-11-11 11:00:13',	'2019-11-11 12:00:13'),
('573f4380ccce48a25397ee33ea689059e826b462deb9ef17d53fa3a5daebe581cb7b0bdc8d016aaf',	34,	1,	'MyApp',	'[]',	0,	'2018-11-17 12:11:37',	'2018-11-17 12:11:37',	'2019-11-17 13:11:37'),
('57b1b450473c62ba5806d3e9e0159e51a34a349aee3242b86b0980332dfb9d9eb17fac74aece641d',	34,	1,	'MyApp',	'[]',	0,	'2018-11-19 09:58:32',	'2018-11-19 09:58:32',	'2019-11-19 10:58:32'),
('58370df7ab548968d935a2e60c806b76a5f8db44f332e8bcdecc8d6d18fc9c2e2044a31fb80b8b65',	63,	1,	'MyApp',	'[]',	0,	'2019-01-22 03:35:16',	'2019-01-22 03:35:16',	'2020-01-22 03:35:16'),
('586d641aeb4c46416320282b86479917be088707ebaa1bc888ca70d4fffc07ca143a11371cc4a23c',	51,	1,	'MyApp',	'[]',	0,	'2018-12-14 09:35:20',	'2018-12-14 09:35:20',	'2019-12-14 10:35:20'),
('59d773a3a15d9e94e7b3d4b6c1d3773f2331bb8e90b788c303954fc096c41c7f0203432dd4caa395',	26,	1,	'MyApp',	'[]',	0,	'2018-11-15 20:25:47',	'2018-11-15 20:25:47',	'2019-11-15 21:25:47'),
('5b2df444e9be1c5b78159c9e8009a8518049fa2c25cadff25bc5a30be4bf07b314069745d57b9e90',	95,	1,	'MyApp',	'[]',	0,	'2019-01-25 17:58:19',	'2019-01-25 17:58:19',	'2020-01-25 17:58:19'),
('5f22504f26ae006c9a861f5ef44de93da8e0828fa3296ee23be2512264887cb509a3b33dbb366ceb',	103,	1,	'MyApp',	'[]',	0,	'2019-01-26 10:24:05',	'2019-01-26 10:24:05',	'2020-01-26 10:24:05'),
('5fae524b09104fcc0e0eae0b45f5e0017134192d891a8e11f877b2546df571606de6818ca216c62e',	63,	1,	'MyApp',	'[]',	0,	'2019-01-25 06:03:24',	'2019-01-25 06:03:24',	'2020-01-25 06:03:24'),
('5ff0619c604322f24f9d4e03b21bd5c1e7b4f89cdf43c362a2ac656cd3ef7647fd6a5d0b2fa8699d',	85,	1,	'MyApp',	'[]',	0,	'2019-01-21 10:14:18',	'2019-01-21 10:14:18',	'2020-01-21 10:14:18'),
('60a7c5f29a6567e7bad4e68cead75dbd44a3c8b75389f2d4d27609c81fdd2a5f90ef65244c46e8c0',	37,	1,	'MyApp',	'[]',	0,	'2019-01-09 02:22:39',	'2019-01-09 02:22:39',	'2020-01-09 02:22:39'),
('60ba5f1db2a53636a4b03f885a33d1389afac90a3d6eeaa4eb83f8ebbd9c153b3459b29d164f02dd',	37,	1,	'MyApp',	'[]',	0,	'2018-11-21 11:25:56',	'2018-11-21 11:25:56',	'2019-11-21 12:25:56'),
('60ff1de1c57f4d4a0d8c79c4f4bf78c9143530baa0edbe0b86a164d188e418b8be462be4c6e6fbad',	37,	1,	'MyApp',	'[]',	0,	'2018-11-16 14:16:00',	'2018-11-16 14:16:00',	'2019-11-16 15:16:00'),
('6357c308321795b6f5e86906c7e8129da1426572f24855b0d72640922b444df869a6ba9133186725',	37,	1,	'MyApp',	'[]',	0,	'2019-01-09 02:55:15',	'2019-01-09 02:55:15',	'2020-01-09 02:55:15'),
('65509953b42f254dd6d5cff9b06745bd300d2096bea8da3448dc64d4e6f99e27b45fea8842ece569',	37,	1,	'MyApp',	'[]',	0,	'2019-01-26 16:32:51',	'2019-01-26 16:32:51',	'2020-01-26 16:32:51'),
('659f3b1f8c06d37cc80663c8c4769114d3b2adce8b602324d799cb369cb01f9c6e31fd02fc69883f',	30,	1,	'MyApp',	'[]',	0,	'2018-11-15 22:21:44',	'2018-11-15 22:21:44',	'2019-11-15 23:21:44'),
('65f260a3e044c63ee7673fe06051d20089dae03666ad96777b1aafa7d604b38f4771a8bd84f93e2c',	20,	1,	'MyApp',	'[]',	0,	'2018-11-15 18:35:14',	'2018-11-15 18:35:14',	'2019-11-15 19:35:14'),
('66963c7cfb4ca50f43bab2faffcee8777db6c65914148540b090ed0c46d68ce9f7aed5e9bd0850af',	44,	1,	'MyApp',	'[]',	0,	'2018-11-18 09:03:37',	'2018-11-18 09:03:37',	'2019-11-18 10:03:37'),
('674371ea95189e1246c585b706a075533ac548aa37c577cb734392dee2a53305d1b46289928c161d',	107,	1,	'MyApp',	'[]',	0,	'2019-01-28 12:50:30',	'2019-01-28 12:50:30',	'2020-01-28 12:50:30'),
('679540b2e8008ff2749b242cbd097d43c1838c3aaa7eabb6185c1d406c3a346b8e587cbaa50b0938',	3,	1,	'MyApp',	'[]',	0,	'2018-11-09 15:09:06',	'2018-11-09 15:09:06',	'2019-11-09 16:09:06'),
('68395ca5a89a2ec79b9430bf33cc11b85503cf4196630a26cead0b6768e15f875af19fdcf9f4fb4a',	37,	1,	'MyApp',	'[]',	0,	'2019-01-28 13:11:49',	'2019-01-28 13:11:49',	'2020-01-28 13:11:49'),
('698e5a032c77a500bcbafe21c8f506db3c9161867d57779a44141f35ae74adf6f24e90da0ce2fe1a',	86,	1,	'MyApp',	'[]',	0,	'2019-01-23 05:29:59',	'2019-01-23 05:29:59',	'2020-01-23 05:29:59'),
('6a13159b06ce0737b5fbde2f076f22a4199abe3c32fd818c068a4529baf2cbd868a2b75d7c6ade05',	47,	1,	'MyApp',	'[]',	0,	'2018-11-19 10:45:24',	'2018-11-19 10:45:24',	'2019-11-19 11:45:24'),
('6b1584fdd15e3e327b6ada31809e900f1d8d596dc85fca86783b28e9723a1cf1ea3cba06ae844940',	59,	1,	'MyApp',	'[]',	0,	'2019-01-11 13:01:15',	'2019-01-11 13:01:15',	'2020-01-11 13:01:15'),
('6b9d216c75d31f1751df8d313786878394b7251806b65c1184b9b0536fb547b0d4c51bc81600a5bd',	63,	1,	'MyApp',	'[]',	0,	'2019-01-11 13:15:35',	'2019-01-11 13:15:35',	'2020-01-11 13:15:35'),
('6ba9f2c498843c13f6d7f269e063d7d9f8cb39f105ef0f3d7a81b4af66f237e6ab5984691c159c9c',	18,	1,	'MyApp',	'[]',	0,	'2018-11-15 18:31:28',	'2018-11-15 18:31:28',	'2019-11-15 19:31:28'),
('6bdc032a79f1475f99396a1d7ef7d79279ff1d5f15f65aa874ef265591356d2fe596906fac9a7561',	65,	1,	'MyApp',	'[]',	0,	'2019-01-13 07:47:44',	'2019-01-13 07:47:44',	'2020-01-13 07:47:44'),
('6cbc15b51b8cc1f4cf519b2efc2d1fe707b21b651cad22d618f64f550042be3b89905f6f1c235452',	37,	1,	'MyApp',	'[]',	0,	'2019-01-09 02:42:40',	'2019-01-09 02:42:40',	'2020-01-09 02:42:40'),
('6cf74b3dff9ace58ca288a0e80fcc5b7178e1012ebb687ce6cef268b6e9a7394d734920dfd87efec',	63,	1,	'MyApp',	'[]',	0,	'2019-01-19 08:24:39',	'2019-01-19 08:24:39',	'2020-01-19 08:24:39'),
('6dcf73a0e66daf0bd101fd200e3f2c7da122dd4a0a2784beea1d8aaa4bc94a08c2b30c6c20bd4e90',	37,	1,	'MyApp',	'[]',	0,	'2019-01-30 09:11:19',	'2019-01-30 09:11:19',	'2020-01-30 09:11:19'),
('6e9e613fdaa49e784b2fea3cfe81116832544ed894c1bf15f16a4e228f8564117a1f44ae7b27d7a4',	63,	1,	'MyApp',	'[]',	0,	'2019-01-14 17:56:22',	'2019-01-14 17:56:22',	'2020-01-14 17:56:22'),
('6f58c9a30c5c70bbe5c599a9735a25aea10195c42763a7706ca56637fb47cd987cf94a6d65257bc3',	37,	1,	'MyApp',	'[]',	0,	'2018-11-21 08:19:13',	'2018-11-21 08:19:13',	'2019-11-21 09:19:13'),
('7011eeaa3302e5fe4870e4f6e3339b93176b79be7eab80532db75511249f902fc271d66e3aa46ae5',	34,	1,	'MyApp',	'[]',	0,	'2018-11-16 07:51:47',	'2018-11-16 07:51:47',	'2019-11-16 08:51:47'),
('711d02094dabdd4f23a75475909257956ce32e2f61d79995211b7e69e4bca239a6672f3b44f31b9a',	33,	1,	'MyApp',	'[]',	0,	'2018-11-16 03:27:14',	'2018-11-16 03:27:14',	'2019-11-16 04:27:14'),
('71345d19721708d8875a2ea2072b51b36dd13bb7d391501568805466a0bafbcd72ceb5a88a9aa4b8',	37,	1,	'MyApp',	'[]',	0,	'2019-01-09 02:07:25',	'2019-01-09 02:07:25',	'2020-01-09 02:07:25'),
('71b727db0e47b658cefee7bbaf4e60fc104896f4256eee72ec5aac30148a41dc0e5dbf0357cb4efb',	82,	1,	'MyApp',	'[]',	0,	'2019-01-14 17:41:55',	'2019-01-14 17:41:55',	'2020-01-14 17:41:55'),
('72c5c62edb5c8cdbd3857e06f3566b1680e9e779e2e863a6ed6c0e621e5b83da49e989eb4c056dd2',	37,	1,	'MyApp',	'[]',	0,	'2019-01-25 06:20:00',	'2019-01-25 06:20:00',	'2020-01-25 06:20:00'),
('739db925d595d2a93e36954f7263510bd6f64274c85a319e6831b2f62df9cb3d1312ab3cb43fd7d3',	57,	1,	'MyApp',	'[]',	0,	'2019-01-29 08:17:29',	'2019-01-29 08:17:29',	'2020-01-29 08:17:29'),
('74689c91446bbc45703f3dec1f585ee3d13229e49023455f142fcedadb74612904b4a6672b7991f5',	3,	1,	'MyApp',	'[]',	0,	'2018-11-11 15:16:00',	'2018-11-11 15:16:00',	'2019-11-11 16:16:00'),
('74b0b99506051633007e7d4aee7ac78916b817961cee5369040abd81e622f1a08331012cd024ad04',	34,	1,	'MyApp',	'[]',	0,	'2018-11-16 04:22:06',	'2018-11-16 04:22:06',	'2019-11-16 05:22:06'),
('759bc30fe15ae9d6c2d7d32e85fa3f8110a3a6dcf28af26e7ff098d35420d59a42351d64420dd50d',	37,	1,	'MyApp',	'[]',	0,	'2018-12-04 01:24:05',	'2018-12-04 01:24:05',	'2019-12-04 02:24:05'),
('75d604fc63d460cb64a3fa7724123ef6b01028788fd40c83ecb4c6e4d5d68012f68720d962cf90d9',	37,	1,	'MyApp',	'[]',	0,	'2018-11-17 18:49:13',	'2018-11-17 18:49:13',	'2019-11-17 19:49:13'),
('7659e6c5e53fc7244ed1e4f7e053fea02e7f4fa090e2042a7425d76e8f695601cb91e246abbf2e8f',	3,	1,	'MyApp',	'[]',	0,	'2018-11-09 15:17:00',	'2018-11-09 15:17:00',	'2019-11-09 16:17:00'),
('765b305ceafb4d4166a7776423c8a17b5f6e6b6e4236bd93a5dd349bf0279a84311b25507bb16c8f',	63,	1,	'MyApp',	'[]',	0,	'2019-01-11 13:16:46',	'2019-01-11 13:16:46',	'2020-01-11 13:16:46'),
('76609fce692613c43aff21cd50d6f9eb5b9586035ecabec1a5680c69dadbe4c58f522b29175496da',	3,	1,	'MyApp',	'[]',	0,	'2018-11-14 06:03:40',	'2018-11-14 06:03:40',	'2019-11-14 07:03:40'),
('7802ad49b3bf0c6a55e776564b07587da5f7bac660c95197c20b7f436c045dedc1297cbb25c06131',	57,	1,	'MyApp',	'[]',	0,	'2019-01-29 10:54:54',	'2019-01-29 10:54:54',	'2020-01-29 10:54:54'),
('78b5dee55ddf63e4ff4f98348a38d0ba4c129aa4c7751db4b5c161d56ff4e5f39b8a88f4c6602e53',	37,	1,	'MyApp',	'[]',	0,	'2018-11-21 04:08:01',	'2018-11-21 04:08:01',	'2019-11-21 05:08:01'),
('796869afe71953e45dc19dd803c58a35f1b1877e3f1d0a882b9e8e4b644ba8a3b9878473b3843c01',	57,	1,	'MyApp',	'[]',	0,	'2019-01-10 09:39:01',	'2019-01-10 09:39:01',	'2020-01-10 09:39:01'),
('79987c2268f8df465194486c7b6fe1d4a87925e117540d2697237d568150d3b7a2ea622eec039aea',	63,	1,	'MyApp',	'[]',	0,	'2019-01-28 10:49:47',	'2019-01-28 10:49:47',	'2020-01-28 10:49:47'),
('7a478caa318ac4670d1b447066242b96d8d5de5c8a11d047e4eac72566127524b1aeb1174101670b',	37,	1,	'MyApp',	'[]',	0,	'2018-11-21 08:26:18',	'2018-11-21 08:26:18',	'2019-11-21 09:26:18'),
('7a82e1e3fb6ea46cc042c8b48741526ae96fe3488c087595b2626ca6e5db3f6688ef4677655d70fc',	34,	1,	'MyApp',	'[]',	0,	'2018-11-16 08:13:49',	'2018-11-16 08:13:49',	'2019-11-16 09:13:49'),
('806ebd9e5eb82a52d67eb75b8bb6aace09aa9853ee6b8dbd9844be91fc76e37b9397d145ab0059fa',	5,	1,	'MyApp',	'[]',	0,	'2018-11-01 12:27:54',	'2018-11-01 12:27:54',	'2019-11-01 17:57:54'),
('821149e810be2c90ce4424e7e931921d1fa68634b225359259af288390b99e198466b9eb69738dac',	17,	1,	'MyApp',	'[]',	0,	'2018-11-15 18:29:10',	'2018-11-15 18:29:10',	'2019-11-15 19:29:10'),
('826e43427d44968f3cd1ff27a7eb181c9d4e7aad83bd889ad5780c1bce9d98e4f5d58d1bfb8e05f8',	110,	1,	'MyApp',	'[]',	0,	'2019-01-29 04:30:11',	'2019-01-29 04:30:11',	'2020-01-29 04:30:11'),
('82c5871bb962d57a47d84346df1e689589013a00cbeb9b850516efeed1dfc10a3da5f31784fb99fc',	23,	1,	'MyApp',	'[]',	0,	'2018-11-15 18:43:42',	'2018-11-15 18:43:42',	'2019-11-15 19:43:42'),
('838919a7d041c44b3369c47ff0c97fe3f29b26e92dac93399bdd3e3f71556e04f8b838766d052f73',	37,	1,	'MyApp',	'[]',	0,	'2019-01-27 16:41:50',	'2019-01-27 16:41:50',	'2020-01-27 16:41:50'),
('83ad46af11f2d5c72cb63b84da922d3e867c5c8925e38eac2ec83c407eb594d8bd8a052dd20a9cf5',	63,	1,	'MyApp',	'[]',	0,	'2019-01-29 06:32:50',	'2019-01-29 06:32:50',	'2020-01-29 06:32:50'),
('86a02de2d561c191cf02fae783217fc954c443c2a5e18cdc346736c8ad7bab646e1b48037e0edd45',	34,	1,	'MyApp',	'[]',	0,	'2018-11-16 08:20:50',	'2018-11-16 08:20:50',	'2019-11-16 09:20:50'),
('86da98ec060a84d0d866b73a79065a563ad460f92df8b777d79d8bfa3f51a43c3c7cfa73d23d5807',	73,	1,	'MyApp',	'[]',	0,	'2019-01-13 16:56:39',	'2019-01-13 16:56:39',	'2020-01-13 16:56:39'),
('87e1bd5f2f0b0254f510f905ec63accd00b995859b168995f40daf604044c5c5a85dd7037b76f397',	37,	1,	'MyApp',	'[]',	0,	'2018-11-30 14:15:42',	'2018-11-30 14:15:42',	'2019-11-30 15:15:42'),
('886d35e05ff91c4ca08a5465851b7730a8034e18adb0dca4a129512b0eee929e64a6e371a1378beb',	34,	1,	'MyApp',	'[]',	0,	'2018-11-16 04:19:33',	'2018-11-16 04:19:33',	'2019-11-16 05:19:33'),
('8a737b0f9f1505c9c4733b28955fc10612fdb73cdb47aa856a1006754bfde73437b479ef1c8dd158',	58,	1,	'MyApp',	'[]',	0,	'2019-01-11 12:24:39',	'2019-01-11 12:24:39',	'2020-01-11 12:24:39'),
('8b3aa60b89a0e80b96a8ff82505c5359db8473fca5943cc7ec3edaf0ca9b7abe35748832c07e422f',	69,	1,	'MyApp',	'[]',	0,	'2019-01-13 08:44:45',	'2019-01-13 08:44:45',	'2020-01-13 08:44:45'),
('8d43478913cdf17589d9c07b96b68e578d77e75d15b3375d05c8b448e1cff74722c1027a36ea728b',	69,	1,	'MyApp',	'[]',	0,	'2019-01-13 09:07:08',	'2019-01-13 09:07:08',	'2020-01-13 09:07:08'),
('8ddc2329c1d9fb2b2d9d18fede2c9a8ee839bab1fef73750f22883c7e6b2f3aaf1cb92f63195fd15',	34,	1,	'MyApp',	'[]',	0,	'2018-11-17 12:10:12',	'2018-11-17 12:10:12',	'2019-11-17 13:10:12'),
('912b7a9a7ac156ea30c11aab88c88fc8c5b9ccb5c4ca37c6f3f1050fb613e406170e331c6188ca4d',	63,	1,	'MyApp',	'[]',	0,	'2019-01-19 08:27:42',	'2019-01-19 08:27:42',	'2020-01-19 08:27:42'),
('92542848adb7082e805b4e0724fbadea8dc9ef5b14539442b10e599711a640fe22c5c8477e75fbc5',	37,	1,	'MyApp',	'[]',	0,	'2019-01-09 02:38:59',	'2019-01-09 02:38:59',	'2020-01-09 02:38:59'),
('935f3a710f5a2ae17d408351343b0c8fb3993561685e566e369633350868a8a135ee738dc59c406c',	48,	1,	'MyApp',	'[]',	0,	'2018-12-04 03:18:48',	'2018-12-04 03:18:48',	'2019-12-04 04:18:48'),
('947fce698384694a801432ae94cc78258e1fbdf9dca0718e4f4b08aaefe489be50b0cf475ffbec9a',	29,	1,	'MyApp',	'[]',	0,	'2018-11-15 22:08:39',	'2018-11-15 22:08:39',	'2019-11-15 23:08:39'),
('94c11319e46f181378e8f8faf5569656edcb8e08a16fea2f796fcc9a32837aa63b915f3b4469d08a',	3,	1,	'MyApp',	'[]',	0,	'2018-11-09 16:07:33',	'2018-11-09 16:07:33',	'2019-11-09 17:07:33'),
('95086db5a5baa434c0559a14c62e8435ea6ca04386e5ab3a8edbb0c7c2171ea413fe02c8af93301d',	3,	1,	'MyApp',	'[]',	0,	'2018-11-11 10:48:01',	'2018-11-11 10:48:01',	'2019-11-11 11:48:01'),
('95115592d45f197b65e840a0c39e1c0b473d4e8de0496f769b0eb45fbc6bf9e7a4591d683fce9b21',	51,	1,	'MyApp',	'[]',	0,	'2019-01-25 22:57:02',	'2019-01-25 22:57:02',	'2020-01-25 22:57:02'),
('9582f3de97fde6dee973dd267427a98a979187179f6db1d9e97c18f5d5de96a92b964a1fdfc16dd5',	63,	1,	'MyApp',	'[]',	0,	'2019-01-13 07:02:34',	'2019-01-13 07:02:34',	'2020-01-13 07:02:34'),
('96d9046114c89d9e68652a00f7a279a3089e3a75bcc1e60634cc22ed36691661c10ab75fe2119a87',	46,	1,	'MyApp',	'[]',	0,	'2018-11-18 08:56:57',	'2018-11-18 08:56:57',	'2019-11-18 09:56:57'),
('96eca6da013c457ee4c7e1ea71b74f224571126eb0edb671be7d1ec39611fd2c10b6f3a2c2b51f24',	91,	1,	'MyApp',	'[]',	0,	'2019-01-25 17:49:25',	'2019-01-25 17:49:25',	'2020-01-25 17:49:25'),
('97e69c8c7ff3f9b597260ac4e0e8315ffd5f1c549d97b8ce7d8321721270a33caea1e0ce6fbbb6d9',	37,	1,	'MyApp',	'[]',	0,	'2019-01-09 02:03:56',	'2019-01-09 02:03:56',	'2020-01-09 02:03:56'),
('97fb7f2bde586a9b1423fb3356115d428e54a6ebac171758f7aa3846c52392f85a7c15567df23830',	34,	1,	'MyApp',	'[]',	0,	'2018-12-14 06:32:29',	'2018-12-14 06:32:29',	'2019-12-14 07:32:29'),
('9819550769432852026a7e5411b2a3d87d1546d8f76b8262234d6be2b30cc38a46a3a092b3dfcaf2',	34,	1,	'MyApp',	'[]',	0,	'2018-11-19 09:57:29',	'2018-11-19 09:57:29',	'2019-11-19 10:57:29'),
('98be5781c98d4bb63f53fb8432eb0d6081b3dc6fa9dd4b1c28ece846741194e670ffc2289fbfdb7f',	64,	1,	'MyApp',	'[]',	0,	'2019-01-13 06:29:05',	'2019-01-13 06:29:05',	'2020-01-13 06:29:05'),
('99f4501da48f5516b15a1ae70545573dcc6f59baad9cce9170c17dda2b40c470ef064a3c08d08e00',	34,	1,	'MyApp',	'[]',	0,	'2018-11-16 08:33:08',	'2018-11-16 08:33:08',	'2019-11-16 09:33:08'),
('9a74ef86131940c972d6d4c561a9e01ae3e3aa56e0d62688bbf534ecb1be8530e8d591321f137a1c',	37,	1,	'MyApp',	'[]',	0,	'2019-01-09 02:30:11',	'2019-01-09 02:30:11',	'2020-01-09 02:30:11'),
('9b9e1f347b75a4c0b19d4fbb3d57e2232b26cf55c8784dde3d68c9f39f8f0ef9bab90629a7d0bdd2',	37,	1,	'MyApp',	'[]',	0,	'2019-01-26 03:41:38',	'2019-01-26 03:41:38',	'2020-01-26 03:41:38'),
('9c203de4788298ab9f0f1218976a34b99183682dec5997014348abecc0981043ca75bb88517628ed',	69,	1,	'MyApp',	'[]',	0,	'2019-01-13 09:08:27',	'2019-01-13 09:08:27',	'2020-01-13 09:08:27'),
('9c8534bcce5bfb63c66876f4c2fcbcd70b85ec2005bd8cf989e367c50da0aa0825ecdadd6da375d2',	44,	1,	'MyApp',	'[]',	0,	'2018-11-18 08:17:01',	'2018-11-18 08:17:01',	'2019-11-18 09:17:01'),
('9ca69305bf73603b62c736c35029cad80cfc29bf12cbb712007c5ff9929bb981b8ae55e871ff0897',	87,	1,	'MyApp',	'[]',	0,	'2019-01-25 15:11:08',	'2019-01-25 15:11:08',	'2020-01-25 15:11:08'),
('9db807659f2101755bf7373e88c421c6c4673c1bb07b7caac18cad74a6258da43eaf8adff8346441',	57,	1,	'MyApp',	'[]',	0,	'2019-01-29 11:25:43',	'2019-01-29 11:25:43',	'2020-01-29 11:25:43'),
('9f3c3b8f5ab107b1eb68b86dabaf8e617bec17eef3aee8af94b296cbb24c939b1bd8b3dbd51fa335',	3,	1,	'MyApp',	'[]',	0,	'2018-11-13 20:23:12',	'2018-11-13 20:23:12',	'2019-11-13 21:23:12'),
('9fa6449649ba7f8e117bd9168373042fd2b75ef5a9b6ee45dcaebcf9f40b17ed7a12b121fedbd0e5',	10,	1,	'MyApp',	'[]',	0,	'2018-11-11 10:47:31',	'2018-11-11 10:47:31',	'2019-11-11 11:47:31'),
('a0107fe1b716194445d0e4d6afacfc7d069a1c4ac72023e3548d59bdb4638f9396642406d492bf8e',	79,	1,	'MyApp',	'[]',	0,	'2019-01-14 03:06:51',	'2019-01-14 03:06:51',	'2020-01-14 03:06:51'),
('a074723f5aea3f5f4309eb48b6cd9466347a8e18d4fd6b220684b83934c494364ee7f89882ba58c1',	31,	1,	'MyApp',	'[]',	0,	'2018-11-16 03:23:34',	'2018-11-16 03:23:34',	'2019-11-16 04:23:34'),
('a21092b1fd260216fdfc6cf89578b5e381102a292535ac6c4ced2be7558ecc7ea05c6b204b22cef9',	3,	1,	'MyApp',	'[]',	0,	'2018-11-14 07:48:50',	'2018-11-14 07:48:50',	'2019-11-14 08:48:50'),
('a2c95f017f7233ba7a454c38c257319bd499c77e0a59041ca40d4c40fea3fcf9ebedf8d3a49d442f',	105,	1,	'MyApp',	'[]',	0,	'2019-01-28 07:16:58',	'2019-01-28 07:16:58',	'2020-01-28 07:16:58'),
('a3d49830e2d07020d493d6700352e6080c1c593165502fa03ef9a7236beb8758d4631b80823fcaaf',	42,	1,	'MyApp',	'[]',	0,	'2018-11-18 08:12:33',	'2018-11-18 08:12:33',	'2019-11-18 09:12:33'),
('a4fc5f4989350feaf2d9bad48e71f9b5cf3e681a3df82818c3f5aff5660ef3c80301b648e496c3b7',	52,	1,	'MyApp',	'[]',	0,	'2019-01-10 06:30:53',	'2019-01-10 06:30:53',	'2020-01-10 06:30:53'),
('a5070e30ac46ba70e6f087774b5305d6b2a13331ab165cb02504221642b197479fa2136247e0fb66',	3,	1,	'MyApp',	'[]',	0,	'2018-11-11 15:19:32',	'2018-11-11 15:19:32',	'2019-11-11 16:19:32'),
('a50de77dd65b520d01d8bef4af4a37e17ca17ad5707b475f5eab17d858b76eb3b9359e7c16c3f590',	37,	1,	'MyApp',	'[]',	0,	'2019-01-24 16:07:58',	'2019-01-24 16:07:58',	'2020-01-24 16:07:58'),
('a56a244cd33cc3482eaf3aead2db79a03b29e675a5ca354b50c20510059d614a1eca1385e1175413',	37,	1,	'MyApp',	'[]',	0,	'2019-01-29 16:09:56',	'2019-01-29 16:09:56',	'2020-01-29 16:09:56'),
('a701c8e62a549cdc60b71c005b4e8458f27ff351caef02afce3985655452c71bdb72a7d8da17b290',	13,	1,	'MyApp',	'[]',	0,	'2018-11-15 18:06:52',	'2018-11-15 18:06:52',	'2019-11-15 19:06:52'),
('a71b7594d2f0510f7e479a18df0ebf28114081ef7e2ad55b5fec135b389489f61f1327865e2cbdac',	57,	1,	'MyApp',	'[]',	0,	'2019-01-22 03:31:21',	'2019-01-22 03:31:21',	'2020-01-22 03:31:21'),
('a928f87876faefb57975065b22dd0c422f770653084f786b11df846a8500a4bc016e7e998e307c48',	13,	1,	'MyApp',	'[]',	0,	'2018-11-15 18:15:43',	'2018-11-15 18:15:43',	'2019-11-15 19:15:43'),
('adea9e7c1ca1246f5b4f19ac6ebbf49c013cbac3d2c082812315d8be2b5616c974bb6a4953419d5a',	37,	1,	'MyApp',	'[]',	0,	'2018-11-17 18:56:42',	'2018-11-17 18:56:42',	'2019-11-17 19:56:42'),
('b18bb2d8222f6ca3aa2b8419617378b581f15b3daf887b45e819e8e4878c2d95a71eece285840bd5',	37,	1,	'MyApp',	'[]',	0,	'2019-01-19 06:02:00',	'2019-01-19 06:02:00',	'2020-01-19 06:02:00'),
('b1c93c9d0aad51f261087470dff9f78b74b77fbe016e5dde0f31ca2479c2d4ca59fa52f05847ac17',	63,	1,	'MyApp',	'[]',	0,	'2019-01-13 16:50:33',	'2019-01-13 16:50:33',	'2020-01-13 16:50:33'),
('b61cfd2a13460dd32a533200c3c292aee14c2b3b82cc81421805c85b84996cc59542feeedeaf9203',	57,	1,	'MyApp',	'[]',	0,	'2019-01-14 02:58:47',	'2019-01-14 02:58:47',	'2020-01-14 02:58:47'),
('b6ef4c20d7049fcfa32250860dd353cd92f222e596a700ecf317dbaffb19c8aaacbfe9c0d7ab8c84',	55,	1,	'MyApp',	'[]',	0,	'2019-01-10 06:39:31',	'2019-01-10 06:39:31',	'2020-01-10 06:39:31'),
('b77096ed182b95db40d0b8b7f712752af82567b7f8731a1d9a5e1934bddee84bbab723b8ec6ec3e7',	35,	1,	'MyApp',	'[]',	0,	'2018-11-16 12:36:20',	'2018-11-16 12:36:20',	'2019-11-16 13:36:20'),
('b8c9d910deb1dccfdf3ca0efafa0f192fce00c610180a073bcb901916b0f5b4e8321bc4f2b21c673',	63,	1,	'MyApp',	'[]',	0,	'2019-01-13 07:01:21',	'2019-01-13 07:01:21',	'2020-01-13 07:01:21'),
('b994c28367377aff8ddb3a80b10d04ea2912e0a5f7f4f2147abf83894801caaa56eba1bf2abd34cf',	63,	1,	'MyApp',	'[]',	0,	'2019-01-14 17:46:08',	'2019-01-14 17:46:08',	'2020-01-14 17:46:08'),
('bae28ef5310a05923a82e44824b6b37b088be81bae56ce06cab0510e974a32c2c37f770b7cfca2a1',	37,	1,	'MyApp',	'[]',	0,	'2019-01-09 08:24:33',	'2019-01-09 08:24:33',	'2020-01-09 08:24:33'),
('bb2f65cabc39e2b15c6b635985a77a74c44023f432e5f7a1ee760ddb9ab599a3f5d86e8f0449f0cc',	37,	1,	'MyApp',	'[]',	0,	'2019-01-29 15:16:09',	'2019-01-29 15:16:09',	'2020-01-29 15:16:09'),
('bc0824a0539f7d7e3dbd0d4cddc32b87dc3bd5befb539272c6015cbd45a1c90ad9fd162f2ee5084a',	34,	1,	'MyApp',	'[]',	0,	'2018-11-18 07:57:43',	'2018-11-18 07:57:43',	'2019-11-18 08:57:43'),
('bf4305006aef3f5cf7615b5879cdc90524faf0bf2d5a93c782ecbd017c5ca2b38b6fceca4e371fb0',	25,	1,	'MyApp',	'[]',	0,	'2018-11-15 19:13:21',	'2018-11-15 19:13:21',	'2019-11-15 20:13:21'),
('c093252347ca8f01aee3c42cbb088b3ae976167a7f85e033b556d25cfb227794c6f4926fe77c7632',	102,	1,	'MyApp',	'[]',	0,	'2019-01-25 18:31:55',	'2019-01-25 18:31:55',	'2020-01-25 18:31:55'),
('c29a1f50012a8ce3213297bf54650425bc179401c4bb6c850005140b6866a56781d22edae594f057',	37,	1,	'MyApp',	'[]',	0,	'2019-01-25 03:20:33',	'2019-01-25 03:20:33',	'2020-01-25 03:20:33'),
('c2a404b58a50b58ee3e6ac75aaedcef183f212adce45219d4e236744c0193015e04c1f26bccb9eca',	78,	1,	'MyApp',	'[]',	0,	'2019-01-13 17:15:33',	'2019-01-13 17:15:33',	'2020-01-13 17:15:33'),
('c35bf89075baa62d655476f7ad74166a523b12a7672309c2bbfa12538aea9088cda7c3da0bfdcde3',	37,	1,	'MyApp',	'[]',	0,	'2018-11-16 14:11:51',	'2018-11-16 14:11:51',	'2019-11-16 15:11:51'),
('c40781686245430806718267f7186edb2407bfc55eee6156b700925f09e2eaf063a12a1486bde113',	3,	1,	'MyApp',	'[]',	0,	'2018-11-13 22:13:44',	'2018-11-13 22:13:44',	'2019-11-13 23:13:44'),
('c4fc0efb2084f6be05506d4174e5db559a4d94e372514abb41607276c2929c99710e91dd74cdcb7e',	100,	1,	'MyApp',	'[]',	0,	'2019-01-25 18:20:38',	'2019-01-25 18:20:38',	'2020-01-25 18:20:38'),
('c600d3f8e9606ff99d51a432d9681e512f23c40861f6a9285413b6941d3e8ef65527697ce3f52fc5',	16,	1,	'MyApp',	'[]',	0,	'2018-11-15 18:26:22',	'2018-11-15 18:26:22',	'2019-11-15 19:26:22'),
('c7f90852b4843655c2eac3bf947312d1d4ee3f8bfa15bb572008fa7971116d9530b7f7afe874428d',	50,	1,	'MyApp',	'[]',	0,	'2018-12-14 09:32:42',	'2018-12-14 09:32:42',	'2019-12-14 10:32:42'),
('c8c8d8bc64528447dbba7cfcfb733ef3750f500deb53e3b57bd2b4645ffbd89ace5749b8d855b26b',	69,	1,	'MyApp',	'[]',	0,	'2019-01-13 09:01:30',	'2019-01-13 09:01:30',	'2020-01-13 09:01:30'),
('c903c471fb84a9ef0b2fb24129b0cf54ccae04c89856b52a9c228595bc266fd2bd1f134a32501717',	63,	1,	'MyApp',	'[]',	0,	'2019-01-13 10:35:10',	'2019-01-13 10:35:10',	'2020-01-13 10:35:10'),
('cb60b982add55dafc6341ab2a48a3c6f139457bce79895762a0739709713c3a04faf83fa4b33a999',	34,	1,	'MyApp',	'[]',	0,	'2018-11-18 07:44:27',	'2018-11-18 07:44:27',	'2019-11-18 08:44:27'),
('cbd3de83bfb9dd72bfa582f17d0f34565b88fb9553e3d6fb51ed88bbae252ca1e93f2e55cd14933e',	37,	1,	'MyApp',	'[]',	0,	'2019-01-09 03:33:13',	'2019-01-09 03:33:13',	'2020-01-09 03:33:13'),
('ccc3838300fbcd66411844f4a09c70ec548a51018fd975d97e4888fdc804b1790abbcdde22a9e3fe',	49,	1,	'MyApp',	'[]',	0,	'2018-12-11 16:45:06',	'2018-12-11 16:45:06',	'2019-12-11 17:45:06'),
('cd8460205e9f5b90f4c7dcc262e1ff21b651b304ab35aab469e43e9a99eaae11ac23ace28d3ab009',	3,	1,	'MyApp',	'[]',	0,	'2018-11-14 07:50:17',	'2018-11-14 07:50:17',	'2019-11-14 08:50:17'),
('ced5380d24d4280b286b1cfc2ccd8277bfd0e16691aa498857c8341080167ef3dcb19d9e635e369e',	76,	1,	'MyApp',	'[]',	0,	'2019-01-13 17:07:45',	'2019-01-13 17:07:45',	'2020-01-13 17:07:45'),
('d1130b876ef4860ba58367bfb6dadc5897704ab25ac470d86adf9accf7e0cfcb1caf6203c0565fe4',	63,	1,	'MyApp',	'[]',	0,	'2019-01-14 17:59:36',	'2019-01-14 17:59:36',	'2020-01-14 17:59:36'),
('d11c6d3b2429e512fc205d95b087f9e77a0f33b676e1639e00465c3fc94e04db14f3129f781a6027',	3,	1,	'MyApp',	'[]',	0,	'2018-11-04 22:36:20',	'2018-11-04 22:36:20',	'2019-11-04 23:36:20'),
('d1d723f7464edfbdbdaaff98146e82d60839a12304d4f1e1536f233b4544b558e19c0021b28a3d41',	3,	1,	'MyApp',	'[]',	0,	'2018-11-11 15:17:26',	'2018-11-11 15:17:26',	'2019-11-11 16:17:26'),
('d20f5e460db4f9ce3ca6605db72770fba4f6df7d9adf6e859d645b04d4e8b594d1df192ded9e0713',	37,	1,	'MyApp',	'[]',	0,	'2018-11-16 14:19:01',	'2018-11-16 14:19:01',	'2019-11-16 15:19:01'),
('d35784babd227073741173fe66d238a057d71ca921454c65d32526ae007d6b29c101f169e7bce8e9',	63,	1,	'MyApp',	'[]',	0,	'2019-01-29 06:43:21',	'2019-01-29 06:43:21',	'2020-01-29 06:43:21'),
('d415bdc1398078f1b96b379ce1838c36571650c06f953a7e20782308dabc5f1c5f6c763af7139995',	2,	1,	'MyApp',	'[]',	0,	'2018-11-01 11:50:12',	'2018-11-01 11:50:12',	'2019-11-01 17:20:12'),
('d4fcbda3a8de196a118263421b5dbc7a46ecce90e430ba02a683309bda209372b0008270ce3bb9d9',	7,	1,	'MyApp',	'[]',	0,	'2018-11-05 02:38:30',	'2018-11-05 02:38:30',	'2019-11-05 03:38:30'),
('d5e04f934651e0fe2f66fbdb5f30acca212d94e931ab3740568ca106fa236204da21e9329fb8498c',	22,	1,	'MyApp',	'[]',	0,	'2018-11-15 18:39:05',	'2018-11-15 18:39:05',	'2019-11-15 19:39:05'),
('d62636efc2f5b39d0a5255e43dcfcaa47e24c19084b194e8dac473c3a73cb52755b55892cab8c8ec',	96,	1,	'MyApp',	'[]',	0,	'2019-01-25 18:00:28',	'2019-01-25 18:00:28',	'2020-01-25 18:00:28'),
('d6a1ff348a5f93ed8af2f9b60b1228071ee5f71b87f8ee8c69ae833ef45de06205aacbc4533cfb58',	37,	1,	'MyApp',	'[]',	0,	'2019-01-29 15:15:52',	'2019-01-29 15:15:52',	'2020-01-29 15:15:52'),
('d7ffc5b8707b821c6cb3aaa381a4ac8b2911a3d88eb7b4be2339d4566eb4e29c895948ac790779d7',	63,	1,	'MyApp',	'[]',	0,	'2019-01-13 06:58:04',	'2019-01-13 06:58:04',	'2020-01-13 06:58:04'),
('d860f106ef994e3fce890f56be0f88559ea2e3b1657f46ef83e719138b92474cdaaca00c36fdc9aa',	37,	1,	'MyApp',	'[]',	0,	'2019-01-09 02:41:34',	'2019-01-09 02:41:34',	'2020-01-09 02:41:34'),
('d8da8b623c6d25fff49bb42836b1cecf0abc34f839dce230025a4734c4fe83e04d8792301fba1c64',	37,	1,	'MyApp',	'[]',	0,	'2019-01-09 02:41:06',	'2019-01-09 02:41:06',	'2020-01-09 02:41:06'),
('d8ec6a67b753b1fbd00bf38a4a2b06a3566c55b07f2466d80fd484fa7ea86e8b928f975ee1964fd6',	54,	1,	'MyApp',	'[]',	0,	'2019-01-10 06:37:42',	'2019-01-10 06:37:42',	'2020-01-10 06:37:42'),
('db493b69bc9be0152698b0b21becdd8e063d4ca166bf5f0ae2aa0853a64af78a66f884f8d072a28a',	34,	1,	'MyApp',	'[]',	0,	'2018-11-16 05:04:43',	'2018-11-16 05:04:43',	'2019-11-16 06:04:43'),
('dc79aa84735b7606e6b6cdd11fd4211ae190f8da5d38d591cfb63a93f959f8422201dcadde89af43',	90,	1,	'MyApp',	'[]',	0,	'2019-01-25 17:47:05',	'2019-01-25 17:47:05',	'2020-01-25 17:47:05'),
('dd2b95a4812ffa0227079932a89157b0aa3df5f8c62336561f3bd22c7455352f416eb4e9303c1f70',	51,	1,	'MyApp',	'[]',	0,	'2019-01-22 16:35:58',	'2019-01-22 16:35:58',	'2020-01-22 16:35:58'),
('de14d3d408da33f89ad55166067eb3954dd78b02e0da3b832e9369153d53eb6a4364f6ff88d31c4e',	34,	1,	'MyApp',	'[]',	0,	'2018-11-16 04:14:51',	'2018-11-16 04:14:51',	'2019-11-16 05:14:51'),
('de6c61c0d1d92a9f295c2543a6102ec69bb0a831b4be600742241e520d8e22415136c42bbf95c6e5',	63,	1,	'MyApp',	'[]',	0,	'2019-01-25 06:08:54',	'2019-01-25 06:08:54',	'2020-01-25 06:08:54'),
('df6ef3ade7564b8919a0f5afe7b7ec2bd2a33df0ab79a1cd4dc39ab4542fb72511030eb84650544a',	4,	1,	'MyApp',	'[]',	0,	'2018-11-01 12:22:48',	'2018-11-01 12:22:48',	'2019-11-01 17:52:48'),
('dfffd7b373909fcb43fae7e1e32ab8716b03217036c38ce6b120d3ab90c3357839234196d308a0f6',	37,	1,	'MyApp',	'[]',	0,	'2019-01-29 15:13:24',	'2019-01-29 15:13:24',	'2020-01-29 15:13:24'),
('e142b832f034b50ad160af592671741144d2d343912f6941e07d81c57470c5e9676dc6dfc6ec4ffd',	34,	1,	'MyApp',	'[]',	0,	'2018-11-16 08:41:21',	'2018-11-16 08:41:21',	'2019-11-16 09:41:21'),
('e1d662cbd69636bd196e112a52d325939a6c85f951606c9c8f7679cbd1c34a4cc7bed804284f07d1',	19,	1,	'MyApp',	'[]',	0,	'2018-11-15 18:33:44',	'2018-11-15 18:33:44',	'2019-11-15 19:33:44'),
('e26192b4f2fb14a54135fc4efa9af65afb9d5c1977a33f19191a21c206f3c1d39949962bc8a36383',	34,	1,	'MyApp',	'[]',	0,	'2018-11-16 03:28:38',	'2018-11-16 03:28:38',	'2019-11-16 04:28:38'),
('e3f6e0de65a14763a45ed9854d77b15dfdcaf78e41230878335942cc7300b0c014e53551a2bf77c5',	53,	1,	'MyApp',	'[]',	0,	'2019-01-10 06:35:01',	'2019-01-10 06:35:01',	'2020-01-10 06:35:01'),
('e43904d52fe781d6ee48b303bcf686ee23c1835b1c18cf6521d24ddee662a4b09777a2dca64344fd',	63,	1,	'MyApp',	'[]',	0,	'2019-01-29 06:52:55',	'2019-01-29 06:52:55',	'2020-01-29 06:52:55'),
('e6a2fd9686d98e41a37ea16ddf8cceebeec43080b18943f1f218755d8fdcf86eee55ca20baf421a0',	37,	1,	'MyApp',	'[]',	0,	'2019-01-28 08:10:16',	'2019-01-28 08:10:16',	'2020-01-28 08:10:16'),
('e6c94187ce606c0a9cff7a5cad78ce4fba3500d2e96f708caf865a959f6e9da721e45f73363b5026',	9,	1,	'MyApp',	'[]',	0,	'2018-11-09 15:02:35',	'2018-11-09 15:02:35',	'2019-11-09 16:02:35'),
('e7b9b5c527a4d32728a6c5dc2758a399352084c55718d90c748032e87e528d0fc17722b0718aaebe',	13,	1,	'MyApp',	'[]',	0,	'2018-11-15 18:19:39',	'2018-11-15 18:19:39',	'2019-11-15 19:19:39'),
('eae4ec0ef35cab0c1e18bd3710dec923fd964a7ba8e9b0437c9a5791866b2d809b2f3ccb2f697b04',	21,	1,	'MyApp',	'[]',	0,	'2018-11-15 18:37:04',	'2018-11-15 18:37:04',	'2019-11-15 19:37:04'),
('ece88513e27c01f0d7add60f2bde5bf3005c5a6d6033adbeec707a034a521eb71442dd52b1034e3f',	57,	1,	'MyApp',	'[]',	0,	'2019-01-29 13:18:22',	'2019-01-29 13:18:22',	'2020-01-29 13:18:22'),
('ee8307247faaf5be16dd917ea0f50ee2941800279add60a81d9bacee65dfa43ec11168593c6ba9c2',	69,	1,	'MyApp',	'[]',	0,	'2019-01-18 00:56:56',	'2019-01-18 00:56:56',	'2020-01-18 00:56:56'),
('ef58da12e2458b79315f439010d558a1709a1ad95739e42bf0c1e453311882bb9271e7e9fe6d0378',	37,	1,	'MyApp',	'[]',	0,	'2019-01-09 02:50:33',	'2019-01-09 02:50:33',	'2020-01-09 02:50:33'),
('f08bbd73bba931c7d1b735ce02ba6aa4a7d2bd977ff1a5e04ec9c0c77952717237c1f92c5c9d50f2',	63,	1,	'MyApp',	'[]',	0,	'2019-01-28 07:50:41',	'2019-01-28 07:50:41',	'2020-01-28 07:50:41'),
('f0ff4887be614c26819bc05626f202bae99769263fd83ebe4e727b9b1638cd0c5a6c0cd2487ac27b',	63,	1,	'MyApp',	'[]',	0,	'2019-01-29 06:39:22',	'2019-01-29 06:39:22',	'2020-01-29 06:39:22'),
('f195e286e269cae873084230cb33b88590c71d92fd27ca4e4265cae7014dcbbdfb755ebcd6d43ecc',	59,	1,	'MyApp',	'[]',	0,	'2019-01-11 12:47:02',	'2019-01-11 12:47:02',	'2020-01-11 12:47:02'),
('f20d72710cf010f07a3ca6c641d8e76f6f0fca7757e02c5599f66367ff2d628b282debe69474b87f',	103,	1,	'MyApp',	'[]',	0,	'2019-01-25 18:32:33',	'2019-01-25 18:32:33',	'2020-01-25 18:32:33'),
('f3ca8610740bfaecf279bc0dc534f99a773a70f22caa31d854aec2dca9cef6bdd4cd3431e6b2dc77',	37,	1,	'MyApp',	'[]',	0,	'2019-01-29 16:20:52',	'2019-01-29 16:20:52',	'2020-01-29 16:20:52'),
('f45865c0028f9e036a8798279d3c251f6d86d06ee3d29a9db7f7fb70aa4344ebe220e4a7603837b2',	37,	1,	'MyApp',	'[]',	0,	'2019-01-28 07:52:58',	'2019-01-28 07:52:58',	'2020-01-28 07:52:58'),
('f57e69a37489d370dac1af5aad032daa109e8769e5fd83b11fb0d4f7a666beb93463b0ed14e63904',	3,	1,	'MyApp',	'[]',	0,	'2018-11-11 15:09:43',	'2018-11-11 15:09:43',	'2019-11-11 16:09:43'),
('f5aecf070145019c18806435207331ae0da692c21349cd6e71e09a931f08beb4632a525ff79eeaca',	8,	1,	'MyApp',	'[]',	0,	'2018-11-05 14:50:21',	'2018-11-05 14:50:21',	'2019-11-05 15:50:21'),
('f5ded1bd26eee2ac99cd16d741f857e70020aa1c8d37bb342d9d3ae0488018e722dc130954bdd118',	3,	1,	'MyApp',	'[]',	0,	'2018-11-12 22:56:12',	'2018-11-12 22:56:12',	'2019-11-12 23:56:12'),
('f6299f24e407a11b4c9aab5dfb5bdf0b9de67e546e54b1f1944ffa0a8d6697d188375dd76ffc1910',	34,	1,	'MyApp',	'[]',	0,	'2018-11-16 04:23:25',	'2018-11-16 04:23:25',	'2019-11-16 05:23:25'),
('f753a82a02c3d532bfc44c456c44ff3dc20be19ac287df386e4cd694939328e8ffcb4c74bd5220f1',	37,	1,	'MyApp',	'[]',	0,	'2019-01-29 12:50:14',	'2019-01-29 12:50:14',	'2020-01-29 12:50:14'),
('f77d435c3abb2be7054decf53bcc056311ca4c98c208bec9e76b5d5fa379b3187aa66dca17a27cdb',	3,	1,	'MyApp',	'[]',	0,	'2018-11-13 20:33:17',	'2018-11-13 20:33:17',	'2019-11-13 21:33:17'),
('f7986a76e4be7d712b6d8b4b4bff38b02b7dd32c6839d552a0abd05de3d137ac41465d629eefcc62',	106,	1,	'MyApp',	'[]',	0,	'2019-01-28 07:38:32',	'2019-01-28 07:38:32',	'2020-01-28 07:38:32'),
('f8147d53f81b744cb79a7ac7274a6ce499ef9a2593aa05a7516f35574e074ac452dc514c6e59073b',	37,	1,	'MyApp',	'[]',	0,	'2019-01-09 02:33:25',	'2019-01-09 02:33:25',	'2020-01-09 02:33:25'),
('f9a166a40a1aeb7b0771f76341f0f268000513961b52a2b3fbe6bf5038642549cd73b6b992646b9d',	34,	1,	'MyApp',	'[]',	0,	'2018-12-14 06:09:50',	'2018-12-14 06:09:50',	'2019-12-14 07:09:50'),
('f9c852d9c96d121d1a548263659dd71d8e4181612e1803cdd55b78e192f8da5b57bc77c8a6514cc3',	104,	1,	'MyApp',	'[]',	0,	'2019-01-25 23:28:12',	'2019-01-25 23:28:12',	'2020-01-25 23:28:12'),
('fa09533ab7f7b2c6d8292d8d43309189d3e5ed4ccff2374eedc069ab392c0a4dade5254b88f1a179',	77,	1,	'MyApp',	'[]',	0,	'2019-01-13 17:11:19',	'2019-01-13 17:11:19',	'2020-01-13 17:11:19'),
('fb411022667c33ec315347e52e06ac5d51910f435c4583269d7c7e7062bbfedfc8f80cb97d81f47a',	75,	1,	'MyApp',	'[]',	0,	'2019-01-13 17:03:12',	'2019-01-13 17:03:12',	'2020-01-13 17:03:12'),
('fb98e5e20b16496cccd4a4e9e9fb8f3e47f6e3c981a3c7fd032b13effa7eac49c7da28e15855e996',	3,	1,	'MyApp',	'[]',	0,	'2018-11-02 16:36:24',	'2018-11-02 16:36:24',	'2019-11-02 17:36:24'),
('fbaf8b993269e6ff7d004c864a1899728138a9c1360f93598bf1b1a0248e74145fe7dbd17300fc5d',	37,	1,	'MyApp',	'[]',	0,	'2019-01-09 01:55:41',	'2019-01-09 01:55:41',	'2020-01-09 01:55:41'),
('fc80e54129ef6b463aad861dde2e5a0a9943307f0fa953abfe8166c35edec5367ae0b2242bf0a0a3',	63,	1,	'MyApp',	'[]',	0,	'2019-01-13 07:05:31',	'2019-01-13 07:05:31',	'2020-01-13 07:05:31'),
('fc96c2de40c1a6511e74d8142f79f96bbb9ab9d8ac92c329de71bc0218fc9f8e773970926d3cca9e',	34,	1,	'MyApp',	'[]',	0,	'2018-11-16 07:55:26',	'2018-11-16 07:55:26',	'2019-11-16 08:55:26'),
('fc9e153ad383bb21ae86566d461eac8ddded06dbdf91b518e255fe1b9750acc580ff47cfa5216b52',	7,	1,	'MyApp',	'[]',	0,	'2018-11-03 15:07:53',	'2018-11-03 15:07:53',	'2019-11-03 16:07:53'),
('fd0d94de81bec4c88251c9923dd3788ea3b3deaf15fcf767e56bde63a71ec40a937d827c026379e9',	3,	1,	'MyApp',	'[]',	0,	'2018-11-13 14:36:57',	'2018-11-13 14:36:57',	'2019-11-13 15:36:57'),
('ff2932464d3fa9e738e054bc834390b9bfda466b731980eae881415bd91cae0e3acd09db790cef50',	34,	1,	'MyApp',	'[]',	0,	'2018-11-16 03:29:24',	'2018-11-16 03:29:24',	'2019-11-16 04:29:24'),
('ffae544fcdd3846ec361945a4114233e59db0e0892c6014b50105d6b761b249b4b317d178aa42daf',	85,	1,	'MyApp',	'[]',	0,	'2019-01-21 10:19:52',	'2019-01-21 10:19:52',	'2020-01-21 10:19:52'),
('ffeac6e353cbdaa4a4bfade9da099de3a9f0cd2cb39faafb7403617785599d7ed7dfafeef178af03',	78,	1,	'MyApp',	'[]',	0,	'2019-01-13 17:16:22',	'2019-01-13 17:16:22',	'2020-01-13 17:16:22');

CREATE TABLE `oauth_auth_codes` (
  `id` varchar(100) CHARACTER SET utf8mb4 COLLATE utf8mb4_unicode_ci NOT NULL,
  `user_id` int(11) NOT NULL,
  `client_id` int(11) NOT NULL,
  `scopes` text CHARACTER SET utf8mb4 COLLATE utf8mb4_unicode_ci,
  `revoked` tinyint(1) NOT NULL,
  `expires_at` datetime DEFAULT NULL,
  PRIMARY KEY (`id`)
) ENGINE=InnoDB DEFAULT CHARSET=utf8mb4 COLLATE=utf8mb4_unicode_ci;


CREATE TABLE `oauth_clients` (
  `id` int(10) unsigned NOT NULL AUTO_INCREMENT,
  `user_id` int(11) DEFAULT NULL,
  `name` varchar(255) CHARACTER SET utf8mb4 COLLATE utf8mb4_unicode_ci NOT NULL,
  `secret` varchar(100) CHARACTER SET utf8mb4 COLLATE utf8mb4_unicode_ci NOT NULL,
  `redirect` text CHARACTER SET utf8mb4 COLLATE utf8mb4_unicode_ci NOT NULL,
  `personal_access_client` tinyint(1) NOT NULL,
  `password_client` tinyint(1) NOT NULL,
  `revoked` tinyint(1) NOT NULL,
  `created_at` timestamp NULL DEFAULT NULL,
  `updated_at` timestamp NULL DEFAULT NULL,
  PRIMARY KEY (`id`),
  KEY `oauth_clients_user_id_index` (`user_id`)
) ENGINE=InnoDB AUTO_INCREMENT=3 DEFAULT CHARSET=utf8mb4 COLLATE=utf8mb4_unicode_ci;

INSERT INTO `oauth_clients` (`id`, `user_id`, `name`, `secret`, `redirect`, `personal_access_client`, `password_client`, `revoked`, `created_at`, `updated_at`) VALUES
(1,	NULL,	'Laravel Personal Access Client',	'kxMN9N1dYZuPfzvGebRsyNbohhod9q0s7azMNSKK',	'http://localhost',	1,	0,	0,	'2018-11-01 11:26:27',	'2018-11-01 11:26:27'),
(2,	NULL,	'Laravel Password Grant Client',	'Yu1Xr6p70iqQ1Tq5osyahSjOXKJlsFcBoWi5Yb0G',	'http://localhost',	0,	1,	0,	'2018-11-01 11:26:27',	'2018-11-01 11:26:27');

CREATE TABLE `oauth_personal_access_clients` (
  `id` int(10) unsigned NOT NULL AUTO_INCREMENT,
  `client_id` int(11) NOT NULL,
  `created_at` timestamp NULL DEFAULT NULL,
  `updated_at` timestamp NULL DEFAULT NULL,
  PRIMARY KEY (`id`),
  KEY `oauth_personal_access_clients_client_id_index` (`client_id`)
) ENGINE=InnoDB AUTO_INCREMENT=2 DEFAULT CHARSET=utf8mb4 COLLATE=utf8mb4_unicode_ci;

INSERT INTO `oauth_personal_access_clients` (`id`, `client_id`, `created_at`, `updated_at`) VALUES
(1,	1,	'2018-11-01 11:26:27',	'2018-11-01 11:26:27');

CREATE TABLE `oauth_refresh_tokens` (
  `id` varchar(100) CHARACTER SET utf8mb4 COLLATE utf8mb4_unicode_ci NOT NULL,
  `access_token_id` varchar(100) CHARACTER SET utf8mb4 COLLATE utf8mb4_unicode_ci NOT NULL,
  `revoked` tinyint(1) NOT NULL,
  `expires_at` datetime DEFAULT NULL,
  PRIMARY KEY (`id`),
  KEY `oauth_refresh_tokens_access_token_id_index` (`access_token_id`)
) ENGINE=InnoDB DEFAULT CHARSET=utf8mb4 COLLATE=utf8mb4_unicode_ci;


CREATE TABLE `password_resets` (
  `email` varchar(255) CHARACTER SET utf8mb4 COLLATE utf8mb4_unicode_ci NOT NULL,
  `token` varchar(255) CHARACTER SET utf8mb4 COLLATE utf8mb4_unicode_ci NOT NULL,
  `created_at` timestamp NOT NULL DEFAULT CURRENT_TIMESTAMP ON UPDATE CURRENT_TIMESTAMP
) ENGINE=InnoDB DEFAULT CHARSET=utf8mb4 COLLATE=utf8mb4_unicode_ci;


CREATE TABLE `res_cart_tab` (
  `res_cart_lot_id` int(224) NOT NULL AUTO_INCREMENT,
  `customer_info_id` int(254) NOT NULL,
  `offer_amt` int(254) NOT NULL,
  `real_amt` int(254) NOT NULL,
  `paid_amt` int(224) NOT NULL,
  `status` int(254) NOT NULL,
  `order_address` text NOT NULL,
  `res_info_id` int(255) unsigned NOT NULL,
  `rating` float NOT NULL DEFAULT '0',
  `feedback` varchar(5000) NOT NULL DEFAULT 'No Feedback',
  `create_date` datetime NOT NULL DEFAULT CURRENT_TIMESTAMP,
  PRIMARY KEY (`res_cart_lot_id`),
  KEY `res_info_id` (`res_info_id`),
  CONSTRAINT `res_cart_tab_ibfk_1` FOREIGN KEY (`res_info_id`) REFERENCES `res_info_tab` (`res_info_id`)
) ENGINE=InnoDB AUTO_INCREMENT=2 DEFAULT CHARSET=latin1;

INSERT INTO `res_cart_tab` (`res_cart_lot_id`, `customer_info_id`, `offer_amt`, `real_amt`, `paid_amt`, `status`, `order_address`, `res_info_id`, `rating`, `feedback`, `create_date`) VALUES
(1,	1,	100,	500,	200,	0,	'patna',	3,	2,	'No Feedback',	'2018-11-30 21:02:37');

CREATE TABLE `res_food_cat_tab` (
  `res_food_cat_id` int(255) unsigned NOT NULL AUTO_INCREMENT,
  `cat_name` varchar(150) CHARACTER SET utf8 COLLATE utf8_unicode_ci NOT NULL,
  `created_at` timestamp NOT NULL DEFAULT CURRENT_TIMESTAMP,
  `updated_at` timestamp NULL DEFAULT NULL ON UPDATE CURRENT_TIMESTAMP,
  `pic` longtext CHARACTER SET utf8 COLLATE utf8_unicode_ci NOT NULL,
  PRIMARY KEY (`res_food_cat_id`)
) ENGINE=InnoDB AUTO_INCREMENT=6 DEFAULT CHARSET=utf8 COLLATE=utf8_unicode_ci;

INSERT INTO `res_food_cat_tab` (`res_food_cat_id`, `cat_name`, `created_at`, `updated_at`, `pic`) VALUES
(1,	'Breakfast',	'2018-11-22 02:30:47',	NULL,	''),
(2,	'Indian-time',	'2018-11-22 02:31:16',	NULL,	''),
(3,	'Tandoor specially',	'2018-11-22 02:31:16',	NULL,	''),
(4,	'Chinese Specially',	'2018-11-22 02:31:16',	NULL,	''),
(5,	'Combo time',	'2018-11-22 02:31:16',	NULL,	'');

CREATE TABLE `res_food_list_tab` (
  `res_food_list_id` int(255) unsigned NOT NULL AUTO_INCREMENT,
  `food_info` varchar(2000) CHARACTER SET utf8 COLLATE utf8_unicode_ci NOT NULL,
  `pic` longtext CHARACTER SET utf8 COLLATE utf8_unicode_ci NOT NULL,
  `created_at` timestamp NOT NULL DEFAULT CURRENT_TIMESTAMP,
  `updated_at` timestamp NULL DEFAULT NULL ON UPDATE CURRENT_TIMESTAMP,
  `res_food_name` mediumtext CHARACTER SET utf8 COLLATE utf8_unicode_ci NOT NULL,
  PRIMARY KEY (`res_food_list_id`)
) ENGINE=InnoDB AUTO_INCREMENT=97 DEFAULT CHARSET=utf8 COLLATE=utf8_unicode_ci;

INSERT INTO `res_food_list_tab` (`res_food_list_id`, `food_info`, `pic`, `created_at`, `updated_at`, `res_food_name`) VALUES
(1,	'',	'redchili/images/breakfast/assorted-pakoda.jpg',	'2018-11-22 08:15:47',	NULL,	'Veg Pakoda'),
(2,	'',	'redchili/images/breakfast/onion-pakoda.jpg',	'2018-11-22 08:15:47',	NULL,	'Onion Pakoda'),
(3,	'',	'redchili/images/breakfast/assorted-pakoda.jpg',	'2018-11-22 08:15:47',	NULL,	'Chicken Pakoda'),
(4,	'',	'redchili/images/breakfast/french-fries.jpg',	'2018-11-22 08:15:47',	NULL,	'French Fry'),
(5,	'',	'redchili/images/breakfast/paneer-pakoda.jpg',	'2018-11-22 08:15:47',	NULL,	'Paneer Pakoda'),
(6,	'',	'redchili/images/breakfast/drinks.jpg',	'2018-11-22 08:15:47',	NULL,	'Soft Drinks'),
(7,	'',	'redchili/images/breakfast/drinks.jpg',	'2018-11-22 08:15:47',	NULL,	'Masala Drinks'),
(8,	'',	'redchili/images/breakfast/masala-buttermilk.jpg',	'2018-11-22 08:15:47',	NULL,	'Buttern Milk'),
(9,	'',	'redchili/images/breakfast/lime-water.jpg',	'2018-11-22 08:15:47',	NULL,	'Lime Water'),
(10,	'',	'redchili/images/breakfast/mineral-water.jpg',	'2018-11-22 08:15:47',	NULL,	'Mineral Water'),
(11,	'',	'redchili/images/indian_time/papad.jpg',	'2018-11-22 08:15:47',	NULL,	'Papad'),
(12,	'',	'redchili/images/indian_time/masala-papad.jpg',	'2018-11-22 08:15:47',	NULL,	'Masala Papad'),
(13,	'',	'redchili/images/indian_time/papad-bhurji.jpg',	'2018-11-22 08:15:47',	NULL,	'Papad Bhurji'),
(14,	'',	'redchili/images/indian_time/dal-fry.jpg',	'2018-11-22 08:15:47',	NULL,	'Dal Fry'),
(15,	'',	'redchili/images/indian_time/dal-fry.jpg',	'2018-11-22 08:15:47',	NULL,	'Egg Dal Tadka'),
(16,	'',	'redchili/images/indian_time/dal-tadka.jpg',	'2018-11-22 08:15:47',	NULL,	'Dal Tadka'),
(17,	'',	'redchili/images/indian_time/chicken-curry.jpg',	'2018-11-22 08:15:47',	NULL,	'Chicke Masala'),
(18,	'',	'redchili/images/indian_time/chiken-handi.jpg',	'2018-11-22 08:15:47',	NULL,	'Chicken Handi'),
(19,	'',	'redchili/images/indian_time/chicken-curry.jpg',	'2018-11-22 08:15:47',	NULL,	'Chicken curry'),
(20,	'',	'redchili/images/indian_time/kadai-chicken.jpg',	'2018-11-22 08:15:47',	NULL,	'Kadai Chicken'),
(21,	'',	'redchili/images/indian_time/chicken-do-pyaja.jpg',	'2018-11-22 08:15:47',	NULL,	'Chicken Do Pyaja'),
(22,	'',	'redchili/images/indian_time/chicken-butter-masala.jpg',	'2018-11-22 08:15:47',	NULL,	'Chicken Butter Masala'),
(23,	'',	'redchili/images/indian_time/chicken-makhani.jpg',	'2018-11-22 08:15:47',	NULL,	'Chicken Makhani'),
(24,	'',	'redchili/images/indian_time/chicken-tikka-masala.jpg',	'2018-11-22 08:15:47',	NULL,	'Chicken Tikka Masala'),
(25,	'',	'redchili/images/indian_time/chicken-tikka-masala.jpg',	'2018-11-22 08:15:47',	NULL,	'Chicken Tikka Makhani'),
(26,	'',	'redchili/images/indian_time/mutten-roganjosh.jpg',	'2018-11-22 08:15:47',	NULL,	'Mutton Roganjosh'),
(27,	'',	'redchili/images/indian_time/mutton-curry.jpg',	'2018-11-22 08:15:47',	NULL,	'Mutton Curry'),
(28,	'',	'redchili/images/indian_time/mutten-handi.jpg',	'2018-11-22 08:15:47',	NULL,	'Mutton Handi'),
(29,	'',	'redchili/images/indian_time/mutton-kholapuri.jpg',	'2018-11-22 08:15:47',	NULL,	'Mutton Kholapuri'),
(30,	'',	'redchili/images/indian_time/egg-curry.jpg',	'2018-11-22 08:15:47',	NULL,	'Egg Curry'),
(31,	'',	'redchili/images/indian_time/egg-do-pyaja.jpg',	'2018-11-22 08:15:47',	NULL,	'Egg Do Pyaja'),
(32,	'',	'redchili/images/indian_time/egg-bhurji.jpg',	'2018-11-22 08:15:47',	NULL,	'Egg Bhurji'),
(33,	'',	'redchili/images/indian_time/mixed-vegetable.jpg',	'2018-11-22 08:15:47',	NULL,	'Mix Vegetable'),
(34,	'',	'redchili/images/indian_time/jeera-aloo.jpg',	'2018-11-22 08:15:47',	NULL,	'Jeera Aloo'),
(35,	'',	'redchili/images/indian_time/veg-kofta.jpg',	'2018-11-22 08:15:47',	NULL,	'Veg Kofta'),
(36,	'',	'redchili/images/indian_time/parwal-masala.jpg',	'2018-11-22 08:15:47',	NULL,	'Parwal Masala'),
(37,	'',	'redchili/images/indian_time/aloo-palak-sabzi.jpg',	'2018-11-22 08:15:47',	NULL,	'Aloo Palak'),
(38,	'',	'redchili/images/indian_time/aloo-matar.jpg',	'2018-11-22 08:15:47',	NULL,	'Aloo Matar'),
(39,	'',	'redchili/images/indian_time/palak-corn.jpg',	'2018-11-22 08:15:47',	NULL,	'Corn Palak'),
(40,	'',	'redchili/images/indian_time/mushroom-masala.jpg',	'2018-11-22 08:15:47',	NULL,	'Mushroom Masala'),
(41,	'',	'redchili/images/indian_time/mashroom-do-pyaja.jpg',	'2018-11-22 08:15:47',	NULL,	'Mushroom Do Pyaja'),
(42,	'',	'redchili/images/indian_time/kadai-paneer.jpg',	'2018-11-22 08:15:47',	NULL,	'Kadai Mushroom'),
(43,	'',	'redchili/images/indian_time/baby-corn-masala.jpg',	'2018-11-22 08:15:47',	NULL,	'Baby Corn Masala'),
(44,	'',	'redchili/images/indian_time/paneer-butter-masala.jpg',	'2018-11-22 08:15:47',	NULL,	'Paneer Butter Masala'),
(45,	'',	'redchili/images/indian_time/kadai-paneer.jpg',	'2018-11-22 08:15:47',	NULL,	'Paneer Kadai'),
(46,	'',	'redchili/images/indian_time/paneer-labbder.jpg',	'2018-11-22 08:15:47',	NULL,	'Paneer Labbder'),
(47,	'',	'redchili/images/indian_time/matar-paneer.jpg',	'2018-11-22 08:15:47',	NULL,	'Matar Paneer'),
(48,	'',	'redchili/images/indian_time/paneer-kolapuri.jpg',	'2018-11-22 08:15:47',	NULL,	'Paneer Kolapuri'),
(49,	'',	'redchili/images/indian_time/pl-curd.jpg',	'2018-11-22 08:15:47',	NULL,	'PL Curd'),
(50,	'',	'redchili/images/indian_time/mix-raita.jpg',	'2018-11-22 08:15:47',	NULL,	'Mix Raita'),
(51,	'',	'redchili/images/indian_time/green-salad.jpeg',	'2018-11-22 08:15:47',	NULL,	'Green Salad'),
(52,	'',	'redchili/images/indian_time/lacha-onion-salad.jpg',	'2018-11-22 08:15:47',	NULL,	'Lachha Onion Salad'),
(53,	'',	'redchili/images/tandoor_specially/paneer-tikka.jpg',	'2018-11-22 08:15:47',	NULL,	'Paneer Tikka'),
(54,	'',	'redchili/images/tandoor_specially/paneer-achari-tikka.jpg',	'2018-11-22 08:15:47',	NULL,	'Paneer Achari Tikka'),
(55,	'',	'redchili/images/tandoor_specially/veg_Seekh_Kabab.jpg',	'2018-11-22 08:15:47',	NULL,	'Veg Seekh Kabab'),
(56,	'',	'redchili/images/tandoor_specially/paneer-ajwaini-tikka.jpg',	'2018-11-22 08:15:47',	NULL,	'Veg Tikka'),
(57,	'',	'redchili/images/tandoor_specially/chicken-tikka.jpg',	'2018-11-22 08:15:47',	NULL,	'Chiken Tikka'),
(58,	'',	'redchili/images/tandoor_specially/tandoori-chicken.jpg',	'2018-11-22 08:15:47',	NULL,	'Chicken Tandoor'),
(59,	'',	'redchili/images/tandoor_specially/tangri-kabab.jpg',	'2018-11-22 08:15:47',	NULL,	'Tangri Kabab'),
(60,	'',	'redchili/images/tandoor_specially/kalmi_kebab_3.jpg',	'2018-11-22 08:15:47',	NULL,	'Tandoori Wings'),
(61,	'',	'redchili/images/tandoor_specially/rice-biryani.jpg',	'2018-11-22 08:15:47',	NULL,	'PL Rice'),
(62,	'',	'redchili/images/tandoor_specially/pulao.jpg',	'2018-11-22 08:15:47',	NULL,	'Pulao(Veg/Jeera/Peas)'),
(63,	'',	'redchili/images/tandoor_specially/paneer-biryani.jpg',	'2018-11-22 08:15:47',	NULL,	'Veg Biryani'),
(64,	'',	'redchili/images/tandoor_specially/paneer-biryani.jpg',	'2018-11-22 08:15:47',	NULL,	'Paneer Biryani'),
(65,	'',	'redchili/images/tandoor_specially/chicken-biryani.jpg',	'2018-11-22 08:15:47',	NULL,	'Chicken Biryani'),
(66,	'',	'redchili/images/tandoor_specially/mutton-biryani.jpg',	'2018-11-22 08:15:47',	NULL,	'Mutton Biryani'),
(67,	'',	'redchili/images/tandoor_specially/Butter-Naan.jpg',	'2018-11-22 08:15:47',	NULL,	'Naan/BT Naan'),
(68,	'',	'redchili/images/tandoor_specially/pl-naan.jpg',	'2018-11-22 08:15:47',	NULL,	'PL Naan'),
(69,	'',	'redchili/images/tandoor_specially/masala-kulcha.jpg',	'2018-11-22 08:15:47',	NULL,	'Masala Kulchi'),
(70,	'',	'redchili/images/tandoor_specially/paneer-kulcha.jpg',	'2018-11-22 08:15:47',	NULL,	'Paneer Kulcha'),
(71,	'',	'redchili/images/tandoor_specially/tandoori_roti.jpg',	'2018-11-22 08:15:47',	NULL,	'TD Roti'),
(72,	'',	'redchili/images/tandoor_specially/lachha-paratha.jpg',	'2018-11-22 08:15:47',	NULL,	'Lachha Paratha'),
(73,	'',	'redchili/images/tandoor_specially/butter-roti.jpg',	'2018-11-22 08:15:47',	NULL,	'BT / Roti'),
(74,	'',	'redchili/images/chinese_recipe/veg-manchow.jpg',	'2018-11-22 08:15:47',	NULL,	'Veg Manchow'),
(75,	'',	'redchili/images/chinese_recipe/veg-hot-and-sour.jpg',	'2018-11-22 08:15:47',	NULL,	'Veg hot & sour'),
(76,	'',	'redchili/images/chinese_recipe/veg-noodles.jpg',	'2018-11-22 08:15:47',	NULL,	'Veg noodles'),
(77,	'',	'redchili/images/chinese_recipe/veg-coriender.jpg',	'2018-11-22 08:15:47',	NULL,	'Veg Coriender'),
(78,	'',	'redchili/images/chinese_recipe/veg-fried-rice.jpg',	'2018-11-22 08:15:47',	NULL,	'Veg fried rice'),
(79,	'',	'redchili/images/chinese_recipe/chicken-fried-rice.jpg',	'2018-11-22 08:15:47',	NULL,	'Chicken/ Mix Fried Rice'),
(80,	'',	'redchili/images/chinese_recipe/veg-chowmin.jpg',	'2018-11-22 08:15:47',	NULL,	'Veg Chowmin'),
(81,	'',	'redchili/images/chinese_recipe/chicken-chowmein.jpg',	'2018-11-22 08:15:47',	NULL,	'Chicken/ Mix Chowmin'),
(82,	'',	'redchili/images/chinese_recipe/chilli-chicken.jpg',	'2018-11-22 08:15:47',	NULL,	'Chicken Chilli'),
(83,	'',	'redchili/images/chinese_recipe/chicken-manchurian.jpg',	'2018-11-22 08:15:47',	NULL,	'Chicken Manchurian'),
(84,	'',	'redchili/images/chinese_recipe/chicken-lolipop.jpg',	'2018-11-22 08:15:47',	NULL,	'Chicken Lolipop'),
(85,	'',	'redchili/images/chinese_recipe/garlic-chicken.jpeg',	'2018-11-22 08:15:47',	NULL,	'Garlic Chicken'),
(86,	'',	'redchili/images/chinese_recipe/garlic-chicken.jpg',	'2018-11-22 08:15:47',	NULL,	'Chilli wings'),
(87,	'',	'redchili/images/chinese_recipe/paneer-chilli.jpg',	'2018-11-22 08:15:47',	NULL,	'Chilli Paneer'),
(88,	'',	'redchili/images/chinese_recipe/veg-manchurian.jpg',	'2018-11-22 08:15:47',	NULL,	'Veg Manchurian'),
(89,	'',	'redchili/images/chinese_recipe/paneer-manchurian.jpg',	'2018-11-22 08:15:47',	NULL,	'Paneer Manchurian'),
(90,	'',	'redchili/images/chinese_recipe/mushroom-chilli.jpg',	'2018-11-22 08:15:47',	NULL,	'Mashroom Chilli'),
(91,	'',	'redchili/images/chinese_recipe/garlic-paneer.jpg',	'2018-11-22 08:15:47',	NULL,	'Garlic Paneer'),
(92,	'',	'redchili/images/combo/veg-special-thali.jpg',	'2018-11-22 08:15:47',	NULL,	'Veg Spl Thali'),
(93,	'',	'redchili/images/combo/veg-thali.jpg',	'2018-11-22 08:15:47',	NULL,	'Veg Thali'),
(94,	'',	'redchili/images/combo/chicken-thali.jpg',	'2018-11-22 08:15:47',	NULL,	'Chicken Thali'),
(95,	'',	'redchili/images/combo/mutton-thali.jpg',	'2018-11-22 08:15:47',	NULL,	'Mutton Thali'),
(96,	'',	'redchili/images/combo/egg-thali.jpg',	'2018-11-22 08:15:47',	NULL,	'Egg Thali');

CREATE TABLE `res_food_map_tab` (
  `res_food_map_id` int(255) unsigned NOT NULL,
  `res_food_cat_id` int(255) unsigned NOT NULL,
  `res_food_subcat_id` int(255) unsigned NOT NULL,
  `res_food_list_id` int(255) unsigned NOT NULL,
  `created_at` timestamp NOT NULL DEFAULT CURRENT_TIMESTAMP,
  `updated_at` timestamp NOT NULL DEFAULT CURRENT_TIMESTAMP ON UPDATE CURRENT_TIMESTAMP,
  `unit_id` int(224) NOT NULL,
  `price` int(224) NOT NULL,
  `quantity` int(224) NOT NULL,
  PRIMARY KEY (`res_food_map_id`)
) ENGINE=InnoDB DEFAULT CHARSET=utf8 COLLATE=utf8_unicode_ci;

INSERT INTO `res_food_map_tab` (`res_food_map_id`, `res_food_cat_id`, `res_food_subcat_id`, `res_food_list_id`, `created_at`, `updated_at`, `unit_id`, `price`, `quantity`) VALUES
(1,	1,	1,	1,	'2018-11-22 08:15:47',	'2018-11-30 16:37:37',	1,	60,	1),
(2,	1,	1,	2,	'2018-11-22 08:15:47',	'2018-11-30 16:37:37',	1,	60,	1),
(3,	1,	1,	3,	'2018-11-22 08:15:47',	'2018-11-30 16:37:37',	1,	100,	1),
(4,	1,	1,	4,	'2018-11-22 08:15:47',	'2018-11-30 16:37:37',	1,	60,	1),
(5,	1,	1,	5,	'2018-11-22 08:15:47',	'2018-11-30 16:37:37',	1,	80,	1),
(6,	1,	2,	6,	'2018-11-22 08:15:47',	'2018-11-30 16:37:37',	1,	20,	1),
(7,	1,	2,	7,	'2018-11-22 08:15:47',	'2018-11-30 16:37:37',	1,	25,	1),
(8,	1,	2,	8,	'2018-11-22 08:15:47',	'2018-11-30 16:37:37',	1,	25,	1),
(9,	1,	2,	9,	'2018-11-22 08:15:47',	'2018-11-30 16:37:37',	1,	15,	1),
(10,	1,	2,	10,	'2018-11-22 08:15:47',	'2018-11-30 16:37:37',	1,	20,	1),
(11,	2,	3,	11,	'2018-11-22 08:15:47',	'2018-11-30 16:37:37',	1,	10,	1),
(12,	2,	3,	12,	'2018-11-22 08:15:47',	'2018-11-30 16:37:37',	1,	25,	1),
(13,	2,	3,	13,	'2018-11-22 08:15:47',	'2018-11-30 16:37:37',	1,	25,	1),
(14,	2,	4,	14,	'2018-11-22 08:15:47',	'2018-11-30 16:37:37',	1,	60,	1),
(15,	2,	4,	15,	'2018-11-22 08:15:47',	'2018-11-30 16:37:37',	1,	80,	1),
(16,	2,	4,	16,	'2018-11-22 08:15:47',	'2018-11-30 16:37:37',	1,	50,	1),
(17,	2,	5,	17,	'2018-11-22 08:15:47',	'2018-11-30 16:37:37',	1,	150,	1),
(18,	2,	5,	18,	'2018-11-22 08:15:47',	'2018-11-30 16:37:37',	1,	160,	1),
(19,	2,	5,	19,	'2018-11-22 08:15:47',	'2018-11-30 16:37:37',	1,	150,	1),
(20,	2,	5,	20,	'2018-11-22 08:15:47',	'2018-11-30 16:37:37',	1,	180,	1),
(21,	2,	5,	21,	'2018-11-22 08:15:47',	'2018-11-30 16:37:37',	1,	160,	1),
(22,	2,	5,	22,	'2018-11-22 08:15:47',	'2018-11-30 16:37:37',	1,	200,	1),
(23,	2,	5,	23,	'2018-11-22 08:15:47',	'2018-11-30 16:37:37',	1,	200,	1),
(24,	2,	5,	24,	'2018-11-22 08:15:47',	'2018-11-30 16:37:37',	1,	180,	1),
(25,	2,	5,	25,	'2018-11-22 08:15:47',	'2018-11-30 16:37:37',	1,	200,	1),
(26,	2,	5,	26,	'2018-11-22 08:15:47',	'2018-11-30 16:37:37',	1,	210,	1),
(27,	2,	5,	27,	'2018-11-22 08:15:47',	'2018-11-30 16:37:37',	1,	210,	1),
(28,	2,	5,	28,	'2018-11-22 08:15:47',	'2018-11-30 16:37:37',	1,	230,	1),
(29,	2,	5,	29,	'2018-11-22 08:15:47',	'2018-11-30 16:37:37',	1,	80,	1),
(30,	2,	5,	30,	'2018-11-22 08:15:47',	'2018-11-30 16:37:37',	1,	100,	1),
(31,	2,	5,	31,	'2018-11-22 08:15:47',	'2018-11-30 16:37:37',	1,	80,	1),
(32,	2,	5,	32,	'2018-11-22 08:15:47',	'2018-11-30 16:37:37',	1,	60,	1),
(33,	2,	6,	33,	'2018-11-22 08:15:47',	'2018-11-30 16:37:37',	1,	120,	1),
(34,	2,	6,	34,	'2018-11-22 08:15:47',	'2018-11-30 16:37:37',	1,	80,	1),
(35,	2,	6,	35,	'2018-11-22 08:15:47',	'2018-11-30 16:37:37',	1,	120,	1),
(36,	2,	6,	36,	'2018-11-22 08:15:47',	'2018-11-30 16:37:37',	1,	80,	1),
(37,	2,	6,	37,	'2018-11-22 08:15:47',	'2018-11-30 16:37:37',	1,	100,	1),
(38,	2,	6,	38,	'2018-11-22 08:15:47',	'2018-11-30 16:37:37',	1,	100,	1),
(39,	2,	6,	39,	'2018-11-22 08:15:47',	'2018-11-30 16:37:37',	1,	130,	1),
(40,	2,	6,	40,	'2018-11-22 08:15:47',	'2018-11-30 16:37:37',	1,	140,	1),
(41,	2,	6,	41,	'2018-11-22 08:15:47',	'2018-11-30 16:37:37',	1,	150,	1),
(42,	2,	6,	42,	'2018-11-22 08:15:47',	'2018-11-30 16:37:37',	1,	150,	1),
(43,	2,	6,	43,	'2018-11-22 08:15:47',	'2018-11-30 16:37:37',	1,	140,	1),
(44,	2,	6,	44,	'2018-11-22 08:15:47',	'2018-11-30 16:37:37',	1,	130,	1),
(45,	2,	6,	45,	'2018-11-22 08:15:47',	'2018-11-30 16:37:37',	1,	140,	1),
(46,	2,	6,	46,	'2018-11-22 08:15:47',	'2018-11-30 16:37:37',	1,	140,	1),
(47,	2,	6,	47,	'2018-11-22 08:15:47',	'2018-11-30 16:37:37',	1,	140,	1),
(48,	2,	6,	48,	'2018-11-22 08:15:47',	'2018-11-30 16:37:37',	1,	140,	1),
(49,	2,	7,	49,	'2018-11-22 08:15:47',	'2018-11-30 16:37:37',	1,	30,	1),
(50,	2,	7,	50,	'2018-11-22 08:15:47',	'2018-11-30 16:37:37',	1,	30,	1),
(51,	2,	8,	51,	'2018-11-22 08:15:47',	'2018-11-30 16:37:37',	1,	40,	1),
(52,	2,	8,	52,	'2018-11-22 08:15:47',	'2018-11-30 16:37:37',	1,	40,	1),
(53,	3,	6,	53,	'2018-11-22 08:15:47',	'2019-01-17 16:45:22',	1,	140,	1),
(54,	3,	6,	54,	'2018-11-22 08:15:47',	'2019-01-17 16:45:22',	1,	150,	1),
(55,	3,	6,	55,	'2018-11-22 08:15:47',	'2019-01-17 16:45:22',	1,	110,	1),
(56,	3,	6,	56,	'2018-11-22 08:15:47',	'2019-01-17 16:45:22',	1,	110,	1),
(57,	3,	5,	57,	'2018-11-22 08:15:47',	'2018-11-30 16:37:37',	1,	150,	1),
(58,	3,	5,	58,	'2018-11-22 08:15:47',	'2019-01-17 16:24:43',	1,	120,	1),
(59,	3,	5,	59,	'2018-11-22 08:15:47',	'2019-01-17 16:24:43',	1,	160,	1),
(60,	3,	5,	60,	'2018-11-22 08:15:47',	'2019-01-17 16:24:43',	1,	180,	1),
(61,	3,	11,	61,	'2018-11-22 08:15:47',	'2018-11-30 16:37:37',	1,	40,	1),
(62,	3,	11,	62,	'2018-11-22 08:15:47',	'2018-11-30 16:37:37',	1,	70,	1),
(63,	3,	11,	63,	'2018-11-22 08:15:47',	'2018-11-30 16:37:37',	1,	110,	1),
(64,	3,	11,	64,	'2018-11-22 08:15:47',	'2018-11-30 16:37:37',	1,	120,	1),
(65,	3,	11,	65,	'2018-11-22 08:15:47',	'2018-11-30 16:37:37',	1,	150,	1),
(66,	3,	11,	66,	'2018-11-22 08:15:47',	'2018-11-30 16:37:37',	1,	180,	1),
(67,	3,	12,	67,	'2018-11-22 08:15:47',	'2018-11-30 16:37:37',	1,	25,	1),
(68,	3,	12,	68,	'2018-11-22 08:15:47',	'2018-11-30 16:37:37',	1,	20,	1),
(69,	3,	12,	69,	'2018-11-22 08:15:47',	'2018-11-30 16:37:37',	1,	40,	1),
(70,	3,	12,	70,	'2018-11-22 08:15:47',	'2018-11-30 16:37:37',	1,	35,	1),
(71,	3,	12,	71,	'2018-11-22 08:15:47',	'2018-11-30 16:37:37',	1,	10,	1),
(72,	3,	12,	72,	'2018-11-22 08:15:47',	'2018-11-30 16:37:37',	1,	30,	1),
(73,	3,	12,	73,	'2018-11-22 08:15:47',	'2018-11-30 16:37:37',	1,	15,	1),
(74,	4,	13,	74,	'2018-11-22 08:15:47',	'2018-11-30 16:37:37',	1,	80,	1),
(75,	4,	13,	75,	'2018-11-22 08:15:47',	'2018-11-30 16:37:37',	1,	80,	1),
(76,	4,	13,	76,	'2018-11-22 08:15:47',	'2018-11-30 16:37:37',	1,	80,	1),
(77,	4,	13,	77,	'2018-11-22 08:15:47',	'2018-11-30 16:37:37',	1,	90,	1),
(78,	4,	14,	78,	'2018-11-22 08:15:47',	'2018-11-30 16:37:37',	1,	60,	1),
(79,	4,	14,	79,	'2018-11-22 08:15:47',	'2018-11-30 16:37:37',	1,	110,	1),
(80,	4,	14,	80,	'2018-11-22 08:15:47',	'2018-11-30 16:37:37',	1,	80,	1),
(81,	4,	14,	81,	'2018-11-22 08:15:47',	'2018-11-30 16:37:37',	1,	110,	1),
(82,	4,	5,	82,	'2018-11-22 08:15:47',	'2019-01-17 16:25:00',	1,	140,	1),
(83,	4,	5,	83,	'2018-11-22 08:15:47',	'2019-01-17 16:25:00',	1,	140,	1),
(84,	4,	5,	84,	'2018-11-22 08:15:47',	'2019-01-17 16:25:00',	1,	180,	1),
(85,	4,	5,	85,	'2018-11-22 08:15:47',	'2019-01-17 16:25:00',	1,	140,	1),
(86,	4,	5,	86,	'2018-11-22 08:15:47',	'2019-01-17 16:25:00',	1,	140,	1),
(87,	4,	6,	87,	'2018-11-22 08:15:47',	'2019-01-17 16:45:22',	1,	120,	1),
(88,	4,	6,	88,	'2018-11-22 08:15:47',	'2019-01-17 16:45:22',	1,	110,	1),
(89,	4,	6,	89,	'2018-11-22 08:15:47',	'2019-01-17 16:45:22',	1,	120,	1),
(90,	4,	6,	90,	'2018-11-22 08:15:47',	'2019-01-17 16:45:22',	1,	130,	1),
(91,	4,	6,	91,	'2018-11-22 08:15:47',	'2019-01-17 16:45:22',	1,	120,	1),
(92,	5,	17,	92,	'2018-11-22 08:15:47',	'2018-11-30 16:37:37',	1,	90,	1),
(93,	5,	17,	93,	'2018-11-22 08:15:47',	'2018-11-30 16:37:37',	1,	60,	1),
(94,	5,	17,	94,	'2018-11-22 08:15:47',	'2018-11-30 16:37:37',	1,	80,	1),
(95,	5,	17,	95,	'2018-11-22 08:15:47',	'2018-11-30 16:37:37',	1,	100,	1),
(96,	5,	17,	96,	'2018-11-22 08:15:47',	'2018-11-30 16:37:37',	1,	70,	1);

CREATE TABLE `res_food_subcat_tab` (
  `res_food_cat_id` int(11) NOT NULL,
  `res_food_subcat_id` int(255) unsigned NOT NULL AUTO_INCREMENT,
  `food_subcat_name` varchar(500) CHARACTER SET utf8 COLLATE utf8_unicode_ci NOT NULL,
  `created_at` timestamp NOT NULL DEFAULT CURRENT_TIMESTAMP,
  `updated_at` timestamp NULL DEFAULT NULL ON UPDATE CURRENT_TIMESTAMP,
  `pic` longtext CHARACTER SET utf8 COLLATE utf8_unicode_ci NOT NULL,
  PRIMARY KEY (`res_food_subcat_id`)
) ENGINE=InnoDB AUTO_INCREMENT=18 DEFAULT CHARSET=utf8 COLLATE=utf8_unicode_ci;

INSERT INTO `res_food_subcat_tab` (`res_food_cat_id`, `res_food_subcat_id`, `food_subcat_name`, `created_at`, `updated_at`, `pic`) VALUES
(1,	1,	'Indian Starter',	'2018-11-22 02:30:47',	NULL,	''),
(1,	2,	'Cool & Fresh',	'2018-11-22 02:30:47',	NULL,	''),
(2,	3,	'Accompanion',	'2018-11-22 02:30:47',	NULL,	''),
(2,	4,	'Dal',	'2018-11-22 02:30:47',	NULL,	''),
(2,	5,	'Non-Vegetarian',	'2018-11-22 02:30:47',	NULL,	''),
(2,	6,	'Vegetarian',	'2018-11-22 02:30:47',	NULL,	''),
(2,	7,	'Dahi Ki Bahar',	'2018-11-22 02:30:47',	NULL,	''),
(2,	8,	'Garden Fresh',	'2018-11-22 02:30:47',	NULL,	''),
(3,	11,	'Rice & Biryani',	'2018-11-22 02:30:47',	NULL,	''),
(3,	12,	'Indian Breads',	'2018-11-22 02:30:47',	NULL,	''),
(4,	13,	'Soup',	'2018-11-22 02:30:47',	NULL,	''),
(4,	14,	'Rice & Noodles',	'2018-11-22 02:30:47',	NULL,	''),
(5,	17,	'Combo',	'2018-11-22 02:30:47',	NULL,	'');

CREATE TABLE `res_info_tab` (
  `name` varchar(255) CHARACTER SET utf8 COLLATE utf8_unicode_ci NOT NULL,
  `res_info_id` int(255) unsigned NOT NULL AUTO_INCREMENT,
  `address` varchar(500) CHARACTER SET utf8 COLLATE utf8_unicode_ci NOT NULL,
  `points` varchar(15) CHARACTER SET utf8 COLLATE utf8_unicode_ci NOT NULL,
  `pic` varchar(5000) CHARACTER SET utf8 COLLATE utf8_unicode_ci DEFAULT NULL,
  `user_id` int(10) NOT NULL,
  `created_date` timestamp NOT NULL DEFAULT CURRENT_TIMESTAMP,
  `updated_at` timestamp NOT NULL,
  `city` varchar(200) CHARACTER SET utf8 COLLATE utf8_unicode_ci DEFAULT NULL,
  `visiblilty` int(10) NOT NULL DEFAULT '1',
  `isDelivry` int(10) NOT NULL DEFAULT '0',
  `DCharge` int(10) NOT NULL DEFAULT '0',
  `state` varchar(200) COLLATE utf8_unicode_ci DEFAULT NULL,
  `pincode` varchar(200) COLLATE utf8_unicode_ci DEFAULT NULL,
  `mobile1` varchar(200) CHARACTER SET utf8 COLLATE utf8_unicode_ci NOT NULL,
  `mobile2` varchar(200) CHARACTER SET utf8 COLLATE utf8_unicode_ci NOT NULL,
  PRIMARY KEY (`res_info_id`)
) ENGINE=InnoDB AUTO_INCREMENT=4 DEFAULT CHARSET=utf8 COLLATE=utf8_unicode_ci;

INSERT INTO `res_info_tab` (`name`, `res_info_id`, `address`, `points`, `pic`, `user_id`, `created_date`, `updated_at`, `city`, `visiblilty`, `isDelivry`, `DCharge`, `state`, `pincode`, `mobile1`, `mobile2`) VALUES
('Bihari Food Palaza',	1,	'Bhagalpur',	'600',	NULL,	48,	'2018-11-22 08:55:12',	'0000-00-00 00:00:00',	'Bhagalpur',	1,	0,	0,	NULL,	NULL,	'',	''),
('Beeru3',	3,	'',	'',	'',	69,	'2019-01-13 08:40:15',	'2019-01-13 09:32:25',	'',	1,	1,	0,	'Bihar',	NULL,	'',	'');

CREATE TABLE `res_order_tab` (
  `res_order_id` int(255) unsigned NOT NULL AUTO_INCREMENT,
  `real_price` varchar(15) CHARACTER SET utf8 COLLATE utf8_unicode_ci NOT NULL,
  `offer_price` varchar(15) CHARACTER SET utf8 COLLATE utf8_unicode_ci NOT NULL,
  `created_at` timestamp NOT NULL DEFAULT CURRENT_TIMESTAMP,
  `updated_at` timestamp NULL DEFAULT NULL ON UPDATE CURRENT_TIMESTAMP,
  `res_food_qun` int(224) NOT NULL,
  `res_cart_id` int(224) NOT NULL,
  `res_map_id` int(224) NOT NULL,
  `status` int(224) NOT NULL DEFAULT '0',
  PRIMARY KEY (`res_order_id`)
) ENGINE=InnoDB AUTO_INCREMENT=3 DEFAULT CHARSET=utf8 COLLATE=utf8_unicode_ci;

INSERT INTO `res_order_tab` (`res_order_id`, `real_price`, `offer_price`, `created_at`, `updated_at`, `res_food_qun`, `res_cart_id`, `res_map_id`, `status`) VALUES
(1,	'50',	'5',	'2018-11-30 20:06:02',	NULL,	1,	1,	1,	0),
(2,	'250',	'0',	'2018-11-30 20:06:33',	NULL,	1,	1,	4,	0);

CREATE TABLE `res_shop_food_tab` (
  `res_shop_food_id` int(255) unsigned NOT NULL AUTO_INCREMENT,
  `res_food_map_id` int(255) unsigned NOT NULL,
  `price` varchar(15) CHARACTER SET utf8 COLLATE utf8_unicode_ci NOT NULL DEFAULT '0',
  `pic` varchar(5000) CHARACTER SET utf8 COLLATE utf8_unicode_ci DEFAULT NULL,
  `rating` varchar(15) CHARACTER SET utf8 COLLATE utf8_unicode_ci DEFAULT NULL,
  `created_at` timestamp NOT NULL DEFAULT CURRENT_TIMESTAMP,
  `updated_at` timestamp NULL DEFAULT NULL ON UPDATE CURRENT_TIMESTAMP,
  `offer` int(224) NOT NULL DEFAULT '0',
  `res_info_id` int(200) NOT NULL,
  `unit_id` int(10) NOT NULL,
  `quantity` int(10) NOT NULL,
  PRIMARY KEY (`res_shop_food_id`)
) ENGINE=InnoDB AUTO_INCREMENT=53 DEFAULT CHARSET=utf8 COLLATE=utf8_unicode_ci;

INSERT INTO `res_shop_food_tab` (`res_shop_food_id`, `res_food_map_id`, `price`, `pic`, `rating`, `created_at`, `updated_at`, `offer`, `res_info_id`, `unit_id`, `quantity`) VALUES
(1,	1,	'60',	NULL,	NULL,	'2019-01-13 08:43:38',	NULL,	0,	3,	1,	1),
(2,	2,	'60',	NULL,	NULL,	'2019-01-13 08:43:38',	NULL,	0,	3,	1,	1),
(3,	3,	'100',	NULL,	NULL,	'2019-01-13 08:43:38',	NULL,	0,	3,	1,	1),
(4,	4,	'60',	NULL,	NULL,	'2019-01-13 08:43:38',	NULL,	0,	3,	1,	1),
(5,	5,	'80',	NULL,	NULL,	'2019-01-13 08:43:38',	NULL,	0,	3,	1,	1),
(6,	6,	'20',	NULL,	NULL,	'2019-01-13 08:43:38',	NULL,	0,	3,	1,	1),
(7,	7,	'25',	NULL,	NULL,	'2019-01-13 08:43:38',	NULL,	0,	3,	1,	1),
(8,	8,	'25',	NULL,	NULL,	'2019-01-13 08:43:38',	NULL,	0,	3,	1,	1),
(9,	9,	'15',	NULL,	NULL,	'2019-01-13 08:43:38',	NULL,	0,	3,	1,	1),
(10,	10,	'20',	NULL,	NULL,	'2019-01-13 08:43:38',	NULL,	0,	3,	1,	1),
(11,	11,	'10',	NULL,	NULL,	'2019-01-13 08:43:38',	NULL,	0,	3,	1,	1),
(12,	12,	'25',	NULL,	NULL,	'2019-01-13 08:43:38',	NULL,	0,	3,	1,	1),
(13,	13,	'25',	NULL,	NULL,	'2019-01-13 08:43:38',	NULL,	0,	3,	1,	1),
(14,	14,	'60',	NULL,	NULL,	'2019-01-13 08:43:38',	NULL,	0,	3,	1,	1),
(15,	15,	'80',	NULL,	NULL,	'2019-01-13 08:43:38',	NULL,	0,	3,	1,	1),
(16,	16,	'50',	NULL,	NULL,	'2019-01-13 08:43:38',	NULL,	0,	3,	1,	1),
(17,	17,	'150',	NULL,	NULL,	'2019-01-13 08:43:38',	NULL,	0,	3,	1,	1),
(18,	18,	'160',	NULL,	NULL,	'2019-01-13 08:43:38',	NULL,	0,	3,	1,	1),
(19,	19,	'150',	NULL,	NULL,	'2019-01-13 08:43:38',	NULL,	0,	3,	1,	1),
(20,	20,	'180',	NULL,	NULL,	'2019-01-13 08:43:38',	NULL,	0,	3,	1,	1),
(21,	21,	'160',	NULL,	NULL,	'2019-01-13 08:43:38',	NULL,	0,	3,	1,	1),
(22,	22,	'200',	NULL,	NULL,	'2019-01-13 08:43:38',	NULL,	0,	3,	1,	1),
(23,	23,	'200',	NULL,	NULL,	'2019-01-13 08:43:38',	NULL,	0,	3,	1,	1),
(24,	24,	'180',	NULL,	NULL,	'2019-01-13 08:43:38',	NULL,	0,	3,	1,	1),
(25,	25,	'200',	NULL,	NULL,	'2019-01-13 08:43:38',	NULL,	0,	3,	1,	1),
(26,	26,	'210',	NULL,	NULL,	'2019-01-13 08:43:38',	NULL,	0,	3,	1,	1),
(27,	27,	'210',	NULL,	NULL,	'2019-01-13 08:43:38',	NULL,	0,	3,	1,	1),
(28,	28,	'230',	NULL,	NULL,	'2019-01-13 08:43:38',	NULL,	0,	3,	1,	1),
(29,	29,	'80',	NULL,	NULL,	'2019-01-13 08:43:38',	NULL,	0,	3,	1,	1),
(30,	30,	'100',	NULL,	NULL,	'2019-01-13 08:43:38',	NULL,	0,	3,	1,	1),
(31,	31,	'80',	NULL,	NULL,	'2019-01-13 08:43:38',	NULL,	0,	3,	1,	1),
(32,	32,	'60',	NULL,	NULL,	'2019-01-13 08:43:38',	NULL,	0,	3,	1,	1),
(33,	33,	'120',	NULL,	NULL,	'2019-01-13 08:43:38',	NULL,	0,	3,	1,	1),
(34,	34,	'80',	NULL,	NULL,	'2019-01-13 08:43:38',	NULL,	0,	3,	1,	1),
(35,	35,	'120',	NULL,	NULL,	'2019-01-13 08:43:38',	NULL,	0,	3,	1,	1),
(36,	36,	'80',	NULL,	NULL,	'2019-01-13 08:43:38',	NULL,	0,	3,	1,	1),
(37,	37,	'100',	NULL,	NULL,	'2019-01-13 08:43:38',	NULL,	0,	3,	1,	1),
(38,	38,	'100',	NULL,	NULL,	'2019-01-13 08:43:38',	NULL,	0,	3,	1,	1),
(39,	39,	'130',	NULL,	NULL,	'2019-01-13 08:43:38',	NULL,	0,	3,	1,	1),
(40,	40,	'140',	NULL,	NULL,	'2019-01-13 08:43:38',	NULL,	0,	3,	1,	1),
(41,	41,	'150',	NULL,	NULL,	'2019-01-13 08:43:38',	NULL,	0,	3,	1,	1),
(42,	42,	'150',	NULL,	NULL,	'2019-01-13 08:43:38',	NULL,	0,	3,	1,	1),
(43,	43,	'140',	NULL,	NULL,	'2019-01-13 08:43:38',	NULL,	0,	3,	1,	1),
(44,	44,	'130',	NULL,	NULL,	'2019-01-13 08:43:38',	NULL,	0,	3,	1,	1),
(45,	45,	'140',	NULL,	NULL,	'2019-01-13 08:43:38',	NULL,	0,	3,	1,	1),
(46,	46,	'140',	NULL,	NULL,	'2019-01-13 08:43:38',	NULL,	0,	3,	1,	1),
(47,	47,	'140',	NULL,	NULL,	'2019-01-13 08:43:38',	NULL,	0,	3,	1,	1),
(48,	48,	'140',	NULL,	NULL,	'2019-01-13 08:43:38',	NULL,	0,	3,	1,	1),
(49,	49,	'30',	NULL,	NULL,	'2019-01-13 08:43:38',	NULL,	0,	3,	1,	1),
(50,	50,	'30',	NULL,	NULL,	'2019-01-13 08:43:38',	NULL,	0,	3,	1,	1),
(51,	51,	'40',	NULL,	NULL,	'2019-01-13 08:43:38',	NULL,	0,	3,	1,	1),
(52,	52,	'40',	NULL,	NULL,	'2019-01-13 08:43:38',	NULL,	0,	3,	1,	1);

CREATE TABLE `unit_tab` (
  `unit_id` int(254) NOT NULL AUTO_INCREMENT,
  `unit_name` varchar(254) NOT NULL,
  PRIMARY KEY (`unit_id`)
) ENGINE=InnoDB AUTO_INCREMENT=19 DEFAULT CHARSET=latin1;

INSERT INTO `unit_tab` (`unit_id`, `unit_name`) VALUES
(1,	'Kg'),
(2,	'Litre'),
(3,	'gram'),
(4,	'ML'),
(5,	'Pound'),
(6,	'Packet'),
(7,	'unit'),
(17,	'plate'),
(18,	'piece');

CREATE TABLE `users` (
  `id` int(10) unsigned NOT NULL AUTO_INCREMENT,
  `name` varchar(255) CHARACTER SET utf8mb4 COLLATE utf8mb4_unicode_ci NOT NULL,
  `email` varchar(255) CHARACTER SET utf8 COLLATE utf8_unicode_ci NOT NULL,
  `email_verified_at` timestamp NOT NULL DEFAULT CURRENT_TIMESTAMP ON UPDATE CURRENT_TIMESTAMP,
  `password` varchar(255) CHARACTER SET utf8mb4 COLLATE utf8mb4_unicode_ci NOT NULL,
  `remember_token` varchar(100) CHARACTER SET utf8mb4 COLLATE utf8mb4_unicode_ci DEFAULT NULL,
  `phone` varchar(224) CHARACTER SET utf8 COLLATE utf8_unicode_ci DEFAULT NULL,
  `noti_token` varchar(1000) CHARACTER SET utf8mb4 COLLATE utf8mb4_unicode_ci DEFAULT NULL,
  `user_type` varchar(254) CHARACTER SET utf8mb4 COLLATE utf8mb4_unicode_ci DEFAULT NULL,
  `status` int(10) DEFAULT '0',
  `created_at` timestamp NOT NULL ON UPDATE CURRENT_TIMESTAMP,
  `updated_at` timestamp NOT NULL,
  PRIMARY KEY (`id`),
  UNIQUE KEY `email` (`email`),
  UNIQUE KEY `phone` (`phone`)
) ENGINE=InnoDB AUTO_INCREMENT=111 DEFAULT CHARSET=utf8mb4 COLLATE=utf8mb4_unicode_ci;

INSERT INTO `users` (`id`, `name`, `email`, `email_verified_at`, `password`, `remember_token`, `phone`, `noti_token`, `user_type`, `status`, `created_at`, `updated_at`) VALUES
(37,	'Beeru',	'rajbeeru61@gmail.com',	'2019-01-30 07:19:50',	'$2y$10$6xHdfx8AYpQHvbZFA/9y0uzf2iWwBN3pkD9w4MgrHDrTgvCj.uXTa',	NULL,	'1234567891',	'ExponentPushToken[fcT5wEC_-6gPlh7FTbJGmt]',	'shop',	1,	'2019-01-30 07:19:50',	'2018-11-16 14:11:51'),
(44,	'Shop4',	'shop4@gmail.com',	'2018-11-18 10:03:37',	'$2y$10$UrY8Z7.ZEhyucJnchKTUsuNKq0e/6Bqsq.k6ej2fjbAhQHeaGycFW',	NULL,	'155737656582',	'Sun Nov 18 2018 15:33:34 GMT+0530 (IST)',	'shop',	1,	'2018-11-18 08:17:01',	'2018-11-18 08:17:01'),
(46,	'Shop2',	'shop2@gmail.com',	'2018-11-18 09:56:57',	'$2y$10$18u2ZctAJ6bWKUjB7oonX.fuJwr5YYYk3AjLJfOiql1zOMol..Jp6',	NULL,	'6545886885',	'Sun Nov 18 2018 15:26:53 GMT+0530 (IST)',	'shop',	1,	'2018-11-18 08:56:57',	'2018-11-18 08:56:57'),
(48,	'Resto',	'resto@gmail.com',	'2018-12-04 03:46:47',	'$2y$10$n6TLH3GvsuSZFouRh97QjuldXn06GgICqWnW7GjUwPQSidIMxPchC',	NULL,	'2233445566',	'ExponentPushToken[_ytAI4Gnmz7ouP35VMkp3G]',	'resto',	1,	'2018-12-04 02:43:24',	'2018-12-04 02:43:24'),
(51,	'Aarav kumar ',	'aaravonly4you@gmail.com',	'2018-12-14 10:35:20',	'$2y$10$3ZxxTtsMZpNXYNaGl3lpfuna9vEoqr56OQ6M2rpy9L4hKlR73mvEe',	NULL,	'8340669783',	'Fri Dec 14 2018 16:05:19 GMT+0530 (IST)',	'worker',	1,	'2018-12-14 09:35:20',	'2018-12-14 09:35:20'),
(55,	'Temp',	'temp@gmail.com',	'2019-01-10 06:39:31',	'$2y$10$PBmCAdrDZE2/nEaWH6U6E.lFmq5QA2Zp4yUfajD/5/DMQs2A9ZAdS',	NULL,	'2134567890',	'Thu Jan 10 2019 12:09:18 GMT+0530 (IST)',	'shop',	1,	'2019-01-10 06:39:31',	'2019-01-10 06:39:31'),
(56,	'Hello',	'hello@gmail.com',	'2019-01-10 07:08:23',	'$2y$10$8BA3MVGU.TySBHHX3ym3LuC3K0wkaNFPIJpl3Azm5eIcXQ00rjnHO',	NULL,	'5643218520',	'Thu Jan 10 2019 12:38:10 GMT+0530 (IST)',	'shop',	1,	'2019-01-10 07:08:23',	'2019-01-10 07:08:23'),
(57,	'Thomas',	'tomtudu@gmail.com',	'2019-01-29 08:17:29',	'$2y$10$NohO6s3MxouEGPfNDZxHEuaDWbEHQZIW9a152R4IAaCI1AxIf/zA2',	NULL,	'9973070316',	'ExponentPushToken[sLk4FxGutoZRPlLCiSX6eH]',	'shop',	1,	'2019-01-10 09:39:01',	'2019-01-10 09:39:01'),
(63,	'Aarav',	'nishantraj656@gmail.com',	'2019-01-11 13:15:35',	'$2y$10$jtQy/hgTdLkzs9.V1RFQLuVI5uQK6HHsxOFgodrxgg.9Bqt9y/K6O',	NULL,	'8340669782',	'ExponentPushToken[bqfZQ9AkyY4f76o8dmYckI]',	'user',	1,	'2019-01-11 13:15:35',	'2019-01-11 13:15:35'),
(64,	'User',	'user@gmail.com',	'2019-01-13 06:29:05',	'$2y$10$Q0Dz9W/VBa4Ovpd.5Ji8d.rXmneBtCGLlgjJAuTQAMC5d9i8VqdAa',	NULL,	'9939224274',	'ExponentPushToken[bqfZQ9AkyY4f76o8dmYckI]',	'customer',	1,	'2019-01-13 06:29:05',	'2019-01-13 06:29:05'),
(69,	'Beeru3',	'beerub@gmail.com',	'2019-01-18 02:50:59',	'$2y$10$isGcrWE0oCDbwZ4aevZDiO6N9r8bhBvWiLiwvND9DUHEz7gTbJsoW',	NULL,	'9870987052',	'ExponentPushToken[EGQCLyNNI6_sdWQrxH8plR]',	'resto',	1,	'2019-01-13 08:40:15',	'2019-01-13 08:40:15'),
(70,	'User',	'user2@gmail.com',	'2019-01-13 10:21:48',	'$2y$10$AEXl9xjmWYVTwBZXV0KCreOemq4Xs/DwLKC1sX/QqG6bJ5HmXk/Pe',	NULL,	'3623124296',	'ExponentPushToken[bqfZQ9AkyY4f76o8dmYckI]',	'customer',	1,	'2019-01-13 10:21:48',	'2019-01-13 10:21:48'),
(71,	'User',	'user4@gmail.com',	'2019-01-13 10:26:12',	'$2y$10$YCArUNBhEPdtj5gXsggdAOuaiOd9uYjxDcu3tHcdHENU4k9mXdVyi',	NULL,	'3632353268',	'ExponentPushToken[bqfZQ9AkyY4f76o8dmYckI]',	'customer',	1,	'2019-01-13 10:26:12',	'2019-01-13 10:26:12'),
(72,	'name',	'email@emailer.com',	'2019-01-13 10:34:09',	'$2y$10$mWJ6UztxMbkYRwibrdyE4uELlQTTfGhtzfYl1T4ekF0cm0/ES7MpG',	NULL,	'198282365',	'notitken',	'worker',	1,	'2019-01-13 10:34:09',	'2019-01-13 10:34:09'),
(73,	'Raju',	'raju@gmail.com',	'2019-01-13 16:56:39',	'$2y$10$h8mhjG87gzRn.LuvhGGfpueKYBNV9W9uIOdMbiUPwY1rRniwGmv6W',	NULL,	'1234567890',	'ExponentPushToken[vu7Pq9KD48Vdj1xGfksjap]',	'customer',	1,	'2019-01-13 16:56:39',	'2019-01-13 16:56:39'),
(75,	'Raju',	'raju1234@gmail.com',	'2019-01-13 17:03:12',	'$2y$10$4tlJX6UD5ScT2nTQ1JJH4.xhmLJtXR0Q2kqPmfPHQiLTKQhPmglu.',	NULL,	'1234567899',	'ExponentPushToken[vu7Pq9KD48Vdj1xGfksjap]',	'customer',	1,	'2019-01-13 17:03:12',	'2019-01-13 17:03:12'),
(76,	'Raju',	'raju123@gmail.com',	'2019-01-13 17:07:45',	'$2y$10$aowAPh2N8fOSaisGzQEs.ujEMQMC/Ucx/sUecYtcRrC8yeJkVy8gm',	NULL,	'1234567825',	'ExponentPushToken[vu7Pq9KD48Vdj1xGfksjap]',	'customer',	1,	'2019-01-13 17:07:45',	'2019-01-13 17:07:45'),
(77,	'Aalu singh',	'aalu5@gmail.com',	'2019-01-13 17:11:19',	'$2y$10$MIoiGjgKei8rei9kRt/fUOaSlpbFqB1e5jDE1bB8KSJYYIoLfXvMq',	NULL,	'5555555555',	'ExponentPushToken[vu7Pq9KD48Vdj1xGfksjap]',	'user',	1,	'2019-01-13 17:11:19',	'2019-01-13 17:11:19'),
(78,	'Aalu',	'aalu9@gmail.com',	'2019-01-13 17:15:33',	'$2y$10$YZCev4mGw4zccRZqWqyIR.UydZ0sTXIUn06WD2F4/18/d2nny9Iga',	NULL,	'1234567888',	'ExponentPushToken[vu7Pq9KD48Vdj1xGfksjap]',	'user',	1,	'2019-01-13 17:15:33',	'2019-01-13 17:15:33'),
(79,	'Rahul kumar',	'rahul@gmail.com',	'2019-01-14 03:06:51',	'$2y$10$DBE5/eSBS8luKzZ36w60He8x7MCgJ2OZoYQfW3P9g8ocSrAQWWlF2',	NULL,	'9786453129',	'ExponentPushToken[3bsArgAfWBJ6oom5IgYyqt]',	'customer',	1,	'2019-01-14 03:06:51',	'2019-01-14 03:06:51'),
(82,	'User',	'user8@gmail.com',	'2019-01-14 17:41:55',	'$2y$10$sgSSP4v9FwJq1ZE539/OCOiZcKPcPykBJYwpga.ShjHz35EzL3eha',	NULL,	'3639235236',	'ExponentPushToken[bqfZQ9AkyY4f76o8dmYckI]',	'customer',	1,	'2019-01-14 17:41:55',	'2019-01-14 17:41:55'),
(83,	'User',	'user9@gmail.com',	'2019-01-15 03:32:44',	'$2y$10$cyRr62BcMkUFOfY6eeYe3.x.BAsaKwwFDBKERtiGb8d2B3U2DIEmu',	NULL,	'9393238525',	'ExponentPushToken[B7PRBFFVjB9ZkRCdFjns9s]',	'user',	1,	'2019-01-15 03:32:44',	'2019-01-15 03:32:44'),
(85,	'Userone',	'user1@gmail.com',	'2019-01-21 10:14:18',	'$2y$10$NcpRN9IED68nXjlAozafzOIHswHq6u.Nyeh69bWdGlGgF4pZ5zF6i',	NULL,	'3632639568',	'ExponentPushToken[bqfZQ9AkyY4f76o8dmYckI]',	'user',	1,	'2019-01-21 10:14:18',	'2019-01-21 10:14:18'),
(86,	'Rahul kumar',	'rahul1@gmail.com',	'2019-01-23 05:29:59',	'$2y$10$3ZxxTtsMZpNXYNaGl3lpfuna9vEoqr56OQ6M2rpy9L4hKlR73mvEe',	NULL,	'9784651326',	'Wed Jan 23 2019 10:59:58 GMT+0530 (IST)',	'worker',	1,	'2019-01-23 05:29:59',	'2019-01-23 05:29:59'),
(97,	'Aaluwala',	'aaluwala@gmail.com',	'2019-01-25 18:02:32',	'$2y$10$wfh2W0uyev7JT2tAQ4f05uo5j.4P.Ue4cTcgqTi/0l7vYLLclp5Xi',	NULL,	'9308886762',	'ExponentPushToken[dz_fbZM0LQ1Imp3fYKxpDP]',	'user',	1,	'2019-01-25 18:02:32',	'2019-01-25 18:02:32'),
(103,	'Aal',	'aalu55@gmail.com',	'2019-01-25 18:32:33',	'$2y$10$y7imGV5LlXhK/8mzgkHIMemZpu0Xl0dLxJJZ7.rCrCcpZ9jf7nEoK',	NULL,	'8340665286',	'ExponentPushToken[dz_fbZM0LQ1Imp3fYKxpDP]',	'user',	1,	'2019-01-25 18:32:33',	'2019-01-25 18:32:33'),
(104,	'Durga',	'durgamaa@gmail.com',	'2019-01-25 23:28:12',	'$2y$10$1OlzaWJ2PVwRGSPrnpdruekPpJ7TtOp8AIjDaBD1lMcdm0T8aOnaC',	NULL,	'5272672662',	'Sat Jan 26 2019 04:58:11 GMT+0530 (IST)',	'worker',	1,	'2019-01-25 23:28:12',	'2019-01-25 23:28:12'),
(105,	'Shop',	'shop1@gmail.com',	'2019-01-28 07:16:58',	'$2y$10$jNRnnnjcrL3vzjhvKSeWYuV.6fVQHw1VOl3XT3alEm/XmP.DOn8tm',	NULL,	'3623653985',	'ExponentPushToken[T-8Q7pJfBWN2uZ9acIv1NV]',	'shop',	1,	'2019-01-28 07:16:58',	'2019-01-28 07:16:58'),
(106,	'Userfifteen',	'user15@gmail.com',	'2019-01-28 07:38:32',	'$2y$10$CfztCkBc.thQ8JIVI.zSpOiMVGvlzVGzSa6hN9WmtN1S.cp56SaR.',	NULL,	'5236980856',	'ExponentPushToken[IuaLGxJZZv6kOlvbB2V9HG]',	'user',	1,	'2019-01-28 07:38:32',	'2019-01-28 07:38:32'),
(109,	'Sushil Shop Demo',	'sushildemo@gmail.com',	'2019-01-28 12:57:17',	'$2y$10$WPOprKvqNKBM6YPSMZzvlOrWWtef40FHHb3yjLD9GbXhj8V9Afz1m',	NULL,	'7396543218',	'ExponentPushToken[LVEKm8P8ApOf8qbC9-1QMb]',	'shop',	1,	'2019-01-28 12:57:17',	'2019-01-28 12:57:17'),
(110,	'Shoptwo',	'shop3@gmail.com',	'2019-01-29 04:30:10',	'$2y$10$lYFTPm4HsjIImVzwmZP4luB2qnXEISZrbgPfSbXBippn89x0JHcA6',	NULL,	'9323523869',	'ExponentPushToken[T-8Q7pJfBWN2uZ9acIv1NV]',	'shop',	1,	'2019-01-29 04:30:10',	'2019-01-29 04:30:10');

CREATE TABLE `wor_cat_tab` (
  `wor_cat_id` int(255) unsigned NOT NULL AUTO_INCREMENT,
  `wor_cat_name` varchar(254) CHARACTER SET utf8 COLLATE utf8_unicode_ci NOT NULL,
  `wor_cat_pic` varchar(5000) CHARACTER SET utf8 COLLATE utf8_unicode_ci NOT NULL,
  `created_at` timestamp NOT NULL DEFAULT CURRENT_TIMESTAMP,
  `updated_at` timestamp NOT NULL DEFAULT '0000-00-00 00:00:00' ON UPDATE CURRENT_TIMESTAMP,
  PRIMARY KEY (`wor_cat_id`)
) ENGINE=InnoDB AUTO_INCREMENT=4 DEFAULT CHARSET=latin1;

INSERT INTO `wor_cat_tab` (`wor_cat_id`, `wor_cat_name`, `wor_cat_pic`, `created_at`, `updated_at`) VALUES
(1,	'Travel',	'',	'2018-11-23 03:42:12',	'2018-11-23 03:42:56'),
(2,	'Repair',	'',	'2018-11-23 03:42:25',	'2018-11-23 03:43:04'),
(3,	'Software',	'',	'2018-11-23 03:42:48',	'0000-00-00 00:00:00');

CREATE TABLE `wor_info_tab` (
  `wor_info_id` int(255) unsigned NOT NULL AUTO_INCREMENT,
  `name` varchar(500) CHARACTER SET utf8 COLLATE utf8_unicode_ci NOT NULL,
  `state` varchar(150) CHARACTER SET utf8 COLLATE utf8_unicode_ci NOT NULL,
  `city` varchar(150) CHARACTER SET utf8 COLLATE utf8_unicode_ci NOT NULL,
  `pin_code` varchar(15) CHARACTER SET utf8 COLLATE utf8_unicode_ci NOT NULL,
  `address` varchar(5000) CHARACTER SET utf8 COLLATE utf8_unicode_ci NOT NULL,
  `work_hour` varchar(150) CHARACTER SET utf8 COLLATE utf8_unicode_ci NOT NULL,
  `work_exp` varchar(500) CHARACTER SET utf8 COLLATE utf8_unicode_ci NOT NULL,
  `location` varchar(500) CHARACTER SET utf8 COLLATE utf8_unicode_ci DEFAULT NULL,
  `no_of_profile_view` int(15) DEFAULT NULL,
  `no_of_work` int(15) DEFAULT NULL,
  `rating` varchar(15) CHARACTER SET utf8 COLLATE utf8_unicode_ci NOT NULL,
  `pic` varchar(5000) CHARACTER SET utf8 COLLATE utf8_unicode_ci DEFAULT NULL,
  `created_at` timestamp NOT NULL DEFAULT CURRENT_TIMESTAMP,
  `updated_at` timestamp NULL DEFAULT NULL,
  PRIMARY KEY (`wor_info_id`),
  CONSTRAINT `wor_info_tab_ibfk_2` FOREIGN KEY (`wor_info_id`) REFERENCES `users` (`id`) ON DELETE CASCADE ON UPDATE CASCADE
) ENGINE=InnoDB AUTO_INCREMENT=105 DEFAULT CHARSET=utf8 COLLATE=utf8_unicode_ci;

INSERT INTO `wor_info_tab` (`wor_info_id`, `name`, `state`, `city`, `pin_code`, `address`, `work_hour`, `work_exp`, `location`, `no_of_profile_view`, `no_of_work`, `rating`, `pic`, `created_at`, `updated_at`) VALUES
(51,	'Aarav kumar ',	'Bihar',	'BGP',	'812001',	'Nayabazar,Near Hanuman Mandir, House no:31',	'10:00:AM-04:00:PM',	'3',	'',	0,	0,	'0',	'https://i.imgur.com/uj2JaPH.jpg',	'2018-12-14 10:35:20',	NULL),
(72,	'name',	'Bihar',	'BGP',	'812001',	'Nayabazar,Near Hanuman Mandir, House no:31',	'10:00:AM-04:00:PM',	'3',	'',	0,	0,	'0',	'https://i.imgur.com/uj2JaPH.jpg',	'2019-01-13 10:34:09',	NULL),
(86,	'Rahul kumar s',	'Bihar',	'BGP',	'812001',	'Nayabazar,Near Hanuman Mandir, House no:31',	'10:00:AM-04:00:PM',	'3',	'',	0,	0,	'0',	'https://i.imgur.com/uj2JaPH.jpg',	'2019-01-23 05:29:59',	NULL),
(104,	'Durga',	'Bihar',	'BGP',	'812001',	'Nayabazar,Near Hanuman Mandir, House no:31',	'10:00:AM-04:00:PM',	'3',	'',	0,	0,	'0',	'https://i.imgur.com/uj2JaPH.jpg',	'2019-01-25 23:28:12',	NULL);

CREATE TABLE `wor_order_tab` (
  `wor_order_id` int(255) unsigned NOT NULL AUTO_INCREMENT,
  `wor_info_id` int(255) unsigned NOT NULL,
  `wor_subcat_id` int(255) unsigned NOT NULL,
  `customer_info_Id` int(255) unsigned NOT NULL,
  `message` varchar(500) CHARACTER SET utf8 COLLATE utf8_unicode_ci NOT NULL,
  `title` varchar(150) CHARACTER SET utf8 COLLATE utf8_unicode_ci NOT NULL,
  `bill_list` varchar(5000) CHARACTER SET utf8 COLLATE utf8_unicode_ci NOT NULL DEFAULT '[{"list_id":"1","price":"00","work":"Work Name"}]',
  `workPorgressStatus` varchar(5000) CHARACTER SET utf8 COLLATE utf8_unicode_ci NOT NULL DEFAULT '0',
  `created_at` timestamp NOT NULL DEFAULT CURRENT_TIMESTAMP,
  `updated_at` timestamp NULL DEFAULT NULL ON UPDATE CURRENT_TIMESTAMP,
  PRIMARY KEY (`wor_order_id`),
  KEY `wor_info_id` (`wor_info_id`),
  KEY `wor_subcat_id` (`wor_subcat_id`),
  CONSTRAINT `wor_order_tab_ibfk_1` FOREIGN KEY (`wor_info_id`) REFERENCES `wor_info_tab` (`wor_info_id`) ON DELETE CASCADE ON UPDATE CASCADE,
  CONSTRAINT `wor_order_tab_ibfk_2` FOREIGN KEY (`wor_subcat_id`) REFERENCES `wor_subcat_tab` (`wor_subcat_id`) ON DELETE CASCADE ON UPDATE CASCADE
) ENGINE=InnoDB AUTO_INCREMENT=7 DEFAULT CHARSET=utf8 COLLATE=utf8_unicode_ci;

INSERT INTO `wor_order_tab` (`wor_order_id`, `wor_info_id`, `wor_subcat_id`, `customer_info_Id`, `message`, `title`, `bill_list`, `workPorgressStatus`, `created_at`, `updated_at`) VALUES
(1,	104,	1,	79,	'Please come here and corrent my fan',	'Fan Reparing',	'[{\"list_id\":\"1\",\"price\":\"00\",\"work\":\"Work Name\"}]',	'0',	'2019-01-25 23:31:21',	'2019-01-30 16:32:54'),
(4,	86,	12,	103,	'Hire me',	'Yes',	'[{\"list_id\":\"1\",\"price\":\"00\",\"work\":\"Work Name\"}]',	'0',	'2019-01-30 19:04:31',	NULL),
(5,	86,	12,	103,	'Uui',	'Gyt',	'[{\"list_id\":\"1\",\"price\":\"00\",\"work\":\"Work Name\"}]',	'0',	'2019-01-30 19:07:02',	NULL);

CREATE TABLE `wor_rate_tab` (
  `wor_rate_id` int(255) unsigned NOT NULL AUTO_INCREMENT,
  `wor_info_id` int(255) unsigned NOT NULL,
  `wor_subcat_id` int(255) unsigned NOT NULL,
  `min_price` varchar(150) CHARACTER SET utf8 COLLATE utf8_unicode_ci NOT NULL,
  `max_price` varchar(150) CHARACTER SET utf8 COLLATE utf8_unicode_ci DEFAULT NULL,
  `created_at` timestamp NOT NULL DEFAULT CURRENT_TIMESTAMP,
  `updated_at` timestamp NULL DEFAULT NULL,
  PRIMARY KEY (`wor_rate_id`),
  KEY `wor_rate_tab_ibfk_1` (`wor_info_id`),
  KEY `wor_subcat_id` (`wor_subcat_id`),
  CONSTRAINT `wor_rate_tab_ibfk_1` FOREIGN KEY (`wor_info_id`) REFERENCES `wor_info_tab` (`wor_info_id`) ON DELETE CASCADE ON UPDATE CASCADE,
  CONSTRAINT `wor_rate_tab_ibfk_2` FOREIGN KEY (`wor_subcat_id`) REFERENCES `wor_subcat_tab` (`wor_subcat_id`) ON DELETE CASCADE ON UPDATE CASCADE
) ENGINE=InnoDB AUTO_INCREMENT=10 DEFAULT CHARSET=utf8 COLLATE=utf8_unicode_ci;

INSERT INTO `wor_rate_tab` (`wor_rate_id`, `wor_info_id`, `wor_subcat_id`, `min_price`, `max_price`, `created_at`, `updated_at`) VALUES
(1,	72,	5,	'300',	'600',	'2019-01-13 10:34:09',	NULL),
(2,	72,	3,	'250',	'550',	'2019-01-13 10:34:09',	NULL),
(3,	72,	12,	'1000',	'1200',	'2019-01-13 10:34:09',	NULL),
(4,	86,	5,	'300',	'600',	'2019-01-23 05:29:59',	NULL),
(5,	86,	3,	'250',	'550',	'2019-01-23 05:29:59',	NULL),
(6,	86,	12,	'1000',	'1200',	'2019-01-23 05:29:59',	NULL),
(7,	104,	5,	'300',	'600',	'2019-01-25 23:28:12',	NULL),
(8,	104,	3,	'250',	'550',	'2019-01-25 23:28:12',	NULL),
(9,	104,	12,	'1000',	'1200',	'2019-01-25 23:28:12',	NULL);

CREATE TABLE `wor_subcat_tab` (
  `wor_subcat_id` int(255) unsigned NOT NULL AUTO_INCREMENT,
  `wor_cat_id` int(255) unsigned NOT NULL,
  `subcat_name` varchar(250) NOT NULL,
  `pic` varchar(5000) DEFAULT NULL,
  `created_at` timestamp NOT NULL DEFAULT CURRENT_TIMESTAMP,
  `updated_at` timestamp NOT NULL DEFAULT '0000-00-00 00:00:00' ON UPDATE CURRENT_TIMESTAMP,
  PRIMARY KEY (`wor_subcat_id`),
  KEY `wor_cat_id` (`wor_cat_id`),
  CONSTRAINT `wor_subcat_tab_ibfk_1` FOREIGN KEY (`wor_cat_id`) REFERENCES `wor_cat_tab` (`wor_cat_id`) ON DELETE CASCADE ON UPDATE CASCADE
) ENGINE=InnoDB AUTO_INCREMENT=13 DEFAULT CHARSET=utf8;

INSERT INTO `wor_subcat_tab` (`wor_subcat_id`, `wor_cat_id`, `subcat_name`, `pic`, `created_at`, `updated_at`) VALUES
(1,	1,	'Bolero, Sumos',	'',	'2018-11-23 03:43:43',	'0000-00-00 00:00:00'),
(2,	1,	'E-rikshaw',	'',	'2018-11-23 03:43:57',	'0000-00-00 00:00:00'),
(3,	2,	'Electronic appliances',	'',	'2018-11-23 03:44:53',	'0000-00-00 00:00:00'),
(4,	2,	'Home wiring & Fitting',	'',	'2018-11-23 03:45:26',	'0000-00-00 00:00:00'),
(5,	2,	'Computer & Laptops',	'',	'2018-11-23 03:45:50',	'0000-00-00 00:00:00'),
(6,	2,	'Furnitures',	'',	'2018-11-23 03:46:08',	'0000-00-00 00:00:00'),
(7,	2,	'Two Wheeler',	'',	'2018-11-23 03:46:22',	'0000-00-00 00:00:00'),
(8,	2,	'Three Wheeler',	'',	'2018-11-23 03:46:35',	'0000-00-00 00:00:00'),
(9,	2,	'Four Wheeler',	'',	'2018-11-23 03:46:52',	'0000-00-00 00:00:00'),
(10,	3,	'Computer Format',	'',	'2018-11-23 03:47:14',	'0000-00-00 00:00:00'),
(11,	3,	'Drivers & Softwares',	'',	'2018-11-23 03:47:34',	'0000-00-00 00:00:00'),
(12,	3,	'Misc Services',	'',	'2018-11-23 03:47:45',	'0000-00-00 00:00:00');

-- 2019-01-30 19:51:41
